"CubeId";"devwkieffid"
"PublishingDate";"2026-04-09 09:00"

"Date";"D0";"D1";"D2";"Value"
"1999-01-01";"P";"E";"I";
"1999-01-04";"P";"E";"I";
"1999-01-05";"P";"E";"I";
"1999-01-06";"P";"E";"I";
"1999-01-07";"P";"E";"I";
"1999-01-08";"P";"E";"I";
"1999-01-11";"P";"E";"I";
"1999-01-12";"P";"E";"I";
"1999-01-13";"P";"E";"I";
"1999-01-14";"P";"E";"I";
"1999-01-15";"P";"E";"I";
"1999-01-18";"P";"E";"I";
"1999-01-19";"P";"E";"I";
"1999-01-20";"P";"E";"I";
"1999-01-21";"P";"E";"I";
"1999-01-22";"P";"E";"I";
"1999-01-25";"P";"E";"I";
"1999-01-26";"P";"E";"I";
"1999-01-27";"P";"E";"I";
"1999-01-28";"P";"E";"I";
"1999-01-29";"P";"E";"I";
"1999-02-01";"P";"E";"I";
"1999-02-02";"P";"E";"I";
"1999-02-03";"P";"E";"I";
"1999-02-04";"P";"E";"I";
"1999-02-05";"P";"E";"I";
"1999-02-08";"P";"E";"I";
"1999-02-09";"P";"E";"I";
"1999-02-10";"P";"E";"I";
"1999-02-11";"P";"E";"I";
"1999-02-12";"P";"E";"I";
"1999-02-15";"P";"E";"I";
"1999-02-16";"P";"E";"I";
"1999-02-17";"P";"E";"I";
"1999-02-18";"P";"E";"I";
"1999-02-19";"P";"E";"I";
"1999-02-22";"P";"E";"I";
"1999-02-23";"P";"E";"I";
"1999-02-24";"P";"E";"I";
"1999-02-25";"P";"E";"I";
"1999-02-26";"P";"E";"I";
"1999-03-01";"P";"E";"I";
"1999-03-02";"P";"E";"I";
"1999-03-03";"P";"E";"I";
"1999-03-04";"P";"E";"I";
"1999-03-05";"P";"E";"I";
"1999-03-08";"P";"E";"I";
"1999-03-09";"P";"E";"I";
"1999-03-10";"P";"E";"I";
"1999-03-11";"P";"E";"I";
"1999-03-12";"P";"E";"I";
"1999-03-15";"P";"E";"I";
"1999-03-16";"P";"E";"I";
"1999-03-17";"P";"E";"I";
"1999-03-18";"P";"E";"I";
"1999-03-19";"P";"E";"I";
"1999-03-22";"P";"E";"I";
"1999-03-23";"P";"E";"I";
"1999-03-24";"P";"E";"I";
"1999-03-25";"P";"E";"I";
"1999-03-26";"P";"E";"I";
"1999-03-29";"P";"E";"I";
"1999-03-30";"P";"E";"I";
"1999-03-31";"P";"E";"I";
"1999-04-01";"P";"E";"I";
"1999-04-02";"P";"E";"I";
"1999-04-05";"P";"E";"I";
"1999-04-06";"P";"E";"I";
"1999-04-07";"P";"E";"I";
"1999-04-08";"P";"E";"I";
"1999-04-09";"P";"E";"I";
"1999-04-12";"P";"E";"I";
"1999-04-13";"P";"E";"I";
"1999-04-14";"P";"E";"I";
"1999-04-15";"P";"E";"I";
"1999-04-16";"P";"E";"I";
"1999-04-19";"P";"E";"I";
"1999-04-20";"P";"E";"I";
"1999-04-21";"P";"E";"I";
"1999-04-22";"P";"E";"I";
"1999-04-23";"P";"E";"I";
"1999-04-26";"P";"E";"I";
"1999-04-27";"P";"E";"I";
"1999-04-28";"P";"E";"I";
"1999-04-29";"P";"E";"I";
"1999-04-30";"P";"E";"I";
"1999-05-03";"P";"E";"I";
"1999-05-04";"P";"E";"I";
"1999-05-05";"P";"E";"I";
"1999-05-06";"P";"E";"I";
"1999-05-07";"P";"E";"I";
"1999-05-10";"P";"E";"I";
"1999-05-11";"P";"E";"I";
"1999-05-12";"P";"E";"I";
"1999-05-13";"P";"E";"I";
"1999-05-14";"P";"E";"I";
"1999-05-17";"P";"E";"I";
"1999-05-18";"P";"E";"I";
"1999-05-19";"P";"E";"I";
"1999-05-20";"P";"E";"I";
"1999-05-21";"P";"E";"I";
"1999-05-24";"P";"E";"I";
"1999-05-25";"P";"E";"I";
"1999-05-26";"P";"E";"I";
"1999-05-27";"P";"E";"I";
"1999-05-28";"P";"E";"I";
"1999-05-31";"P";"E";"I";
"1999-06-01";"P";"E";"I";
"1999-06-02";"P";"E";"I";
"1999-06-03";"P";"E";"I";
"1999-06-04";"P";"E";"I";
"1999-06-07";"P";"E";"I";
"1999-06-08";"P";"E";"I";
"1999-06-09";"P";"E";"I";
"1999-06-10";"P";"E";"I";
"1999-06-11";"P";"E";"I";
"1999-06-14";"P";"E";"I";
"1999-06-15";"P";"E";"I";
"1999-06-16";"P";"E";"I";
"1999-06-17";"P";"E";"I";
"1999-06-18";"P";"E";"I";
"1999-06-21";"P";"E";"I";
"1999-06-22";"P";"E";"I";
"1999-06-23";"P";"E";"I";
"1999-06-24";"P";"E";"I";
"1999-06-25";"P";"E";"I";
"1999-06-28";"P";"E";"I";
"1999-06-29";"P";"E";"I";
"1999-06-30";"P";"E";"I";
"1999-07-01";"P";"E";"I";
"1999-07-02";"P";"E";"I";
"1999-07-05";"P";"E";"I";
"1999-07-06";"P";"E";"I";
"1999-07-07";"P";"E";"I";
"1999-07-08";"P";"E";"I";
"1999-07-09";"P";"E";"I";
"1999-07-12";"P";"E";"I";
"1999-07-13";"P";"E";"I";
"1999-07-14";"P";"E";"I";
"1999-07-15";"P";"E";"I";
"1999-07-16";"P";"E";"I";
"1999-07-19";"P";"E";"I";
"1999-07-20";"P";"E";"I";
"1999-07-21";"P";"E";"I";
"1999-07-22";"P";"E";"I";
"1999-07-23";"P";"E";"I";
"1999-07-26";"P";"E";"I";
"1999-07-27";"P";"E";"I";
"1999-07-28";"P";"E";"I";
"1999-07-29";"P";"E";"I";
"1999-07-30";"P";"E";"I";
"1999-08-02";"P";"E";"I";
"1999-08-03";"P";"E";"I";
"1999-08-04";"P";"E";"I";
"1999-08-05";"P";"E";"I";
"1999-08-06";"P";"E";"I";
"1999-08-09";"P";"E";"I";
"1999-08-10";"P";"E";"I";
"1999-08-11";"P";"E";"I";
"1999-08-12";"P";"E";"I";
"1999-08-13";"P";"E";"I";
"1999-08-16";"P";"E";"I";
"1999-08-17";"P";"E";"I";
"1999-08-18";"P";"E";"I";
"1999-08-19";"P";"E";"I";
"1999-08-20";"P";"E";"I";
"1999-08-23";"P";"E";"I";
"1999-08-24";"P";"E";"I";
"1999-08-25";"P";"E";"I";
"1999-08-26";"P";"E";"I";
"1999-08-27";"P";"E";"I";
"1999-08-30";"P";"E";"I";
"1999-08-31";"P";"E";"I";
"1999-09-01";"P";"E";"I";
"1999-09-02";"P";"E";"I";
"1999-09-03";"P";"E";"I";
"1999-09-06";"P";"E";"I";
"1999-09-07";"P";"E";"I";
"1999-09-08";"P";"E";"I";
"1999-09-09";"P";"E";"I";
"1999-09-10";"P";"E";"I";
"1999-09-13";"P";"E";"I";
"1999-09-14";"P";"E";"I";
"1999-09-15";"P";"E";"I";
"1999-09-16";"P";"E";"I";
"1999-09-17";"P";"E";"I";
"1999-09-20";"P";"E";"I";
"1999-09-21";"P";"E";"I";
"1999-09-22";"P";"E";"I";
"1999-09-23";"P";"E";"I";
"1999-09-24";"P";"E";"I";
"1999-09-27";"P";"E";"I";
"1999-09-28";"P";"E";"I";
"1999-09-29";"P";"E";"I";
"1999-09-30";"P";"E";"I";
"1999-10-01";"P";"E";"I";
"1999-10-04";"P";"E";"I";
"1999-10-05";"P";"E";"I";
"1999-10-06";"P";"E";"I";
"1999-10-07";"P";"E";"I";
"1999-10-08";"P";"E";"I";
"1999-10-11";"P";"E";"I";
"1999-10-12";"P";"E";"I";
"1999-10-13";"P";"E";"I";
"1999-10-14";"P";"E";"I";
"1999-10-15";"P";"E";"I";
"1999-10-18";"P";"E";"I";
"1999-10-19";"P";"E";"I";
"1999-10-20";"P";"E";"I";
"1999-10-21";"P";"E";"I";
"1999-10-22";"P";"E";"I";
"1999-10-25";"P";"E";"I";
"1999-10-26";"P";"E";"I";
"1999-10-27";"P";"E";"I";
"1999-10-28";"P";"E";"I";
"1999-10-29";"P";"E";"I";
"1999-11-01";"P";"E";"I";
"1999-11-02";"P";"E";"I";
"1999-11-03";"P";"E";"I";
"1999-11-04";"P";"E";"I";
"1999-11-05";"P";"E";"I";
"1999-11-08";"P";"E";"I";
"1999-11-09";"P";"E";"I";
"1999-11-10";"P";"E";"I";
"1999-11-11";"P";"E";"I";
"1999-11-12";"P";"E";"I";
"1999-11-15";"P";"E";"I";
"1999-11-16";"P";"E";"I";
"1999-11-17";"P";"E";"I";
"1999-11-18";"P";"E";"I";
"1999-11-19";"P";"E";"I";
"1999-11-22";"P";"E";"I";
"1999-11-23";"P";"E";"I";
"1999-11-24";"P";"E";"I";
"1999-11-25";"P";"E";"I";
"1999-11-26";"P";"E";"I";
"1999-11-29";"P";"E";"I";
"1999-11-30";"P";"E";"I";
"1999-12-01";"P";"E";"I";
"1999-12-02";"P";"E";"I";
"1999-12-03";"P";"E";"I";
"1999-12-06";"P";"E";"I";
"1999-12-07";"P";"E";"I";
"1999-12-08";"P";"E";"I";
"1999-12-09";"P";"E";"I";
"1999-12-10";"P";"E";"I";
"1999-12-13";"P";"E";"I";
"1999-12-14";"P";"E";"I";
"1999-12-15";"P";"E";"I";
"1999-12-16";"P";"E";"I";
"1999-12-17";"P";"E";"I";
"1999-12-20";"P";"E";"I";
"1999-12-21";"P";"E";"I";
"1999-12-22";"P";"E";"I";
"1999-12-23";"P";"E";"I";
"1999-12-24";"P";"E";"I";
"1999-12-27";"P";"E";"I";
"1999-12-28";"P";"E";"I";
"1999-12-29";"P";"E";"I";
"1999-12-30";"P";"E";"I";
"1999-12-31";"P";"E";"I";
"2000-01-03";"P";"E";"I";
"2000-01-04";"P";"E";"I";
"2000-01-05";"P";"E";"I";
"2000-01-06";"P";"E";"I";
"2000-01-07";"P";"E";"I";
"2000-01-10";"P";"E";"I";
"2000-01-11";"P";"E";"I";
"2000-01-12";"P";"E";"I";
"2000-01-13";"P";"E";"I";
"2000-01-14";"P";"E";"I";
"2000-01-17";"P";"E";"I";
"2000-01-18";"P";"E";"I";
"2000-01-19";"P";"E";"I";
"2000-01-20";"P";"E";"I";
"2000-01-21";"P";"E";"I";
"2000-01-24";"P";"E";"I";
"2000-01-25";"P";"E";"I";
"2000-01-26";"P";"E";"I";
"2000-01-27";"P";"E";"I";
"2000-01-28";"P";"E";"I";
"2000-01-31";"P";"E";"I";
"2000-02-01";"P";"E";"I";
"2000-02-02";"P";"E";"I";
"2000-02-03";"P";"E";"I";
"2000-02-04";"P";"E";"I";
"2000-02-07";"P";"E";"I";
"2000-02-08";"P";"E";"I";
"2000-02-09";"P";"E";"I";
"2000-02-10";"P";"E";"I";
"2000-02-11";"P";"E";"I";
"2000-02-14";"P";"E";"I";
"2000-02-15";"P";"E";"I";
"2000-02-16";"P";"E";"I";
"2000-02-17";"P";"E";"I";
"2000-02-18";"P";"E";"I";
"2000-02-21";"P";"E";"I";
"2000-02-22";"P";"E";"I";
"2000-02-23";"P";"E";"I";
"2000-02-24";"P";"E";"I";
"2000-02-25";"P";"E";"I";
"2000-02-28";"P";"E";"I";
"2000-02-29";"P";"E";"I";
"2000-03-01";"P";"E";"I";
"2000-03-02";"P";"E";"I";
"2000-03-03";"P";"E";"I";
"2000-03-06";"P";"E";"I";
"2000-03-07";"P";"E";"I";
"2000-03-08";"P";"E";"I";
"2000-03-09";"P";"E";"I";
"2000-03-10";"P";"E";"I";
"2000-03-13";"P";"E";"I";
"2000-03-14";"P";"E";"I";
"2000-03-15";"P";"E";"I";
"2000-03-16";"P";"E";"I";
"2000-03-17";"P";"E";"I";
"2000-03-20";"P";"E";"I";
"2000-03-21";"P";"E";"I";
"2000-03-22";"P";"E";"I";
"2000-03-23";"P";"E";"I";
"2000-03-24";"P";"E";"I";
"2000-03-27";"P";"E";"I";
"2000-03-28";"P";"E";"I";
"2000-03-29";"P";"E";"I";
"2000-03-30";"P";"E";"I";
"2000-03-31";"P";"E";"I";
"2000-04-03";"P";"E";"I";
"2000-04-04";"P";"E";"I";
"2000-04-05";"P";"E";"I";
"2000-04-06";"P";"E";"I";
"2000-04-07";"P";"E";"I";
"2000-04-10";"P";"E";"I";
"2000-04-11";"P";"E";"I";
"2000-04-12";"P";"E";"I";
"2000-04-13";"P";"E";"I";
"2000-04-14";"P";"E";"I";
"2000-04-17";"P";"E";"I";
"2000-04-18";"P";"E";"I";
"2000-04-19";"P";"E";"I";
"2000-04-20";"P";"E";"I";
"2000-04-21";"P";"E";"I";
"2000-04-24";"P";"E";"I";
"2000-04-25";"P";"E";"I";
"2000-04-26";"P";"E";"I";
"2000-04-27";"P";"E";"I";
"2000-04-28";"P";"E";"I";
"2000-05-01";"P";"E";"I";
"2000-05-02";"P";"E";"I";
"2000-05-03";"P";"E";"I";
"2000-05-04";"P";"E";"I";
"2000-05-05";"P";"E";"I";
"2000-05-08";"P";"E";"I";
"2000-05-09";"P";"E";"I";
"2000-05-10";"P";"E";"I";
"2000-05-11";"P";"E";"I";
"2000-05-12";"P";"E";"I";
"2000-05-15";"P";"E";"I";
"2000-05-16";"P";"E";"I";
"2000-05-17";"P";"E";"I";
"2000-05-18";"P";"E";"I";
"2000-05-19";"P";"E";"I";
"2000-05-22";"P";"E";"I";
"2000-05-23";"P";"E";"I";
"2000-05-24";"P";"E";"I";
"2000-05-25";"P";"E";"I";
"2000-05-26";"P";"E";"I";
"2000-05-29";"P";"E";"I";
"2000-05-30";"P";"E";"I";
"2000-05-31";"P";"E";"I";
"2000-06-01";"P";"E";"I";
"2000-06-02";"P";"E";"I";
"2000-06-05";"P";"E";"I";
"2000-06-06";"P";"E";"I";
"2000-06-07";"P";"E";"I";
"2000-06-08";"P";"E";"I";
"2000-06-09";"P";"E";"I";
"2000-06-12";"P";"E";"I";
"2000-06-13";"P";"E";"I";
"2000-06-14";"P";"E";"I";
"2000-06-15";"P";"E";"I";
"2000-06-16";"P";"E";"I";
"2000-06-19";"P";"E";"I";
"2000-06-20";"P";"E";"I";
"2000-06-21";"P";"E";"I";
"2000-06-22";"P";"E";"I";
"2000-06-23";"P";"E";"I";
"2000-06-26";"P";"E";"I";
"2000-06-27";"P";"E";"I";
"2000-06-28";"P";"E";"I";
"2000-06-29";"P";"E";"I";
"2000-06-30";"P";"E";"I";
"2000-07-03";"P";"E";"I";
"2000-07-04";"P";"E";"I";
"2000-07-05";"P";"E";"I";
"2000-07-06";"P";"E";"I";
"2000-07-07";"P";"E";"I";
"2000-07-10";"P";"E";"I";
"2000-07-11";"P";"E";"I";
"2000-07-12";"P";"E";"I";
"2000-07-13";"P";"E";"I";
"2000-07-14";"P";"E";"I";
"2000-07-17";"P";"E";"I";
"2000-07-18";"P";"E";"I";
"2000-07-19";"P";"E";"I";
"2000-07-20";"P";"E";"I";
"2000-07-21";"P";"E";"I";
"2000-07-24";"P";"E";"I";
"2000-07-25";"P";"E";"I";
"2000-07-26";"P";"E";"I";
"2000-07-27";"P";"E";"I";
"2000-07-28";"P";"E";"I";
"2000-07-31";"P";"E";"I";
"2000-08-01";"P";"E";"I";
"2000-08-02";"P";"E";"I";
"2000-08-03";"P";"E";"I";
"2000-08-04";"P";"E";"I";
"2000-08-07";"P";"E";"I";
"2000-08-08";"P";"E";"I";
"2000-08-09";"P";"E";"I";
"2000-08-10";"P";"E";"I";
"2000-08-11";"P";"E";"I";
"2000-08-14";"P";"E";"I";
"2000-08-15";"P";"E";"I";
"2000-08-16";"P";"E";"I";
"2000-08-17";"P";"E";"I";
"2000-08-18";"P";"E";"I";
"2000-08-21";"P";"E";"I";
"2000-08-22";"P";"E";"I";
"2000-08-23";"P";"E";"I";
"2000-08-24";"P";"E";"I";
"2000-08-25";"P";"E";"I";
"2000-08-28";"P";"E";"I";
"2000-08-29";"P";"E";"I";
"2000-08-30";"P";"E";"I";
"2000-08-31";"P";"E";"I";
"2000-09-01";"P";"E";"I";
"2000-09-04";"P";"E";"I";
"2000-09-05";"P";"E";"I";
"2000-09-06";"P";"E";"I";
"2000-09-07";"P";"E";"I";
"2000-09-08";"P";"E";"I";
"2000-09-11";"P";"E";"I";
"2000-09-12";"P";"E";"I";
"2000-09-13";"P";"E";"I";
"2000-09-14";"P";"E";"I";
"2000-09-15";"P";"E";"I";
"2000-09-18";"P";"E";"I";
"2000-09-19";"P";"E";"I";
"2000-09-20";"P";"E";"I";
"2000-09-21";"P";"E";"I";
"2000-09-22";"P";"E";"I";
"2000-09-25";"P";"E";"I";
"2000-09-26";"P";"E";"I";
"2000-09-27";"P";"E";"I";
"2000-09-28";"P";"E";"I";
"2000-09-29";"P";"E";"I";
"2000-10-02";"P";"E";"I";
"2000-10-03";"P";"E";"I";
"2000-10-04";"P";"E";"I";
"2000-10-05";"P";"E";"I";
"2000-10-06";"P";"E";"I";
"2000-10-09";"P";"E";"I";
"2000-10-10";"P";"E";"I";
"2000-10-11";"P";"E";"I";
"2000-10-12";"P";"E";"I";
"2000-10-13";"P";"E";"I";
"2000-10-16";"P";"E";"I";
"2000-10-17";"P";"E";"I";
"2000-10-18";"P";"E";"I";
"2000-10-19";"P";"E";"I";
"2000-10-20";"P";"E";"I";
"2000-10-23";"P";"E";"I";
"2000-10-24";"P";"E";"I";
"2000-10-25";"P";"E";"I";
"2000-10-26";"P";"E";"I";
"2000-10-27";"P";"E";"I";
"2000-10-30";"P";"E";"I";
"2000-10-31";"P";"E";"I";
"2000-11-01";"P";"E";"I";
"2000-11-02";"P";"E";"I";
"2000-11-03";"P";"E";"I";
"2000-11-06";"P";"E";"I";
"2000-11-07";"P";"E";"I";
"2000-11-08";"P";"E";"I";
"2000-11-09";"P";"E";"I";
"2000-11-10";"P";"E";"I";
"2000-11-13";"P";"E";"I";
"2000-11-14";"P";"E";"I";
"2000-11-15";"P";"E";"I";
"2000-11-16";"P";"E";"I";
"2000-11-17";"P";"E";"I";
"2000-11-20";"P";"E";"I";
"2000-11-21";"P";"E";"I";
"2000-11-22";"P";"E";"I";
"2000-11-23";"P";"E";"I";
"2000-11-24";"P";"E";"I";
"2000-11-27";"P";"E";"I";
"2000-11-28";"P";"E";"I";
"2000-11-29";"P";"E";"I";
"2000-11-30";"P";"E";"I";"100.3638"
"2000-12-01";"P";"E";"I";"100.0277"
"2000-12-04";"P";"E";"I";"99.7878"
"2000-12-05";"P";"E";"I";"100.1822"
"2000-12-06";"P";"E";"I";"100.0719"
"2000-12-07";"P";"E";"I";"99.8342"
"2000-12-08";"P";"E";"I";"100.1494"
"2000-12-11";"P";"E";"I";"100.2401"
"2000-12-12";"P";"E";"I";"100.7335"
"2000-12-13";"P";"E";"I";"100.7002"
"2000-12-14";"P";"E";"I";"100.6984"
"2000-12-15";"P";"E";"I";"100.5739"
"2000-12-18";"P";"E";"I";"100.5924"
"2000-12-19";"P";"E";"I";"100.6198"
"2000-12-20";"P";"E";"I";"100.1892"
"2000-12-21";"P";"E";"I";"99.4722"
"2000-12-22";"P";"E";"I";"99.3206"
"2000-12-25";"P";"E";"I";"99.3592"
"2000-12-26";"P";"E";"I";"99.416"
"2000-12-27";"P";"E";"I";"99.4442"
"2000-12-28";"P";"E";"I";"99.2105"
"2000-12-29";"P";"E";"I";"99.4323"
"2001-01-01";"P";"E";"I";"99.2851"
"2001-01-02";"P";"E";"I";"99.3404"
"2001-01-03";"P";"E";"I";"99.3969"
"2001-01-04";"P";"E";"I";"99.4195"
"2001-01-05";"P";"E";"I";"98.8217"
"2001-01-08";"P";"E";"I";"98.8232"
"2001-01-09";"P";"E";"I";"99.1943"
"2001-01-10";"P";"E";"I";"99.1509"
"2001-01-11";"P";"E";"I";"98.6951"
"2001-01-12";"P";"E";"I";"98.1382"
"2001-01-15";"P";"E";"I";"97.5946"
"2001-01-16";"P";"E";"I";"98.0414"
"2001-01-17";"P";"E";"I";"98.0502"
"2001-01-18";"P";"E";"I";"98.3646"
"2001-01-19";"P";"E";"I";"98.673"
"2001-01-22";"P";"E";"I";"98.472"
"2001-01-23";"P";"E";"I";"98.2901"
"2001-01-24";"P";"E";"I";"98.5351"
"2001-01-25";"P";"E";"I";"98.635"
"2001-01-26";"P";"E";"I";"98.7912"
"2001-01-29";"P";"E";"I";"98.8424"
"2001-01-30";"P";"E";"I";"99.2264"
"2001-01-31";"P";"E";"I";"98.6763"
"2001-02-01";"P";"E";"I";"98.2426"
"2001-02-02";"P";"E";"I";"98.3033"
"2001-02-05";"P";"E";"I";"97.9359"
"2001-02-06";"P";"E";"I";"98.088"
"2001-02-07";"P";"E";"I";"98.0087"
"2001-02-08";"P";"E";"I";"98.362"
"2001-02-09";"P";"E";"I";"98.4"
"2001-02-12";"P";"E";"I";"98.162"
"2001-02-13";"P";"E";"I";"98.134"
"2001-02-14";"P";"E";"I";"98.3145"
"2001-02-15";"P";"E";"I";"98.4721"
"2001-02-16";"P";"E";"I";"98.3852"
"2001-02-19";"P";"E";"I";"98.3738"
"2001-02-20";"P";"E";"I";"98.3"
"2001-02-21";"P";"E";"I";"98.2824"
"2001-02-22";"P";"E";"I";"98.7946"
"2001-02-23";"P";"E";"I";"98.6987"
"2001-02-26";"P";"E";"I";"98.4328"
"2001-02-27";"P";"E";"I";"98.3735"
"2001-02-28";"P";"E";"I";"98.1682"
"2001-03-01";"P";"E";"I";"98.0598"
"2001-03-02";"P";"E";"I";"98.2389"
"2001-03-05";"P";"E";"I";"98.3009"
"2001-03-06";"P";"E";"I";"98.3733"
"2001-03-07";"P";"E";"I";"98.2179"
"2001-03-08";"P";"E";"I";"98.1014"
"2001-03-09";"P";"E";"I";"97.7991"
"2001-03-12";"P";"E";"I";"97.9256"
"2001-03-13";"P";"E";"I";"98.1376"
"2001-03-14";"P";"E";"I";"98.0439"
"2001-03-15";"P";"E";"I";"97.9601"
"2001-03-16";"P";"E";"I";"98.0888"
"2001-03-19";"P";"E";"I";"98.1706"
"2001-03-20";"P";"E";"I";"98.3109"
"2001-03-21";"P";"E";"I";"98.2093"
"2001-03-22";"P";"E";"I";"98.5197"
"2001-03-23";"P";"E";"I";"98.1711"
"2001-03-26";"P";"E";"I";"98.0752"
"2001-03-27";"P";"E";"I";"97.9598"
"2001-03-28";"P";"E";"I";"98.166"
"2001-03-29";"P";"E";"I";"98.2693"
"2001-03-30";"P";"E";"I";"98.4207"
"2001-04-02";"P";"E";"I";"98.4444"
"2001-04-03";"P";"E";"I";"98.3114"
"2001-04-04";"P";"E";"I";"98.4001"
"2001-04-05";"P";"E";"I";"98.1321"
"2001-04-06";"P";"E";"I";"98.2176"
"2001-04-09";"P";"E";"I";"98.1074"
"2001-04-10";"P";"E";"I";"98.2112"
"2001-04-11";"P";"E";"I";"98.3362"
"2001-04-12";"P";"E";"I";"98.801"
"2001-04-13";"P";"E";"I";"98.7155"
"2001-04-16";"P";"E";"I";"98.642"
"2001-04-17";"P";"E";"I";"98.5584"
"2001-04-18";"P";"E";"I";"98.2809"
"2001-04-19";"P";"E";"I";"97.9723"
"2001-04-20";"P";"E";"I";"97.9724"
"2001-04-23";"P";"E";"I";"98.0576"
"2001-04-24";"P";"E";"I";"98.2761"
"2001-04-25";"P";"E";"I";"97.9816"
"2001-04-26";"P";"E";"I";"97.8523"
"2001-04-27";"P";"E";"I";"97.5572"
"2001-04-30";"P";"E";"I";"97.5813"
"2001-05-01";"P";"E";"I";"97.4374"
"2001-05-02";"P";"E";"I";"97.2903"
"2001-05-03";"P";"E";"I";"97.2827"
"2001-05-04";"P";"E";"I";"97.2689"
"2001-05-07";"P";"E";"I";"97.1566"
"2001-05-08";"P";"E";"I";"97.2369"
"2001-05-09";"P";"E";"I";"97.3825"
"2001-05-10";"P";"E";"I";"97.3506"
"2001-05-11";"P";"E";"I";"97.5721"
"2001-05-14";"P";"E";"I";"97.7159"
"2001-05-15";"P";"E";"I";"97.8341"
"2001-05-16";"P";"E";"I";"97.7363"
"2001-05-17";"P";"E";"I";"97.7458"
"2001-05-18";"P";"E";"I";"97.6716"
"2001-05-21";"P";"E";"I";"97.7625"
"2001-05-22";"P";"E";"I";"97.6962"
"2001-05-23";"P";"E";"I";"98.028"
"2001-05-24";"P";"E";"I";"98.0886"
"2001-05-25";"P";"E";"I";"98.1512"
"2001-05-28";"P";"E";"I";"98.0329"
"2001-05-29";"P";"E";"I";"98.095"
"2001-05-30";"P";"E";"I";"98.1513"
"2001-05-31";"P";"E";"I";"98.4403"
"2001-06-01";"P";"E";"I";"98.4845"
"2001-06-04";"P";"E";"I";"98.6492"
"2001-06-05";"P";"E";"I";"98.826"
"2001-06-06";"P";"E";"I";"98.7313"
"2001-06-07";"P";"E";"I";"98.3171"
"2001-06-08";"P";"E";"I";"98.3289"
"2001-06-11";"P";"E";"I";"98.3575"
"2001-06-12";"P";"E";"I";"98.3805"
"2001-06-13";"P";"E";"I";"98.1597"
"2001-06-14";"P";"E";"I";"98.1665"
"2001-06-15";"P";"E";"I";"98.184"
"2001-06-18";"P";"E";"I";"97.9652"
"2001-06-19";"P";"E";"I";"98.0782"
"2001-06-20";"P";"E";"I";"98.1434"
"2001-06-21";"P";"E";"I";"98.2469"
"2001-06-22";"P";"E";"I";"98.7402"
"2001-06-25";"P";"E";"I";"98.7397"
"2001-06-26";"P";"E";"I";"98.563"
"2001-06-27";"P";"E";"I";"98.4531"
"2001-06-28";"P";"E";"I";"98.7864"
"2001-06-29";"P";"E";"I";"98.6439"
"2001-07-02";"P";"E";"I";"98.7766"
"2001-07-03";"P";"E";"I";"98.6898"
"2001-07-04";"P";"E";"I";"98.777"
"2001-07-05";"P";"E";"I";"98.8709"
"2001-07-06";"P";"E";"I";"98.7798"
"2001-07-09";"P";"E";"I";"98.8876"
"2001-07-10";"P";"E";"I";"98.6698"
"2001-07-11";"P";"E";"I";"99.0347"
"2001-07-12";"P";"E";"I";"99.197"
"2001-07-13";"P";"E";"I";"99.5051"
"2001-07-16";"P";"E";"I";"99.486"
"2001-07-17";"P";"E";"I";"99.553"
"2001-07-18";"P";"E";"I";"99.9582"
"2001-07-19";"P";"E";"I";"99.9896"
"2001-07-20";"P";"E";"I";"99.9721"
"2001-07-23";"P";"E";"I";"100.1749"
"2001-07-24";"P";"E";"I";"100.0255"
"2001-07-25";"P";"E";"I";"100.0314"
"2001-07-26";"P";"E";"I";"99.7614"
"2001-07-27";"P";"E";"I";"99.9031"
"2001-07-30";"P";"E";"I";"99.7806"
"2001-07-31";"P";"E";"I";"99.7724"
"2001-08-01";"P";"E";"I";"99.7778"
"2001-08-02";"P";"E";"I";"99.7746"
"2001-08-03";"P";"E";"I";"99.9087"
"2001-08-06";"P";"E";"I";"100.0043"
"2001-08-07";"P";"E";"I";"100.0451"
"2001-08-08";"P";"E";"I";"100.1519"
"2001-08-09";"P";"E";"I";"100.1173"
"2001-08-10";"P";"E";"I";"99.8667"
"2001-08-13";"P";"E";"I";"99.4132"
"2001-08-14";"P";"E";"I";"99.3663"
"2001-08-15";"P";"E";"I";"99.2861"
"2001-08-16";"P";"E";"I";"99.0265"
"2001-08-17";"P";"E";"I";"99.1381"
"2001-08-20";"P";"E";"I";"99.0547"
"2001-08-21";"P";"E";"I";"99.2152"
"2001-08-22";"P";"E";"I";"98.9724"
"2001-08-23";"P";"E";"I";"98.9922"
"2001-08-24";"P";"E";"I";"99.0472"
"2001-08-27";"P";"E";"I";"98.9906"
"2001-08-28";"P";"E";"I";"99.1423"
"2001-08-29";"P";"E";"I";"99.1488"
"2001-08-30";"P";"E";"I";"99.2224"
"2001-08-31";"P";"E";"I";"99.2498"
"2001-09-03";"P";"E";"I";"99.252"
"2001-09-04";"P";"E";"I";"99.3114"
"2001-09-05";"P";"E";"I";"99.6934"
"2001-09-06";"P";"E";"I";"99.7213"
"2001-09-07";"P";"E";"I";"99.6564"
"2001-09-10";"P";"E";"I";"99.3967"
"2001-09-11";"P";"E";"I";"99.4656"
"2001-09-12";"P";"E";"I";"100.1211"
"2001-09-13";"P";"E";"I";"100.2805"
"2001-09-14";"P";"E";"I";"100.5354"
"2001-09-17";"P";"E";"I";"101.4145"
"2001-09-18";"P";"E";"I";"101.8021"
"2001-09-19";"P";"E";"I";"101.9063"
"2001-09-20";"P";"E";"I";"102.3534"
"2001-09-21";"P";"E";"I";"104.1806"
"2001-09-24";"P";"E";"I";"104.1045"
"2001-09-25";"P";"E";"I";"103.9028"
"2001-09-26";"P";"E";"I";"103.0614"
"2001-09-27";"P";"E";"I";"102.413"
"2001-09-28";"P";"E";"I";"102.7396"
"2001-10-01";"P";"E";"I";"102.6848"
"2001-10-02";"P";"E";"I";"102.5158"
"2001-10-03";"P";"E";"I";"102.1689"
"2001-10-04";"P";"E";"I";"102.2974"
"2001-10-05";"P";"E";"I";"102.242"
"2001-10-08";"P";"E";"I";"102.8447"
"2001-10-09";"P";"E";"I";"102.7291"
"2001-10-10";"P";"E";"I";"102.496"
"2001-10-11";"P";"E";"I";"102.371"
"2001-10-12";"P";"E";"I";"102.6355"
"2001-10-15";"P";"E";"I";"102.7977"
"2001-10-16";"P";"E";"I";"102.8232"
"2001-10-17";"P";"E";"I";"102.6153"
"2001-10-18";"P";"E";"I";"103.0157"
"2001-10-19";"P";"E";"I";"103.0563"
"2001-10-22";"P";"E";"I";"103.1455"
"2001-10-23";"P";"E";"I";"102.7499"
"2001-10-24";"P";"E";"I";"102.9096"
"2001-10-25";"P";"E";"I";"102.8292"
"2001-10-26";"P";"E";"I";"103.3145"
"2001-10-29";"P";"E";"I";"103.2247"
"2001-10-30";"P";"E";"I";"103.3996"
"2001-10-31";"P";"E";"I";"103.6392"
"2001-11-01";"P";"E";"I";"103.498"
"2001-11-02";"P";"E";"I";"103.3971"
"2001-11-05";"P";"E";"I";"103.4772"
"2001-11-06";"P";"E";"I";"103.4068"
"2001-11-07";"P";"E";"I";"103.5012"
"2001-11-08";"P";"E";"I";"103.637"
"2001-11-09";"P";"E";"I";"103.7352"
"2001-11-12";"P";"E";"I";"104.0396"
"2001-11-13";"P";"E";"I";"103.793"
"2001-11-14";"P";"E";"I";"103.5587"
"2001-11-15";"P";"E";"I";"103.4658"
"2001-11-16";"P";"E";"I";"103.8022"
"2001-11-19";"P";"E";"I";"103.9382"
"2001-11-20";"P";"E";"I";"104.458"
"2001-11-21";"P";"E";"I";"104.4612"
"2001-11-22";"P";"E";"I";"104.4746"
"2001-11-23";"P";"E";"I";"104.2348"
"2001-11-26";"P";"E";"I";"103.969"
"2001-11-27";"P";"E";"I";"103.9803"
"2001-11-28";"P";"E";"I";"104.4913"
"2001-11-29";"P";"E";"I";"104.2074"
"2001-11-30";"P";"E";"I";"103.483"
"2001-12-03";"P";"E";"I";"103.2229"
"2001-12-04";"P";"E";"I";"103.3374"
"2001-12-05";"P";"E";"I";"103.3049"
"2001-12-06";"P";"E";"I";"103.3562"
"2001-12-07";"P";"E";"I";"103.1193"
"2001-12-10";"P";"E";"I";"102.987"
"2001-12-11";"P";"E";"I";"102.7857"
"2001-12-12";"P";"E";"I";"103.1267"
"2001-12-13";"P";"E";"I";"103.1852"
"2001-12-14";"P";"E";"I";"103.1164"
"2001-12-17";"P";"E";"I";"103.2291"
"2001-12-18";"P";"E";"I";"103.1609"
"2001-12-19";"P";"E";"I";"103.0562"
"2001-12-20";"P";"E";"I";"103.6554"
"2001-12-21";"P";"E";"I";"103.8359"
"2001-12-24";"P";"E";"I";"103.6011"
"2001-12-25";"P";"E";"I";"103.2395"
"2001-12-26";"P";"E";"I";"102.885"
"2001-12-27";"P";"E";"I";"102.5265"
"2001-12-28";"P";"E";"I";"102.5463"
"2001-12-31";"P";"E";"I";"102.4817"
"2002-01-01";"P";"E";"I";"102.4096"
"2002-01-02";"P";"E";"I";"102.3393"
"2002-01-03";"P";"E";"I";"102.2707"
"2002-01-04";"P";"E";"I";"102.6778"
"2002-01-07";"P";"E";"I";"102.7948"
"2002-01-08";"P";"E";"I";"103.308"
"2002-01-09";"P";"E";"I";"102.689"
"2002-01-10";"P";"E";"I";"102.4719"
"2002-01-11";"P";"E";"I";"102.5157"
"2002-01-14";"P";"E";"I";"102.7329"
"2002-01-15";"P";"E";"I";"102.6805"
"2002-01-16";"P";"E";"I";"103.3293"
"2002-01-17";"P";"E";"I";"103.6088"
"2002-01-18";"P";"E";"I";"103.34"
"2002-01-21";"P";"E";"I";"103.3384"
"2002-01-22";"P";"E";"I";"103.3114"
"2002-01-23";"P";"E";"I";"103.1267"
"2002-01-24";"P";"E";"I";"103.4836"
"2002-01-25";"P";"E";"I";"103.3979"
"2002-01-28";"P";"E";"I";"103.0571"
"2002-01-29";"P";"E";"I";"103.1088"
"2002-01-30";"P";"E";"I";"103.3115"
"2002-01-31";"P";"E";"I";"102.9159"
"2002-02-01";"P";"E";"I";"102.8134"
"2002-02-04";"P";"E";"I";"102.5849"
"2002-02-05";"P";"E";"I";"102.7913"
"2002-02-06";"P";"E";"I";"103.037"
"2002-02-07";"P";"E";"I";"103.0474"
"2002-02-08";"P";"E";"I";"102.984"
"2002-02-11";"P";"E";"I";"102.6624"
"2002-02-12";"P";"E";"I";"102.6205"
"2002-02-13";"P";"E";"I";"102.4182"
"2002-02-14";"P";"E";"I";"102.1702"
"2002-02-15";"P";"E";"I";"102.0573"
"2002-02-18";"P";"E";"I";"102.1203"
"2002-02-19";"P";"E";"I";"102.2665"
"2002-02-20";"P";"E";"I";"102.2738"
"2002-02-21";"P";"E";"I";"102.1833"
"2002-02-22";"P";"E";"I";"102.204"
"2002-02-25";"P";"E";"I";"102.3047"
"2002-02-26";"P";"E";"I";"102.3756"
"2002-02-27";"P";"E";"I";"102.3387"
"2002-02-28";"P";"E";"I";"102.2923"
"2002-03-01";"P";"E";"I";"102.3802"
"2002-03-04";"P";"E";"I";"102.1478"
"2002-03-05";"P";"E";"I";"102.3058"
"2002-03-06";"P";"E";"I";"102.2739"
"2002-03-07";"P";"E";"I";"102.5067"
"2002-03-08";"P";"E";"I";"102.7266"
"2002-03-11";"P";"E";"I";"102.6764"
"2002-03-12";"P";"E";"I";"102.8"
"2002-03-13";"P";"E";"I";"102.8287"
"2002-03-14";"P";"E";"I";"103.0472"
"2002-03-15";"P";"E";"I";"103.2587"
"2002-03-18";"P";"E";"I";"103.3331"
"2002-03-19";"P";"E";"I";"103.0718"
"2002-03-20";"P";"E";"I";"103.2842"
"2002-03-21";"P";"E";"I";"103.2449"
"2002-03-22";"P";"E";"I";"103.4434"
"2002-03-25";"P";"E";"I";"103.5687"
"2002-03-26";"P";"E";"I";"103.6556"
"2002-03-27";"P";"E";"I";"103.2193"
"2002-03-28";"P";"E";"I";"103.2278"
"2002-03-29";"P";"E";"I";"103.2893"
"2002-04-01";"P";"E";"I";"103.3579"
"2002-04-02";"P";"E";"I";"103.4033"
"2002-04-03";"P";"E";"I";"103.5531"
"2002-04-04";"P";"E";"I";"103.5438"
"2002-04-05";"P";"E";"I";"103.3136"
"2002-04-08";"P";"E";"I";"103.383"
"2002-04-09";"P";"E";"I";"103.2384"
"2002-04-10";"P";"E";"I";"103.204"
"2002-04-11";"P";"E";"I";"103.096"
"2002-04-12";"P";"E";"I";"103.3059"
"2002-04-15";"P";"E";"I";"103.2126"
"2002-04-16";"P";"E";"I";"102.9937"
"2002-04-17";"P";"E";"I";"102.937"
"2002-04-18";"P";"E";"I";"103.012"
"2002-04-19";"P";"E";"I";"103.0946"
"2002-04-22";"P";"E";"I";"103.1526"
"2002-04-23";"P";"E";"I";"103.0692"
"2002-04-24";"P";"E";"I";"103.2132"
"2002-04-25";"P";"E";"I";"103.2444"
"2002-04-26";"P";"E";"I";"103.2435"
"2002-04-29";"P";"E";"I";"103.3959"
"2002-04-30";"P";"E";"I";"103.4233"
"2002-05-01";"P";"E";"I";"103.7802"
"2002-05-02";"P";"E";"I";"104.1284"
"2002-05-03";"P";"E";"I";"104.025"
"2002-05-06";"P";"E";"I";"103.9425"
"2002-05-07";"P";"E";"I";"104.0022"
"2002-05-08";"P";"E";"I";"104.0263"
"2002-05-09";"P";"E";"I";"104.0934"
"2002-05-10";"P";"E";"I";"104.155"
"2002-05-13";"P";"E";"I";"104.1821"
"2002-05-14";"P";"E";"I";"104.1726"
"2002-05-15";"P";"E";"I";"104.1976"
"2002-05-16";"P";"E";"I";"104.0607"
"2002-05-17";"P";"E";"I";"104.1026"
"2002-05-20";"P";"E";"I";"104.2583"
"2002-05-21";"P";"E";"I";"104.4175"
"2002-05-22";"P";"E";"I";"104.5273"
"2002-05-23";"P";"E";"I";"104.3289"
"2002-05-24";"P";"E";"I";"104.1349"
"2002-05-27";"P";"E";"I";"104.0712"
"2002-05-28";"P";"E";"I";"103.8744"
"2002-05-29";"P";"E";"I";"103.753"
"2002-05-30";"P";"E";"I";"103.3993"
"2002-05-31";"P";"E";"I";"103.6792"
"2002-06-03";"P";"E";"I";"103.5484"
"2002-06-04";"P";"E";"I";"103.4293"
"2002-06-05";"P";"E";"I";"103.2104"
"2002-06-06";"P";"E";"I";"103.1884"
"2002-06-07";"P";"E";"I";"103.1442"
"2002-06-10";"P";"E";"I";"103.145"
"2002-06-11";"P";"E";"I";"103.0178"
"2002-06-12";"P";"E";"I";"102.7369"
"2002-06-13";"P";"E";"I";"102.7437"
"2002-06-14";"P";"E";"I";"102.81"
"2002-06-17";"P";"E";"I";"102.7789"
"2002-06-18";"P";"E";"I";"102.7878"
"2002-06-19";"P";"E";"I";"102.7751"
"2002-06-20";"P";"E";"I";"103.1871"
"2002-06-21";"P";"E";"I";"103.2428"
"2002-06-24";"P";"E";"I";"103.2842"
"2002-06-25";"P";"E";"I";"103.1963"
"2002-06-26";"P";"E";"I";"103.2142"
"2002-06-27";"P";"E";"I";"103.1865"
"2002-06-28";"P";"E";"I";"102.9596"
"2002-07-01";"P";"E";"I";"103.095"
"2002-07-02";"P";"E";"I";"103.284"
"2002-07-03";"P";"E";"I";"103.6651"
"2002-07-04";"P";"E";"I";"103.5144"
"2002-07-05";"P";"E";"I";"103.338"
"2002-07-08";"P";"E";"I";"103.3169"
"2002-07-09";"P";"E";"I";"103.0412"
"2002-07-10";"P";"E";"I";"102.8482"
"2002-07-11";"P";"E";"I";"103.2979"
"2002-07-12";"P";"E";"I";"103.3681"
"2002-07-15";"P";"E";"I";"103.2044"
"2002-07-16";"P";"E";"I";"103.2925"
"2002-07-17";"P";"E";"I";"103.3926"
"2002-07-18";"P";"E";"I";"103.5785"
"2002-07-19";"P";"E";"I";"103.6078"
"2002-07-22";"P";"E";"I";"104.0798"
"2002-07-23";"P";"E";"I";"104.1698"
"2002-07-24";"P";"E";"I";"104.4418"
"2002-07-25";"P";"E";"I";"104.6253"
"2002-07-26";"P";"E";"I";"104.7967"
"2002-07-29";"P";"E";"I";"104.4478"
"2002-07-30";"P";"E";"I";"104.1943"
"2002-07-31";"P";"E";"I";"104.3011"
"2002-08-01";"P";"E";"I";"104.5078"
"2002-08-02";"P";"E";"I";"104.7138"
"2002-08-05";"P";"E";"I";"104.3116"
"2002-08-06";"P";"E";"I";"104.3121"
"2002-08-07";"P";"E";"I";"104.0711"
"2002-08-08";"P";"E";"I";"103.7689"
"2002-08-09";"P";"E";"I";"103.8207"
"2002-08-12";"P";"E";"I";"103.9992"
"2002-08-13";"P";"E";"I";"103.5608"
"2002-08-14";"P";"E";"I";"103.7064"
"2002-08-15";"P";"E";"I";"103.6237"
"2002-08-16";"P";"E";"I";"103.5407"
"2002-08-19";"P";"E";"I";"103.2518"
"2002-08-20";"P";"E";"I";"103.2902"
"2002-08-21";"P";"E";"I";"103.044"
"2002-08-22";"P";"E";"I";"103.171"
"2002-08-23";"P";"E";"I";"102.8238"
"2002-08-26";"P";"E";"I";"102.8788"
"2002-08-27";"P";"E";"I";"102.8949"
"2002-08-28";"P";"E";"I";"103.0767"
"2002-08-29";"P";"E";"I";"102.811"
"2002-08-30";"P";"E";"I";"102.9488"
"2002-09-02";"P";"E";"I";"102.8075"
"2002-09-03";"P";"E";"I";"102.7593"
"2002-09-04";"P";"E";"I";"103.162"
"2002-09-05";"P";"E";"I";"103.394"
"2002-09-06";"P";"E";"I";"103.6298"
"2002-09-09";"P";"E";"I";"103.4884"
"2002-09-10";"P";"E";"I";"103.4537"
"2002-09-11";"P";"E";"I";"103.3594"
"2002-09-12";"P";"E";"I";"102.9517"
"2002-09-13";"P";"E";"I";"102.7903"
"2002-09-16";"P";"E";"I";"102.7751"
"2002-09-17";"P";"E";"I";"102.5452"
"2002-09-18";"P";"E";"I";"102.7376"
"2002-09-19";"P";"E";"I";"102.7476"
"2002-09-20";"P";"E";"I";"102.9622"
"2002-09-23";"P";"E";"I";"102.9879"
"2002-09-24";"P";"E";"I";"102.8987"
"2002-09-25";"P";"E";"I";"102.9456"
"2002-09-26";"P";"E";"I";"102.9884"
"2002-09-27";"P";"E";"I";"102.7123"
"2002-09-30";"P";"E";"I";"102.9722"
"2002-10-01";"P";"E";"I";"103.3974"
"2002-10-02";"P";"E";"I";"103.1271"
"2002-10-03";"P";"E";"I";"103.3171"
"2002-10-04";"P";"E";"I";"103.1231"
"2002-10-07";"P";"E";"I";"103.1224"
"2002-10-08";"P";"E";"I";"102.9363"
"2002-10-09";"P";"E";"I";"102.8228"
"2002-10-10";"P";"E";"I";"102.9983"
"2002-10-11";"P";"E";"I";"103.0299"
"2002-10-14";"P";"E";"I";"103.124"
"2002-10-15";"P";"E";"I";"102.8872"
"2002-10-16";"P";"E";"I";"102.6165"
"2002-10-17";"P";"E";"I";"102.7908"
"2002-10-18";"P";"E";"I";"102.6641"
"2002-10-21";"P";"E";"I";"102.5978"
"2002-10-22";"P";"E";"I";"102.5194"
"2002-10-23";"P";"E";"I";"102.7953"
"2002-10-24";"P";"E";"I";"102.7646"
"2002-10-25";"P";"E";"I";"102.8137"
"2002-10-28";"P";"E";"I";"102.795"
"2002-10-29";"P";"E";"I";"102.9332"
"2002-10-30";"P";"E";"I";"103.0382"
"2002-10-31";"P";"E";"I";"103.1445"
"2002-11-01";"P";"E";"I";"103.1674"
"2002-11-04";"P";"E";"I";"103.0981"
"2002-11-05";"P";"E";"I";"103.202"
"2002-11-06";"P";"E";"I";"103.0219"
"2002-11-07";"P";"E";"I";"102.9664"
"2002-11-08";"P";"E";"I";"103.0224"
"2002-11-11";"P";"E";"I";"103.0001"
"2002-11-12";"P";"E";"I";"103.0171"
"2002-11-13";"P";"E";"I";"103.0316"
"2002-11-14";"P";"E";"I";"102.8033"
"2002-11-15";"P";"E";"I";"102.7167"
"2002-11-18";"P";"E";"I";"102.654"
"2002-11-19";"P";"E";"I";"102.5752"
"2002-11-20";"P";"E";"I";"102.5588"
"2002-11-21";"P";"E";"I";"102.4686"
"2002-11-22";"P";"E";"I";"102.2705"
"2002-11-25";"P";"E";"I";"102.1263"
"2002-11-26";"P";"E";"I";"102.0029"
"2002-11-27";"P";"E";"I";"101.9328"
"2002-11-28";"P";"E";"I";"101.8007"
"2002-11-29";"P";"E";"I";"101.7647"
"2002-12-02";"P";"E";"I";"101.6101"
"2002-12-03";"P";"E";"I";"101.8911"
"2002-12-04";"P";"E";"I";"101.9213"
"2002-12-05";"P";"E";"I";"101.7647"
"2002-12-06";"P";"E";"I";"101.8687"
"2002-12-09";"P";"E";"I";"101.6537"
"2002-12-10";"P";"E";"I";"101.6468"
"2002-12-11";"P";"E";"I";"101.5824"
"2002-12-12";"P";"E";"I";"101.4509"
"2002-12-13";"P";"E";"I";"101.2779"
"2002-12-16";"P";"E";"I";"101.2672"
"2002-12-17";"P";"E";"I";"101.4222"
"2002-12-18";"P";"E";"I";"101.8073"
"2002-12-19";"P";"E";"I";"102.0324"
"2002-12-20";"P";"E";"I";"102.1537"
"2002-12-23";"P";"E";"I";"102.1657"
"2002-12-24";"P";"E";"I";"102.6174"
"2002-12-25";"P";"E";"I";"102.5831"
"2002-12-26";"P";"E";"I";"102.5501"
"2002-12-27";"P";"E";"I";"102.5154"
"2002-12-30";"P";"E";"I";"102.4937"
"2002-12-31";"P";"E";"I";"102.5764"
"2003-01-01";"P";"E";"I";"102.5044"
"2003-01-02";"P";"E";"I";"102.4293"
"2003-01-03";"P";"E";"I";"102.361"
"2003-01-06";"P";"E";"I";"102.2489"
"2003-01-07";"P";"E";"I";"102.0539"
"2003-01-08";"P";"E";"I";"102.0434"
"2003-01-09";"P";"E";"I";"101.9874"
"2003-01-10";"P";"E";"I";"101.8342"
"2003-01-13";"P";"E";"I";"101.8371"
"2003-01-14";"P";"E";"I";"101.6555"
"2003-01-15";"P";"E";"I";"101.5566"
"2003-01-16";"P";"E";"I";"101.6024"
"2003-01-17";"P";"E";"I";"101.8292"
"2003-01-20";"P";"E";"I";"101.7508"
"2003-01-21";"P";"E";"I";"101.6679"
"2003-01-22";"P";"E";"I";"101.6226"
"2003-01-23";"P";"E";"I";"101.4944"
"2003-01-24";"P";"E";"I";"101.4418"
"2003-01-27";"P";"E";"I";"101.2536"
"2003-01-28";"P";"E";"I";"101.081"
"2003-01-29";"P";"E";"I";"101.1277"
"2003-01-30";"P";"E";"I";"101.0535"
"2003-01-31";"P";"E";"I";"101.1946"
"2003-02-03";"P";"E";"I";"101.0732"
"2003-02-04";"P";"E";"I";"101.1679"
"2003-02-05";"P";"E";"I";"101.2377"
"2003-02-06";"P";"E";"I";"101.1635"
"2003-02-07";"P";"E";"I";"101.144"
"2003-02-10";"P";"E";"I";"101.1807"
"2003-02-11";"P";"E";"I";"101.1215"
"2003-02-12";"P";"E";"I";"101.1201"
"2003-02-13";"P";"E";"I";"101.0617"
"2003-02-14";"P";"E";"I";"100.9813"
"2003-02-17";"P";"E";"I";"100.7045"
"2003-02-18";"P";"E";"I";"100.8939"
"2003-02-19";"P";"E";"I";"100.7645"
"2003-02-20";"P";"E";"I";"100.9276"
"2003-02-21";"P";"E";"I";"101.0872"
"2003-02-24";"P";"E";"I";"101.034"
"2003-02-25";"P";"E";"I";"101.2166"
"2003-02-26";"P";"E";"I";"101.5496"
"2003-02-27";"P";"E";"I";"101.44"
"2003-02-28";"P";"E";"I";"101.3961"
"2003-03-03";"P";"E";"I";"101.4945"
"2003-03-04";"P";"E";"I";"101.6484"
"2003-03-05";"P";"E";"I";"101.7585"
"2003-03-06";"P";"E";"I";"101.7057"
"2003-03-07";"P";"E";"I";"101.3872"
"2003-03-10";"P";"E";"I";"101.0882"
"2003-03-11";"P";"E";"I";"101.3473"
"2003-03-12";"P";"E";"I";"101.2193"
"2003-03-13";"P";"E";"I";"101.2555"
"2003-03-14";"P";"E";"I";"101.3141"
"2003-03-17";"P";"E";"I";"101.4518"
"2003-03-18";"P";"E";"I";"101.229"
"2003-03-19";"P";"E";"I";"101.1533"
"2003-03-20";"P";"E";"I";"101.235"
"2003-03-21";"P";"E";"I";"101.0304"
"2003-03-24";"P";"E";"I";"101.0924"
"2003-03-25";"P";"E";"I";"101.2464"
"2003-03-26";"P";"E";"I";"101.1185"
"2003-03-27";"P";"E";"I";"100.8221"
"2003-03-28";"P";"E";"I";"101.0432"
"2003-03-31";"P";"E";"I";"101.1117"
"2003-04-01";"P";"E";"I";"101.1878"
"2003-04-02";"P";"E";"I";"100.8503"
"2003-04-03";"P";"E";"I";"100.7512"
"2003-04-04";"P";"E";"I";"100.6756"
"2003-04-07";"P";"E";"I";"100.5589"
"2003-04-08";"P";"E";"I";"100.7022"
"2003-04-09";"P";"E";"I";"100.6432"
"2003-04-10";"P";"E";"I";"100.4916"
"2003-04-11";"P";"E";"I";"99.9217"
"2003-04-14";"P";"E";"I";"100.1315"
"2003-04-15";"P";"E";"I";"99.9545"
"2003-04-16";"P";"E";"I";"99.752"
"2003-04-17";"P";"E";"I";"100.0591"
"2003-04-18";"P";"E";"I";"99.9373"
"2003-04-21";"P";"E";"I";"99.8117"
"2003-04-22";"P";"E";"I";"99.6955"
"2003-04-23";"P";"E";"I";"99.6979"
"2003-04-24";"P";"E";"I";"99.7415"
"2003-04-25";"P";"E";"I";"99.9152"
"2003-04-28";"P";"E";"I";"99.8974"
"2003-04-29";"P";"E";"I";"99.7504"
"2003-04-30";"P";"E";"I";"99.3682"
"2003-05-01";"P";"E";"I";"99.422"
"2003-05-02";"P";"E";"I";"99.4666"
"2003-05-05";"P";"E";"I";"99.3702"
"2003-05-06";"P";"E";"I";"99.1227"
"2003-05-07";"P";"E";"I";"99.1619"
"2003-05-08";"P";"E";"I";"99.9482"
"2003-05-09";"P";"E";"I";"99.6241"
"2003-05-12";"P";"E";"I";"99.3803"
"2003-05-13";"P";"E";"I";"99.3789"
"2003-05-14";"P";"E";"I";"99.2436"
"2003-05-15";"P";"E";"I";"99.4265"
"2003-05-16";"P";"E";"I";"99.726"
"2003-05-19";"P";"E";"I";"99.2673"
"2003-05-20";"P";"E";"I";"99.4121"
"2003-05-21";"P";"E";"I";"99.5859"
"2003-05-22";"P";"E";"I";"99.356"
"2003-05-23";"P";"E";"I";"98.7666"
"2003-05-26";"P";"E";"I";"98.5791"
"2003-05-27";"P";"E";"I";"98.3362"
"2003-05-28";"P";"E";"I";"98.8026"
"2003-05-29";"P";"E";"I";"98.5196"
"2003-05-30";"P";"E";"I";"98.2233"
"2003-06-02";"P";"E";"I";"98.3663"
"2003-06-03";"P";"E";"I";"97.9635"
"2003-06-04";"P";"E";"I";"97.7125"
"2003-06-05";"P";"E";"I";"97.4033"
"2003-06-06";"P";"E";"I";"97.2985"
"2003-06-09";"P";"E";"I";"97.3149"
"2003-06-10";"P";"E";"I";"97.3329"
"2003-06-11";"P";"E";"I";"97.6132"
"2003-06-12";"P";"E";"I";"97.6756"
"2003-06-13";"P";"E";"I";"97.1082"
"2003-06-16";"P";"E";"I";"97.2943"
"2003-06-17";"P";"E";"I";"97.356"
"2003-06-18";"P";"E";"I";"97.3319"
"2003-06-19";"P";"E";"I";"96.9282"
"2003-06-20";"P";"E";"I";"97.0929"
"2003-06-23";"P";"E";"I";"97.7095"
"2003-06-24";"P";"E";"I";"97.9524"
"2003-06-25";"P";"E";"I";"98.0458"
"2003-06-26";"P";"E";"I";"97.5601"
"2003-06-27";"P";"E";"I";"97.0911"
"2003-06-30";"P";"E";"I";"96.6408"
"2003-07-01";"P";"E";"I";"96.413"
"2003-07-02";"P";"E";"I";"96.6432"
"2003-07-03";"P";"E";"I";"96.6872"
"2003-07-04";"P";"E";"I";"96.7485"
"2003-07-07";"P";"E";"I";"96.5958"
"2003-07-08";"P";"E";"I";"96.4848"
"2003-07-09";"P";"E";"I";"97.1681"
"2003-07-10";"P";"E";"I";"96.9254"
"2003-07-11";"P";"E";"I";"96.7427"
"2003-07-14";"P";"E";"I";"96.4207"
"2003-07-15";"P";"E";"I";"96.5305"
"2003-07-16";"P";"E";"I";"96.6888"
"2003-07-17";"P";"E";"I";"97.3746"
"2003-07-18";"P";"E";"I";"97.4552"
"2003-07-21";"P";"E";"I";"97.3951"
"2003-07-22";"P";"E";"I";"97.0261"
"2003-07-23";"P";"E";"I";"96.952"
"2003-07-24";"P";"E";"I";"96.6756"
"2003-07-25";"P";"E";"I";"96.6976"
"2003-07-28";"P";"E";"I";"96.6788"
"2003-07-29";"P";"E";"I";"96.7001"
"2003-07-30";"P";"E";"I";"96.5644"
"2003-07-31";"P";"E";"I";"96.6395"
"2003-08-01";"P";"E";"I";"97.0209"
"2003-08-04";"P";"E";"I";"97.4066"
"2003-08-05";"P";"E";"I";"97.5098"
"2003-08-06";"P";"E";"I";"97.509"
"2003-08-07";"P";"E";"I";"97.3583"
"2003-08-08";"P";"E";"I";"97.2569"
"2003-08-11";"P";"E";"I";"97.3038"
"2003-08-12";"P";"E";"I";"97.0119"
"2003-08-13";"P";"E";"I";"96.8092"
"2003-08-14";"P";"E";"I";"96.655"
"2003-08-15";"P";"E";"I";"96.9006"
"2003-08-18";"P";"E";"I";"96.7599"
"2003-08-19";"P";"E";"I";"96.6353"
"2003-08-20";"P";"E";"I";"96.7339"
"2003-08-21";"P";"E";"I";"97.0711"
"2003-08-22";"P";"E";"I";"97.0177"
"2003-08-25";"P";"E";"I";"97.0554"
"2003-08-26";"P";"E";"I";"97.1823"
"2003-08-27";"P";"E";"I";"97.483"
"2003-08-28";"P";"E";"I";"97.1677"
"2003-08-29";"P";"E";"I";"97.3442"
"2003-09-01";"P";"E";"I";"97.2626"
"2003-09-02";"P";"E";"I";"97.482"
"2003-09-03";"P";"E";"I";"97.7513"
"2003-09-04";"P";"E";"I";"97.362"
"2003-09-05";"P";"E";"I";"97.3003"
"2003-09-08";"P";"E";"I";"97.3399"
"2003-09-09";"P";"E";"I";"96.9992"
"2003-09-10";"P";"E";"I";"96.6479"
"2003-09-11";"P";"E";"I";"96.5172"
"2003-09-12";"P";"E";"I";"96.4061"
"2003-09-15";"P";"E";"I";"96.1908"
"2003-09-16";"P";"E";"I";"96.163"
"2003-09-17";"P";"E";"I";"96.4129"
"2003-09-18";"P";"E";"I";"96.2863"
"2003-09-19";"P";"E";"I";"96.0445"
"2003-09-22";"P";"E";"I";"96.2901"
"2003-09-23";"P";"E";"I";"96.4772"
"2003-09-24";"P";"E";"I";"96.4028"
"2003-09-25";"P";"E";"I";"96.5575"
"2003-09-26";"P";"E";"I";"97.0283"
"2003-09-29";"P";"E";"I";"97.1547"
"2003-09-30";"P";"E";"I";"97.3515"
"2003-10-01";"P";"E";"I";"97.0746"
"2003-10-02";"P";"E";"I";"97.0466"
"2003-10-03";"P";"E";"I";"97.0423"
"2003-10-06";"P";"E";"I";"96.7885"
"2003-10-07";"P";"E";"I";"96.7665"
"2003-10-08";"P";"E";"I";"96.7573"
"2003-10-09";"P";"E";"I";"96.6153"
"2003-10-10";"P";"E";"I";"96.7204"
"2003-10-13";"P";"E";"I";"96.6592"
"2003-10-14";"P";"E";"I";"96.6228"
"2003-10-15";"P";"E";"I";"96.8369"
"2003-10-16";"P";"E";"I";"96.5947"
"2003-10-17";"P";"E";"I";"96.576"
"2003-10-20";"P";"E";"I";"96.4299"
"2003-10-21";"P";"E";"I";"96.293"
"2003-10-22";"P";"E";"I";"96.3228"
"2003-10-23";"P";"E";"I";"96.7672"
"2003-10-24";"P";"E";"I";"96.6227"
"2003-10-27";"P";"E";"I";"96.6598"
"2003-10-28";"P";"E";"I";"96.5212"
"2003-10-29";"P";"E";"I";"96.2283"
"2003-10-30";"P";"E";"I";"96.2637"
"2003-10-31";"P";"E";"I";"96.4671"
"2003-11-03";"P";"E";"I";"96.2291"
"2003-11-04";"P";"E";"I";"95.8376"
"2003-11-05";"P";"E";"I";"95.3952"
"2003-11-06";"P";"E";"I";"95.3953"
"2003-11-07";"P";"E";"I";"95.2054"
"2003-11-10";"P";"E";"I";"95.0062"
"2003-11-11";"P";"E";"I";"95.2301"
"2003-11-12";"P";"E";"I";"95.3045"
"2003-11-13";"P";"E";"I";"95.1024"
"2003-11-14";"P";"E";"I";"95.1923"
"2003-11-17";"P";"E";"I";"95.6616"
"2003-11-18";"P";"E";"I";"95.9652"
"2003-11-19";"P";"E";"I";"96.3775"
"2003-11-20";"P";"E";"I";"96.3767"
"2003-11-21";"P";"E";"I";"96.6327"
"2003-11-24";"P";"E";"I";"96.3975"
"2003-11-25";"P";"E";"I";"96.1625"
"2003-11-26";"P";"E";"I";"96.3519"
"2003-11-27";"P";"E";"I";"96.5728"
"2003-11-28";"P";"E";"I";"96.5115"
"2003-12-01";"P";"E";"I";"96.3681"
"2003-12-02";"P";"E";"I";"96.1771"
"2003-12-03";"P";"E";"I";"95.9814"
"2003-12-04";"P";"E";"I";"96.0291"
"2003-12-05";"P";"E";"I";"96.0189"
"2003-12-08";"P";"E";"I";"96.5528"
"2003-12-09";"P";"E";"I";"96.7857"
"2003-12-10";"P";"E";"I";"96.7557"
"2003-12-11";"P";"E";"I";"96.4964"
"2003-12-12";"P";"E";"I";"96.5732"
"2003-12-15";"P";"E";"I";"96.4281"
"2003-12-16";"P";"E";"I";"96.4131"
"2003-12-17";"P";"E";"I";"96.487"
"2003-12-18";"P";"E";"I";"96.3416"
"2003-12-19";"P";"E";"I";"96.457"
"2003-12-22";"P";"E";"I";"96.3863"
"2003-12-23";"P";"E";"I";"96.1493"
"2003-12-24";"P";"E";"I";"96.1786"
"2003-12-25";"P";"E";"I";"96.1975"
"2003-12-26";"P";"E";"I";"96.2115"
"2003-12-29";"P";"E";"I";"96.2269"
"2003-12-30";"P";"E";"I";"96.2028"
"2003-12-31";"P";"E";"I";"96.3287"
"2004-01-01";"P";"E";"I";"96.2997"
"2004-01-02";"P";"E";"I";"96.2597"
"2004-01-05";"P";"E";"I";"96.2172"
"2004-01-06";"P";"E";"I";"96.004"
"2004-01-07";"P";"E";"I";"95.7146"
"2004-01-08";"P";"E";"I";"95.7417"
"2004-01-09";"P";"E";"I";"95.8441"
"2004-01-12";"P";"E";"I";"95.8432"
"2004-01-13";"P";"E";"I";"95.993"
"2004-01-14";"P";"E";"I";"96.0926"
"2004-01-15";"P";"E";"I";"96.0622"
"2004-01-16";"P";"E";"I";"95.8009"
"2004-01-19";"P";"E";"I";"95.6198"
"2004-01-20";"P";"E";"I";"95.409"
"2004-01-21";"P";"E";"I";"95.6215"
"2004-01-22";"P";"E";"I";"95.6395"
"2004-01-23";"P";"E";"I";"95.6252"
"2004-01-26";"P";"E";"I";"95.824"
"2004-01-27";"P";"E";"I";"95.61"
"2004-01-28";"P";"E";"I";"95.5931"
"2004-01-29";"P";"E";"I";"95.7591"
"2004-01-30";"P";"E";"I";"95.9696"
"2004-02-02";"P";"E";"I";"95.5209"
"2004-02-03";"P";"E";"I";"95.6071"
"2004-02-04";"P";"E";"I";"95.4559"
"2004-02-05";"P";"E";"I";"95.3768"
"2004-02-06";"P";"E";"I";"95.4574"
"2004-02-09";"P";"E";"I";"95.4071"
"2004-02-10";"P";"E";"I";"95.396"
"2004-02-11";"P";"E";"I";"95.2349"
"2004-02-12";"P";"E";"I";"94.8603"
"2004-02-13";"P";"E";"I";"94.7422"
"2004-02-16";"P";"E";"I";"94.9087"
"2004-02-17";"P";"E";"I";"95.0713"
"2004-02-18";"P";"E";"I";"95.0412"
"2004-02-19";"P";"E";"I";"94.9993"
"2004-02-20";"P";"E";"I";"94.913"
"2004-02-23";"P";"E";"I";"94.8111"
"2004-02-24";"P";"E";"I";"94.9322"
"2004-02-25";"P";"E";"I";"95.0232"
"2004-02-26";"P";"E";"I";"95.0944"
"2004-02-27";"P";"E";"I";"94.9178"
"2004-03-01";"P";"E";"I";"94.8532"
"2004-03-02";"P";"E";"I";"94.5411"
"2004-03-03";"P";"E";"I";"94.5728"
"2004-03-04";"P";"E";"I";"94.764"
"2004-03-05";"P";"E";"I";"94.7534"
"2004-03-08";"P";"E";"I";"94.5518"
"2004-03-09";"P";"E";"I";"94.4424"
"2004-03-10";"P";"E";"I";"94.7984"
"2004-03-11";"P";"E";"I";"95.243"
"2004-03-12";"P";"E";"I";"95.5584"
"2004-03-15";"P";"E";"I";"95.5107"
"2004-03-16";"P";"E";"I";"95.4265"
"2004-03-17";"P";"E";"I";"95.3269"
"2004-03-18";"P";"E";"I";"95.6817"
"2004-03-19";"P";"E";"I";"95.971"
"2004-03-22";"P";"E";"I";"95.9931"
"2004-03-23";"P";"E";"I";"96.4211"
"2004-03-24";"P";"E";"I";"96.2072"
"2004-03-25";"P";"E";"I";"96.4917"
"2004-03-26";"P";"E";"I";"95.9912"
"2004-03-29";"P";"E";"I";"95.8135"
"2004-03-30";"P";"E";"I";"95.6573"
"2004-03-31";"P";"E";"I";"95.7397"
"2004-04-01";"P";"E";"I";"95.7251"
"2004-04-02";"P";"E";"I";"95.4525"
"2004-04-05";"P";"E";"I";"95.2781"
"2004-04-06";"P";"E";"I";"95.1665"
"2004-04-07";"P";"E";"I";"95.6376"
"2004-04-08";"P";"E";"I";"95.8259"
"2004-04-09";"P";"E";"I";"95.9084"
"2004-04-12";"P";"E";"I";"95.991"
"2004-04-13";"P";"E";"I";"96.0698"
"2004-04-14";"P";"E";"I";"95.8891"
"2004-04-15";"P";"E";"I";"96.147"
"2004-04-16";"P";"E";"I";"95.7555"
"2004-04-19";"P";"E";"I";"95.9044"
"2004-04-20";"P";"E";"I";"95.673"
"2004-04-21";"P";"E";"I";"95.4216"
"2004-04-22";"P";"E";"I";"95.607"
"2004-04-23";"P";"E";"I";"95.1205"
"2004-04-26";"P";"E";"I";"95.3092"
"2004-04-27";"P";"E";"I";"95.7691"
"2004-04-28";"P";"E";"I";"95.8296"
"2004-04-29";"P";"E";"I";"95.8478"
"2004-04-30";"P";"E";"I";"95.5178"
"2004-05-03";"P";"E";"I";"95.4455"
"2004-05-04";"P";"E";"I";"95.4528"
"2004-05-05";"P";"E";"I";"95.8073"
"2004-05-06";"P";"E";"I";"95.5492"
"2004-05-07";"P";"E";"I";"95.5197"
"2004-05-10";"P";"E";"I";"96.1466"
"2004-05-11";"P";"E";"I";"96.0754"
"2004-05-12";"P";"E";"I";"96.1506"
"2004-05-13";"P";"E";"I";"96.432"
"2004-05-14";"P";"E";"I";"96.2509"
"2004-05-17";"P";"E";"I";"96.5883"
"2004-05-18";"P";"E";"I";"96.5163"
"2004-05-19";"P";"E";"I";"96.29"
"2004-05-20";"P";"E";"I";"96.4106"
"2004-05-21";"P";"E";"I";"96.5345"
"2004-05-24";"P";"E";"I";"96.5185"
"2004-05-25";"P";"E";"I";"96.405"
"2004-05-26";"P";"E";"I";"96.2296"
"2004-05-27";"P";"E";"I";"96.3665"
"2004-05-28";"P";"E";"I";"96.8377"
"2004-05-31";"P";"E";"I";"96.8989"
"2004-06-01";"P";"E";"I";"96.9626"
"2004-06-02";"P";"E";"I";"97.0921"
"2004-06-03";"P";"E";"I";"97.021"
"2004-06-04";"P";"E";"I";"96.893"
"2004-06-07";"P";"E";"I";"97.2138"
"2004-06-08";"P";"E";"I";"97.3636"
"2004-06-09";"P";"E";"I";"97.5685"
"2004-06-10";"P";"E";"I";"97.7948"
"2004-06-11";"P";"E";"I";"98.1867"
"2004-06-14";"P";"E";"I";"97.8712"
"2004-06-15";"P";"E";"I";"97.5641"
"2004-06-16";"P";"E";"I";"97.1736"
"2004-06-17";"P";"E";"I";"97.7333"
"2004-06-18";"P";"E";"I";"97.8775"
"2004-06-21";"P";"E";"I";"98.0536"
"2004-06-22";"P";"E";"I";"97.84"
"2004-06-23";"P";"E";"I";"97.5683"
"2004-06-24";"P";"E";"I";"97.949"
"2004-06-25";"P";"E";"I";"97.6189"
"2004-06-28";"P";"E";"I";"97.1255"
"2004-06-29";"P";"E";"I";"96.7179"
"2004-06-30";"P";"E";"I";"96.6834"
"2004-07-01";"P";"E";"I";"96.9262"
"2004-07-02";"P";"E";"I";"97.2221"
"2004-07-05";"P";"E";"I";"97.2518"
"2004-07-06";"P";"E";"I";"97.0923"
"2004-07-07";"P";"E";"I";"97.1879"
"2004-07-08";"P";"E";"I";"97.1691"
"2004-07-09";"P";"E";"I";"97.0146"
"2004-07-12";"P";"E";"I";"97.1368"
"2004-07-13";"P";"E";"I";"96.8506"
"2004-07-14";"P";"E";"I";"96.6325"
"2004-07-15";"P";"E";"I";"96.5817"
"2004-07-16";"P";"E";"I";"96.5167"
"2004-07-19";"P";"E";"I";"96.4661"
"2004-07-20";"P";"E";"I";"96.4011"
"2004-07-21";"P";"E";"I";"96.0186"
"2004-07-22";"P";"E";"I";"95.975"
"2004-07-23";"P";"E";"I";"96.2297"
"2004-07-26";"P";"E";"I";"96.0546"
"2004-07-27";"P";"E";"I";"95.8353"
"2004-07-28";"P";"E";"I";"95.7938"
"2004-07-29";"P";"E";"I";"95.6927"
"2004-07-30";"P";"E";"I";"95.5331"
"2004-08-02";"P";"E";"I";"95.8811"
"2004-08-03";"P";"E";"I";"95.6513"
"2004-08-04";"P";"E";"I";"95.4275"
"2004-08-05";"P";"E";"I";"95.6256"
"2004-08-06";"P";"E";"I";"95.5834"
"2004-08-09";"P";"E";"I";"95.593"
"2004-08-10";"P";"E";"I";"95.5784"
"2004-08-11";"P";"E";"I";"95.4176"
"2004-08-12";"P";"E";"I";"95.5783"
"2004-08-13";"P";"E";"I";"95.8218"
"2004-08-16";"P";"E";"I";"95.918"
"2004-08-17";"P";"E";"I";"95.9198"
"2004-08-18";"P";"E";"I";"95.8363"
"2004-08-19";"P";"E";"I";"95.7678"
"2004-08-20";"P";"E";"I";"95.8159"
"2004-08-23";"P";"E";"I";"95.511"
"2004-08-24";"P";"E";"I";"95.4605"
"2004-08-25";"P";"E";"I";"95.657"
"2004-08-26";"P";"E";"I";"95.5614"
"2004-08-27";"P";"E";"I";"95.4354"
"2004-08-30";"P";"E";"I";"95.4866"
"2004-08-31";"P";"E";"I";"95.3006"
"2004-09-01";"P";"E";"I";"95.4903"
"2004-09-02";"P";"E";"I";"95.7966"
"2004-09-03";"P";"E";"I";"95.74"
"2004-09-06";"P";"E";"I";"95.8119"
"2004-09-07";"P";"E";"I";"95.7524"
"2004-09-08";"P";"E";"I";"95.5938"
"2004-09-09";"P";"E";"I";"95.3576"
"2004-09-10";"P";"E";"I";"95.1069"
"2004-09-13";"P";"E";"I";"95.1477"
"2004-09-14";"P";"E";"I";"95.0177"
"2004-09-15";"P";"E";"I";"95.0706"
"2004-09-16";"P";"E";"I";"94.9347"
"2004-09-17";"P";"E";"I";"94.6776"
"2004-09-20";"P";"E";"I";"94.7149"
"2004-09-21";"P";"E";"I";"94.5227"
"2004-09-22";"P";"E";"I";"94.5732"
"2004-09-23";"P";"E";"I";"94.5782"
"2004-09-24";"P";"E";"I";"94.5596"
"2004-09-27";"P";"E";"I";"94.3659"
"2004-09-28";"P";"E";"I";"94.1942"
"2004-09-29";"P";"E";"I";"94.1198"
"2004-09-30";"P";"E";"I";"94.0751"
"2004-10-01";"P";"E";"I";"94.3347"
"2004-10-04";"P";"E";"I";"94.1899"
"2004-10-05";"P";"E";"I";"94.0876"
"2004-10-06";"P";"E";"I";"94.0204"
"2004-10-07";"P";"E";"I";"94.1011"
"2004-10-08";"P";"E";"I";"94.2037"
"2004-10-11";"P";"E";"I";"94.2563"
"2004-10-12";"P";"E";"I";"94.3916"
"2004-10-13";"P";"E";"I";"94.5614"
"2004-10-14";"P";"E";"I";"94.6797"
"2004-10-15";"P";"E";"I";"94.8998"
"2004-10-18";"P";"E";"I";"95.0222"
"2004-10-19";"P";"E";"I";"94.9978"
"2004-10-20";"P";"E";"I";"95.2215"
"2004-10-21";"P";"E";"I";"95.2816"
"2004-10-22";"P";"E";"I";"95.2566"
"2004-10-25";"P";"E";"I";"95.6552"
"2004-10-26";"P";"E";"I";"95.6051"
"2004-10-27";"P";"E";"I";"95.7146"
"2004-10-28";"P";"E";"I";"95.7326"
"2004-10-29";"P";"E";"I";"96.0472"
"2004-11-01";"P";"E";"I";"95.9163"
"2004-11-02";"P";"E";"I";"95.8463"
"2004-11-03";"P";"E";"I";"95.7573"
"2004-11-04";"P";"E";"I";"95.9727"
"2004-11-05";"P";"E";"I";"95.9905"
"2004-11-08";"P";"E";"I";"96.1716"
"2004-11-09";"P";"E";"I";"96.18"
"2004-11-10";"P";"E";"I";"96.3152"
"2004-11-11";"P";"E";"I";"96.5732"
"2004-11-12";"P";"E";"I";"96.5773"
"2004-11-15";"P";"E";"I";"96.5414"
"2004-11-16";"P";"E";"I";"96.4703"
"2004-11-17";"P";"E";"I";"96.5489"
"2004-11-18";"P";"E";"I";"96.8656"
"2004-11-19";"P";"E";"I";"97.0186"
"2004-11-22";"P";"E";"I";"97.0325"
"2004-11-23";"P";"E";"I";"96.8569"
"2004-11-24";"P";"E";"I";"96.9619"
"2004-11-25";"P";"E";"I";"97.2908"
"2004-11-26";"P";"E";"I";"96.9485"
"2004-11-29";"P";"E";"I";"96.8624"
"2004-11-30";"P";"E";"I";"96.9968"
"2004-12-01";"P";"E";"I";"96.7981"
"2004-12-02";"P";"E";"I";"96.4482"
"2004-12-03";"P";"E";"I";"96.1491"
"2004-12-06";"P";"E";"I";"96.0705"
"2004-12-07";"P";"E";"I";"95.9091"
"2004-12-08";"P";"E";"I";"95.6363"
"2004-12-09";"P";"E";"I";"95.5832"
"2004-12-10";"P";"E";"I";"95.5436"
"2004-12-13";"P";"E";"I";"95.3889"
"2004-12-14";"P";"E";"I";"95.2742"
"2004-12-15";"P";"E";"I";"95.5356"
"2004-12-16";"P";"E";"I";"95.4386"
"2004-12-17";"P";"E";"I";"95.2749"
"2004-12-20";"P";"E";"I";"95.14"
"2004-12-21";"P";"E";"I";"94.867"
"2004-12-22";"P";"E";"I";"94.8001"
"2004-12-23";"P";"E";"I";"94.6533"
"2004-12-24";"P";"E";"I";"94.4994"
"2004-12-27";"P";"E";"I";"94.4132"
"2004-12-28";"P";"E";"I";"94.451"
"2004-12-29";"P";"E";"I";"94.4648"
"2004-12-30";"P";"E";"I";"94.4673"
"2004-12-31";"P";"E";"I";"94.5302"
"2005-01-03";"P";"E";"I";"94.4389"
"2005-01-04";"P";"E";"I";"94.2797"
"2005-01-05";"P";"E";"I";"93.9834"
"2005-01-06";"P";"E";"I";"94.0234"
"2005-01-07";"P";"E";"I";"94.2213"
"2005-01-10";"P";"E";"I";"94.2566"
"2005-01-11";"P";"E";"I";"94.2684"
"2005-01-12";"P";"E";"I";"94.1027"
"2005-01-13";"P";"E";"I";"94.189"
"2005-01-14";"P";"E";"I";"94.0409"
"2005-01-17";"P";"E";"I";"94.376"
"2005-01-18";"P";"E";"I";"94.344"
"2005-01-19";"P";"E";"I";"94.4665"
"2005-01-20";"P";"E";"I";"94.5976"
"2005-01-21";"P";"E";"I";"94.3268"
"2005-01-24";"P";"E";"I";"94.3521"
"2005-01-25";"P";"E";"I";"94.4541"
"2005-01-26";"P";"E";"I";"94.1333"
"2005-01-27";"P";"E";"I";"94.27"
"2005-01-28";"P";"E";"I";"94.3615"
"2005-01-31";"P";"E";"I";"94.1166"
"2005-02-01";"P";"E";"I";"93.9259"
"2005-02-02";"P";"E";"I";"93.89"
"2005-02-03";"P";"E";"I";"93.6554"
"2005-02-04";"P";"E";"I";"93.4938"
"2005-02-07";"P";"E";"I";"93.5089"
"2005-02-08";"P";"E";"I";"93.4234"
"2005-02-09";"P";"E";"I";"93.5466"
"2005-02-10";"P";"E";"I";"93.5272"
"2005-02-11";"P";"E";"I";"93.5794"
"2005-02-14";"P";"E";"I";"93.6832"
"2005-02-15";"P";"E";"I";"93.7715"
"2005-02-16";"P";"E";"I";"94.0224"
"2005-02-17";"P";"E";"I";"93.9351"
"2005-02-18";"P";"E";"I";"93.9675"
"2005-02-21";"P";"E";"I";"94.0118"
"2005-02-22";"P";"E";"I";"94.2392"
"2005-02-23";"P";"E";"I";"94.3781"
"2005-02-24";"P";"E";"I";"94.3516"
"2005-02-25";"P";"E";"I";"94.074"
"2005-02-28";"P";"E";"I";"94.2516"
"2005-03-01";"P";"E";"I";"94.4268"
"2005-03-02";"P";"E";"I";"94.246"
"2005-03-03";"P";"E";"I";"93.8876"
"2005-03-04";"P";"E";"I";"93.5993"
"2005-03-07";"P";"E";"I";"93.6669"
"2005-03-08";"P";"E";"I";"93.3659"
"2005-03-09";"P";"E";"I";"93.4399"
"2005-03-10";"P";"E";"I";"93.5138"
"2005-03-11";"P";"E";"I";"93.5276"
"2005-03-14";"P";"E";"I";"93.448"
"2005-03-15";"P";"E";"I";"93.4835"
"2005-03-16";"P";"E";"I";"93.5533"
"2005-03-17";"P";"E";"I";"93.7558"
"2005-03-18";"P";"E";"I";"93.5445"
"2005-03-21";"P";"E";"I";"93.4015"
"2005-03-22";"P";"E";"I";"93.2939"
"2005-03-23";"P";"E";"I";"93.1732"
"2005-03-24";"P";"E";"I";"93.2722"
"2005-03-25";"P";"E";"I";"93.2901"
"2005-03-28";"P";"E";"I";"93.31"
"2005-03-29";"P";"E";"I";"93.3335"
"2005-03-30";"P";"E";"I";"93.3563"
"2005-03-31";"P";"E";"I";"93.4491"
"2005-04-01";"P";"E";"I";"93.3791"
"2005-04-04";"P";"E";"I";"93.3016"
"2005-04-05";"P";"E";"I";"93.2058"
"2005-04-06";"P";"E";"I";"93.442"
"2005-04-07";"P";"E";"I";"93.4388"
"2005-04-08";"P";"E";"I";"93.4499"
"2005-04-11";"P";"E";"I";"93.5821"
"2005-04-12";"P";"E";"I";"93.562"
"2005-04-13";"P";"E";"I";"93.6329"
"2005-04-14";"P";"E";"I";"93.3849"
"2005-04-15";"P";"E";"I";"93.3021"
"2005-04-18";"P";"E";"I";"93.7111"
"2005-04-19";"P";"E";"I";"93.7738"
"2005-04-20";"P";"E";"I";"93.8349"
"2005-04-21";"P";"E";"I";"93.9168"
"2005-04-22";"P";"E";"I";"93.8522"
"2005-04-25";"P";"E";"I";"93.8765"
"2005-04-26";"P";"E";"I";"93.8571"
"2005-04-27";"P";"E";"I";"93.8754"
"2005-04-28";"P";"E";"I";"93.9972"
"2005-04-29";"P";"E";"I";"94.1939"
"2005-05-02";"P";"E";"I";"94.0462"
"2005-05-03";"P";"E";"I";"93.8182"
"2005-05-04";"P";"E";"I";"93.8112"
"2005-05-05";"P";"E";"I";"93.622"
"2005-05-06";"P";"E";"I";"93.4366"
"2005-05-09";"P";"E";"I";"93.3723"
"2005-05-10";"P";"E";"I";"93.4354"
"2005-05-11";"P";"E";"I";"93.5168"
"2005-05-12";"P";"E";"I";"93.4647"
"2005-05-13";"P";"E";"I";"93.5219"
"2005-05-16";"P";"E";"I";"93.4714"
"2005-05-17";"P";"E";"I";"93.4198"
"2005-05-18";"P";"E";"I";"93.5738"
"2005-05-19";"P";"E";"I";"93.4415"
"2005-05-20";"P";"E";"I";"93.2857"
"2005-05-23";"P";"E";"I";"93.1367"
"2005-05-24";"P";"E";"I";"93.1621"
"2005-05-25";"P";"E";"I";"93.2129"
"2005-05-26";"P";"E";"I";"93.2036"
"2005-05-27";"P";"E";"I";"93.0824"
"2005-05-30";"P";"E";"I";"93.1598"
"2005-05-31";"P";"E";"I";"93.3028"
"2005-06-01";"P";"E";"I";"93.8833"
"2005-06-02";"P";"E";"I";"93.8353"
"2005-06-03";"P";"E";"I";"93.7593"
"2005-06-06";"P";"E";"I";"93.9628"
"2005-06-07";"P";"E";"I";"94.0188"
"2005-06-08";"P";"E";"I";"93.8564"
"2005-06-09";"P";"E";"I";"93.9382"
"2005-06-10";"P";"E";"I";"93.8459"
"2005-06-13";"P";"E";"I";"93.5782"
"2005-06-14";"P";"E";"I";"93.5017"
"2005-06-15";"P";"E";"I";"93.5229"
"2005-06-16";"P";"E";"I";"93.5875"
"2005-06-17";"P";"E";"I";"93.3835"
"2005-06-20";"P";"E";"I";"93.2161"
"2005-06-21";"P";"E";"I";"93.3845"
"2005-06-22";"P";"E";"I";"93.5328"
"2005-06-23";"P";"E";"I";"93.4459"
"2005-06-24";"P";"E";"I";"93.5041"
"2005-06-27";"P";"E";"I";"93.4205"
"2005-06-28";"P";"E";"I";"93.2508"
"2005-06-29";"P";"E";"I";"93.2065"
"2005-06-30";"P";"E";"I";"92.9851"
"2005-07-01";"P";"E";"I";"92.7612"
"2005-07-04";"P";"E";"I";"92.9809"
"2005-07-05";"P";"E";"I";"92.8206"
"2005-07-06";"P";"E";"I";"92.7046"
"2005-07-07";"P";"E";"I";"92.7031"
"2005-07-08";"P";"E";"I";"92.7552"
"2005-07-11";"P";"E";"I";"92.5626"
"2005-07-12";"P";"E";"I";"92.5259"
"2005-07-13";"P";"E";"I";"92.3935"
"2005-07-14";"P";"E";"I";"92.3807"
"2005-07-15";"P";"E";"I";"92.2228"
"2005-07-18";"P";"E";"I";"92.198"
"2005-07-19";"P";"E";"I";"92.007"
"2005-07-20";"P";"E";"I";"92.0121"
"2005-07-21";"P";"E";"I";"92.0183"
"2005-07-22";"P";"E";"I";"91.9641"
"2005-07-25";"P";"E";"I";"91.9405"
"2005-07-26";"P";"E";"I";"92.0705"
"2005-07-27";"P";"E";"I";"91.949"
"2005-07-28";"P";"E";"I";"91.8069"
"2005-07-29";"P";"E";"I";"92.0449"
"2005-08-01";"P";"E";"I";"92.1527"
"2005-08-02";"P";"E";"I";"92.2658"
"2005-08-03";"P";"E";"I";"92.2769"
"2005-08-04";"P";"E";"I";"92.2219"
"2005-08-05";"P";"E";"I";"92.1388"
"2005-08-08";"P";"E";"I";"92.0291"
"2005-08-09";"P";"E";"I";"92.2844"
"2005-08-10";"P";"E";"I";"92.2659"
"2005-08-11";"P";"E";"I";"92.4241"
"2005-08-12";"P";"E";"I";"92.5225"
"2005-08-15";"P";"E";"I";"92.6097"
"2005-08-16";"P";"E";"I";"92.5546"
"2005-08-17";"P";"E";"I";"92.6712"
"2005-08-18";"P";"E";"I";"92.9379"
"2005-08-19";"P";"E";"I";"92.8719"
"2005-08-22";"P";"E";"I";"92.6294"
"2005-08-23";"P";"E";"I";"92.4584"
"2005-08-24";"P";"E";"I";"92.4297"
"2005-08-25";"P";"E";"I";"92.7709"
"2005-08-26";"P";"E";"I";"92.9388"
"2005-08-29";"P";"E";"I";"92.9979"
"2005-08-30";"P";"E";"I";"92.7074"
"2005-08-31";"P";"E";"I";"92.7476"
"2005-09-01";"P";"E";"I";"92.8983"
"2005-09-02";"P";"E";"I";"93.2166"
"2005-09-05";"P";"E";"I";"93.2053"
"2005-09-06";"P";"E";"I";"93.0892"
"2005-09-07";"P";"E";"I";"93.0767"
"2005-09-08";"P";"E";"I";"93.1119"
"2005-09-09";"P";"E";"I";"93.1643"
"2005-09-12";"P";"E";"I";"93.0419"
"2005-09-13";"P";"E";"I";"92.832"
"2005-09-14";"P";"E";"I";"92.806"
"2005-09-15";"P";"E";"I";"92.9056"
"2005-09-16";"P";"E";"I";"92.5535"
"2005-09-19";"P";"E";"I";"92.5478"
"2005-09-20";"P";"E";"I";"92.4228"
"2005-09-21";"P";"E";"I";"92.4723"
"2005-09-22";"P";"E";"I";"92.3482"
"2005-09-23";"P";"E";"I";"92.2013"
"2005-09-26";"P";"E";"I";"92.1323"
"2005-09-27";"P";"E";"I";"92.074"
"2005-09-28";"P";"E";"I";"92.1484"
"2005-09-29";"P";"E";"I";"91.9732"
"2005-09-30";"P";"E";"I";"92.1366"
"2005-10-03";"P";"E";"I";"92.2057"
"2005-10-04";"P";"E";"I";"92.3942"
"2005-10-05";"P";"E";"I";"92.3557"
"2005-10-06";"P";"E";"I";"92.6701"
"2005-10-07";"P";"E";"I";"92.4854"
"2005-10-10";"P";"E";"I";"92.4649"
"2005-10-11";"P";"E";"I";"92.5218"
"2005-10-12";"P";"E";"I";"92.5146"
"2005-10-13";"P";"E";"I";"92.3467"
"2005-10-14";"P";"E";"I";"92.4676"
"2005-10-17";"P";"E";"I";"92.3273"
"2005-10-18";"P";"E";"I";"92.1992"
"2005-10-19";"P";"E";"I";"92.3113"
"2005-10-20";"P";"E";"I";"92.2782"
"2005-10-21";"P";"E";"I";"92.5995"
"2005-10-24";"P";"E";"I";"92.7095"
"2005-10-25";"P";"E";"I";"92.7831"
"2005-10-26";"P";"E";"I";"92.6257"
"2005-10-27";"P";"E";"I";"92.6198"
"2005-10-28";"P";"E";"I";"92.7015"
"2005-10-31";"P";"E";"I";"92.7285"
"2005-11-01";"P";"E";"I";"92.6438"
"2005-11-02";"P";"E";"I";"92.7376"
"2005-11-03";"P";"E";"I";"92.8214"
"2005-11-04";"P";"E";"I";"92.7976"
"2005-11-07";"P";"E";"I";"92.8467"
"2005-11-08";"P";"E";"I";"92.8369"
"2005-11-09";"P";"E";"I";"92.8595"
"2005-11-10";"P";"E";"I";"92.9591"
"2005-11-11";"P";"E";"I";"93.151"
"2005-11-14";"P";"E";"I";"93.032"
"2005-11-15";"P";"E";"I";"92.9195"
"2005-11-16";"P";"E";"I";"92.637"
"2005-11-17";"P";"E";"I";"92.5777"
"2005-11-18";"P";"E";"I";"92.5153"
"2005-11-21";"P";"E";"I";"92.4023"
"2005-11-22";"P";"E";"I";"92.4829"
"2005-11-23";"P";"E";"I";"92.3606"
"2005-11-24";"P";"E";"I";"92.222"
"2005-11-25";"P";"E";"I";"92.2361"
"2005-11-28";"P";"E";"I";"92.4577"
"2005-11-29";"P";"E";"I";"92.4034"
"2005-11-30";"P";"E";"I";"92.3184"
"2005-12-01";"P";"E";"I";"92.3779"
"2005-12-02";"P";"E";"I";"92.5445"
"2005-12-05";"P";"E";"I";"92.4703"
"2005-12-06";"P";"E";"I";"92.6806"
"2005-12-07";"P";"E";"I";"92.7054"
"2005-12-08";"P";"E";"I";"92.7648"
"2005-12-09";"P";"E";"I";"92.7234"
"2005-12-12";"P";"E";"I";"92.6602"
"2005-12-13";"P";"E";"I";"92.4817"
"2005-12-14";"P";"E";"I";"92.347"
"2005-12-15";"P";"E";"I";"92.3699"
"2005-12-16";"P";"E";"I";"92.2543"
"2005-12-19";"P";"E";"I";"91.8609"
"2005-12-20";"P";"E";"I";"91.7034"
"2005-12-21";"P";"E";"I";"91.6601"
"2005-12-22";"P";"E";"I";"91.5429"
"2005-12-23";"P";"E";"I";"91.375"
"2005-12-26";"P";"E";"I";"91.3509"
"2005-12-27";"P";"E";"I";"91.3267"
"2005-12-28";"P";"E";"I";"91.2358"
"2005-12-29";"P";"E";"I";"91.1889"
"2005-12-30";"P";"E";"I";"91.3227"
"2006-01-02";"P";"E";"I";"91.3982"
"2006-01-03";"P";"E";"I";"91.4769"
"2006-01-04";"P";"E";"I";"91.5355"
"2006-01-05";"P";"E";"I";"91.6982"
"2006-01-06";"P";"E";"I";"91.8966"
"2006-01-09";"P";"E";"I";"92.0802"
"2006-01-10";"P";"E";"I";"92.0461"
"2006-01-11";"P";"E";"I";"91.7919"
"2006-01-12";"P";"E";"I";"91.7339"
"2006-01-13";"P";"E";"I";"91.7388"
"2006-01-16";"P";"E";"I";"91.6253"
"2006-01-17";"P";"E";"I";"91.621"
"2006-01-18";"P";"E";"I";"91.7197"
"2006-01-19";"P";"E";"I";"91.4242"
"2006-01-20";"P";"E";"I";"91.4845"
"2006-01-23";"P";"E";"I";"91.6322"
"2006-01-24";"P";"E";"I";"91.6282"
"2006-01-25";"P";"E";"I";"91.54"
"2006-01-26";"P";"E";"I";"91.65"
"2006-01-27";"P";"E";"I";"91.4813"
"2006-01-30";"P";"E";"I";"91.2613"
"2006-01-31";"P";"E";"I";"91.3256"
"2006-02-01";"P";"E";"I";"91.3341"
"2006-02-02";"P";"E";"I";"91.2292"
"2006-02-03";"P";"E";"I";"91.1633"
"2006-02-06";"P";"E";"I";"91.2016"
"2006-02-07";"P";"E";"I";"91.1086"
"2006-02-08";"P";"E";"I";"91.3273"
"2006-02-09";"P";"E";"I";"91.2046"
"2006-02-10";"P";"E";"I";"91.1774"
"2006-02-13";"P";"E";"I";"91.1487"
"2006-02-14";"P";"E";"I";"91.0638"
"2006-02-15";"P";"E";"I";"90.9341"
"2006-02-16";"P";"E";"I";"90.9744"
"2006-02-17";"P";"E";"I";"90.7689"
"2006-02-20";"P";"E";"I";"90.6677"
"2006-02-21";"P";"E";"I";"90.7372"
"2006-02-22";"P";"E";"I";"90.9019"
"2006-02-23";"P";"E";"I";"90.717"
"2006-02-24";"P";"E";"I";"90.6927"
"2006-02-27";"P";"E";"I";"90.4603"
"2006-02-28";"P";"E";"I";"90.3708"
"2006-03-01";"P";"E";"I";"90.5516"
"2006-03-02";"P";"E";"I";"90.3928"
"2006-03-03";"P";"E";"I";"90.5123"
"2006-03-06";"P";"E";"I";"90.6375"
"2006-03-07";"P";"E";"I";"90.721"
"2006-03-08";"P";"E";"I";"90.5796"
"2006-03-09";"P";"E";"I";"90.5002"
"2006-03-10";"P";"E";"I";"90.2823"
"2006-03-13";"P";"E";"I";"90.0142"
"2006-03-14";"P";"E";"I";"90.2181"
"2006-03-15";"P";"E";"I";"90.2542"
"2006-03-16";"P";"E";"I";"90.3648"
"2006-03-17";"P";"E";"I";"89.923"
"2006-03-20";"P";"E";"I";"89.863"
"2006-03-21";"P";"E";"I";"89.9508"
"2006-03-22";"P";"E";"I";"89.7816"
"2006-03-23";"P";"E";"I";"89.6355"
"2006-03-24";"P";"E";"I";"89.5566"
"2006-03-27";"P";"E";"I";"89.7628"
"2006-03-28";"P";"E";"I";"89.8011"
"2006-03-29";"P";"E";"I";"89.8308"
"2006-03-30";"P";"E";"I";"89.6141"
"2006-03-31";"P";"E";"I";"89.4063"
"2006-04-03";"P";"E";"I";"89.3783"
"2006-04-04";"P";"E";"I";"89.2638"
"2006-04-05";"P";"E";"I";"89.4708"
"2006-04-06";"P";"E";"I";"89.4484"
"2006-04-07";"P";"E";"I";"89.5437"
"2006-04-10";"P";"E";"I";"89.6641"
"2006-04-11";"P";"E";"I";"89.4789"
"2006-04-12";"P";"E";"I";"89.6493"
"2006-04-13";"P";"E";"I";"89.8144"
"2006-04-14";"P";"E";"I";"89.8942"
"2006-04-17";"P";"E";"I";"89.9763"
"2006-04-18";"P";"E";"I";"90.0624"
"2006-04-19";"P";"E";"I";"90.0039"
"2006-04-20";"P";"E";"I";"89.891"
"2006-04-21";"P";"E";"I";"89.6577"
"2006-04-24";"P";"E";"I";"89.7243"
"2006-04-25";"P";"E";"I";"89.6666"
"2006-04-26";"P";"E";"I";"89.4707"
"2006-04-27";"P";"E";"I";"89.2639"
"2006-04-28";"P";"E";"I";"89.5457"
"2006-05-01";"P";"E";"I";"89.8967"
"2006-05-02";"P";"E";"I";"90.2467"
"2006-05-03";"P";"E";"I";"90.3278"
"2006-05-04";"P";"E";"I";"90.3807"
"2006-05-05";"P";"E";"I";"90.3831"
"2006-05-08";"P";"E";"I";"90.5115"
"2006-05-09";"P";"E";"I";"90.5099"
"2006-05-10";"P";"E";"I";"90.6567"
"2006-05-11";"P";"E";"I";"90.3929"
"2006-05-12";"P";"E";"I";"90.9069"
"2006-05-15";"P";"E";"I";"91.0289"
"2006-05-16";"P";"E";"I";"90.8957"
"2006-05-17";"P";"E";"I";"91.0298"
"2006-05-18";"P";"E";"I";"91.1354"
"2006-05-19";"P";"E";"I";"90.7367"
"2006-05-22";"P";"E";"I";"91.0554"
"2006-05-23";"P";"E";"I";"91.0668"
"2006-05-24";"P";"E";"I";"91.0533"
"2006-05-25";"P";"E";"I";"90.8619"
"2006-05-26";"P";"E";"I";"90.6696"
"2006-05-29";"P";"E";"I";"90.4897"
"2006-05-30";"P";"E";"I";"90.5601"
"2006-05-31";"P";"E";"I";"90.6311"
"2006-06-01";"P";"E";"I";"90.4511"
"2006-06-02";"P";"E";"I";"90.2594"
"2006-06-05";"P";"E";"I";"90.4726"
"2006-06-06";"P";"E";"I";"90.6842"
"2006-06-07";"P";"E";"I";"90.4804"
"2006-06-08";"P";"E";"I";"90.4382"
"2006-06-09";"P";"E";"I";"90.5666"
"2006-06-12";"P";"E";"I";"90.821"
"2006-06-13";"P";"E";"I";"90.9264"
"2006-06-14";"P";"E";"I";"90.9052"
"2006-06-15";"P";"E";"I";"90.8401"
"2006-06-16";"P";"E";"I";"90.7133"
"2006-06-19";"P";"E";"I";"90.5883"
"2006-06-20";"P";"E";"I";"90.4197"
"2006-06-21";"P";"E";"I";"90.4109"
"2006-06-22";"P";"E";"I";"90.22"
"2006-06-23";"P";"E";"I";"90.1616"
"2006-06-26";"P";"E";"I";"90.2328"
"2006-06-27";"P";"E";"I";"90.0062"
"2006-06-28";"P";"E";"I";"90.1107"
"2006-06-29";"P";"E";"I";"90.0955"
"2006-06-30";"P";"E";"I";"89.9363"
"2006-07-03";"P";"E";"I";"89.9809"
"2006-07-04";"P";"E";"I";"89.8542"
"2006-07-05";"P";"E";"I";"89.9166"
"2006-07-06";"P";"E";"I";"89.8368"
"2006-07-07";"P";"E";"I";"89.7588"
"2006-07-10";"P";"E";"I";"89.9558"
"2006-07-11";"P";"E";"I";"90.0174"
"2006-07-12";"P";"E";"I";"89.9628"
"2006-07-13";"P";"E";"I";"90.0865"
"2006-07-14";"P";"E";"I";"90.2346"
"2006-07-17";"P";"E";"I";"90.2349"
"2006-07-18";"P";"E";"I";"90.0581"
"2006-07-19";"P";"E";"I";"89.9506"
"2006-07-20";"P";"E";"I";"89.7023"
"2006-07-21";"P";"E";"I";"89.747"
"2006-07-24";"P";"E";"I";"89.5344"
"2006-07-25";"P";"E";"I";"89.542"
"2006-07-26";"P";"E";"I";"89.4943"
"2006-07-27";"P";"E";"I";"89.5012"
"2006-07-28";"P";"E";"I";"89.6746"
"2006-07-31";"P";"E";"I";"89.7011"
"2006-08-01";"P";"E";"I";"89.734"
"2006-08-02";"P";"E";"I";"89.7658"
"2006-08-03";"P";"E";"I";"89.6442"
"2006-08-04";"P";"E";"I";"89.5326"
"2006-08-07";"P";"E";"I";"89.7797"
"2006-08-08";"P";"E";"I";"89.7863"
"2006-08-09";"P";"E";"I";"89.7593"
"2006-08-10";"P";"E";"I";"89.6922"
"2006-08-11";"P";"E";"I";"89.4999"
"2006-08-14";"P";"E";"I";"89.4496"
"2006-08-15";"P";"E";"I";"89.4739"
"2006-08-16";"P";"E";"I";"89.5195"
"2006-08-17";"P";"E";"I";"89.7085"
"2006-08-18";"P";"E";"I";"89.594"
"2006-08-21";"P";"E";"I";"89.7088"
"2006-08-22";"P";"E";"I";"89.7588"
"2006-08-23";"P";"E";"I";"89.648"
"2006-08-24";"P";"E";"I";"89.6302"
"2006-08-25";"P";"E";"I";"89.6501"
"2006-08-28";"P";"E";"I";"89.6699"
"2006-08-29";"P";"E";"I";"89.82"
"2006-08-30";"P";"E";"I";"90.0049"
"2006-08-31";"P";"E";"I";"89.984"
"2006-09-01";"P";"E";"I";"89.9299"
"2006-09-04";"P";"E";"I";"89.7802"
"2006-09-05";"P";"E";"I";"89.703"
"2006-09-06";"P";"E";"I";"89.7173"
"2006-09-07";"P";"E";"I";"89.7359"
"2006-09-08";"P";"E";"I";"89.7258"
"2006-09-11";"P";"E";"I";"89.8059"
"2006-09-12";"P";"E";"I";"89.8491"
"2006-09-13";"P";"E";"I";"89.3831"
"2006-09-14";"P";"E";"I";"89.5266"
"2006-09-15";"P";"E";"I";"88.9587"
"2006-09-18";"P";"E";"I";"89.3883"
"2006-09-19";"P";"E";"I";"89.2123"
"2006-09-20";"P";"E";"I";"89.3796"
"2006-09-21";"P";"E";"I";"89.4501"
"2006-09-22";"P";"E";"I";"89.4722"
"2006-09-25";"P";"E";"I";"89.8936"
"2006-09-26";"P";"E";"I";"89.879"
"2006-09-27";"P";"E";"I";"89.8948"
"2006-09-28";"P";"E";"I";"89.6081"
"2006-09-29";"P";"E";"I";"89.4007"
"2006-10-02";"P";"E";"I";"89.502"
"2006-10-03";"P";"E";"I";"89.4824"
"2006-10-04";"P";"E";"I";"89.4404"
"2006-10-05";"P";"E";"I";"89.2518"
"2006-10-06";"P";"E";"I";"89.2326"
"2006-10-09";"P";"E";"I";"89.3348"
"2006-10-10";"P";"E";"I";"89.1734"
"2006-10-11";"P";"E";"I";"89.0043"
"2006-10-12";"P";"E";"I";"89.0622"
"2006-10-13";"P";"E";"I";"89.0123"
"2006-10-16";"P";"E";"I";"89.1103"
"2006-10-17";"P";"E";"I";"89.165"
"2006-10-18";"P";"E";"I";"89.1798"
"2006-10-19";"P";"E";"I";"89.1833"
"2006-10-20";"P";"E";"I";"89.2868"
"2006-10-23";"P";"E";"I";"89.2021"
"2006-10-24";"P";"E";"I";"89.0778"
"2006-10-25";"P";"E";"I";"89.1396"
"2006-10-26";"P";"E";"I";"89.0682"
"2006-10-27";"P";"E";"I";"89.0974"
"2006-10-30";"P";"E";"I";"89.1756"
"2006-10-31";"P";"E";"I";"89.2522"
"2006-11-01";"P";"E";"I";"89.2668"
"2006-11-02";"P";"E";"I";"89.1401"
"2006-11-03";"P";"E";"I";"89.0731"
"2006-11-06";"P";"E";"I";"88.8161"
"2006-11-07";"P";"E";"I";"88.7169"
"2006-11-08";"P";"E";"I";"88.7984"
"2006-11-09";"P";"E";"I";"88.7638"
"2006-11-10";"P";"E";"I";"88.9157"
"2006-11-13";"P";"E";"I";"88.9266"
"2006-11-14";"P";"E";"I";"88.8483"
"2006-11-15";"P";"E";"I";"88.5828"
"2006-11-16";"P";"E";"I";"88.5753"
"2006-11-17";"P";"E";"I";"88.5725"
"2006-11-20";"P";"E";"I";"88.7487"
"2006-11-21";"P";"E";"I";"88.8189"
"2006-11-22";"P";"E";"I";"88.9205"
"2006-11-23";"P";"E";"I";"89.2075"
"2006-11-24";"P";"E";"I";"89.3703"
"2006-11-27";"P";"E";"I";"89.3176"
"2006-11-28";"P";"E";"I";"89.2666"
"2006-11-29";"P";"E";"I";"89.0319"
"2006-11-30";"P";"E";"I";"88.8725"
"2006-12-01";"P";"E";"I";"89.1106"
"2006-12-04";"P";"E";"I";"88.844"
"2006-12-05";"P";"E";"I";"88.8648"
"2006-12-06";"P";"E";"I";"89.023"
"2006-12-07";"P";"E";"I";"89.0058"
"2006-12-08";"P";"E";"I";"88.9634"
"2006-12-11";"P";"E";"I";"88.9248"
"2006-12-12";"P";"E";"I";"88.8134"
"2006-12-13";"P";"E";"I";"88.6694"
"2006-12-14";"P";"E";"I";"88.46"
"2006-12-15";"P";"E";"I";"88.4473"
"2006-12-18";"P";"E";"I";"88.3687"
"2006-12-19";"P";"E";"I";"88.1509"
"2006-12-20";"P";"E";"I";"88.0209"
"2006-12-21";"P";"E";"I";"88.1007"
"2006-12-22";"P";"E";"I";"88.1332"
"2006-12-25";"P";"E";"I";"88.1151"
"2006-12-26";"P";"E";"I";"88.0973"
"2006-12-27";"P";"E";"I";"88.0791"
"2006-12-28";"P";"E";"I";"87.8155"
"2006-12-29";"P";"E";"I";"87.9641"
"2007-01-01";"P";"E";"I";"87.8144"
"2007-01-02";"P";"E";"I";"87.6692"
"2007-01-03";"P";"E";"I";"87.5207"
"2007-01-04";"P";"E";"I";"87.5866"
"2007-01-05";"P";"E";"I";"87.8514"
"2007-01-08";"P";"E";"I";"87.8976"
"2007-01-09";"P";"E";"I";"87.6543"
"2007-01-10";"P";"E";"I";"87.5745"
"2007-01-11";"P";"E";"I";"87.4729"
"2007-01-12";"P";"E";"I";"87.646"
"2007-01-15";"P";"E";"I";"87.6911"
"2007-01-16";"P";"E";"I";"87.6562"
"2007-01-17";"P";"E";"I";"87.6714"
"2007-01-18";"P";"E";"I";"87.3832"
"2007-01-19";"P";"E";"I";"87.4833"
"2007-01-22";"P";"E";"I";"87.4337"
"2007-01-23";"P";"E";"I";"87.4534"
"2007-01-24";"P";"E";"I";"87.5301"
"2007-01-25";"P";"E";"I";"87.5563"
"2007-01-26";"P";"E";"I";"87.5899"
"2007-01-29";"P";"E";"I";"87.3623"
"2007-01-30";"P";"E";"I";"87.2199"
"2007-01-31";"P";"E";"I";"87.2016"
"2007-02-01";"P";"E";"I";"87.4863"
"2007-02-02";"P";"E";"I";"87.5359"
"2007-02-05";"P";"E";"I";"87.5817"
"2007-02-06";"P";"E";"I";"87.819"
"2007-02-07";"P";"E";"I";"87.9325"
"2007-02-08";"P";"E";"I";"87.3567"
"2007-02-09";"P";"E";"I";"87.233"
"2007-02-12";"P";"E";"I";"87.2551"
"2007-02-13";"P";"E";"I";"87.2159"
"2007-02-14";"P";"E";"I";"87.0693"
"2007-02-15";"P";"E";"I";"87.1301"
"2007-02-16";"P";"E";"I";"87.3457"
"2007-02-19";"P";"E";"I";"87.381"
"2007-02-20";"P";"E";"I";"87.1471"
"2007-02-21";"P";"E";"I";"87.1191"
"2007-02-22";"P";"E";"I";"87.0886"
"2007-02-23";"P";"E";"I";"87.1668"
"2007-02-26";"P";"E";"I";"87.3834"
"2007-02-27";"P";"E";"I";"87.5477"
"2007-02-28";"P";"E";"I";"87.8348"
"2007-03-01";"P";"E";"I";"87.8189"
"2007-03-02";"P";"E";"I";"87.8521"
"2007-03-05";"P";"E";"I";"88.6588"
"2007-03-06";"P";"E";"I";"88.4396"
"2007-03-07";"P";"E";"I";"88.2522"
"2007-03-08";"P";"E";"I";"88.1605"
"2007-03-09";"P";"E";"I";"87.8321"
"2007-03-12";"P";"E";"I";"87.5922"
"2007-03-13";"P";"E";"I";"87.8221"
"2007-03-14";"P";"E";"I";"88.1562"
"2007-03-15";"P";"E";"I";"87.8938"
"2007-03-16";"P";"E";"I";"88.1637"
"2007-03-19";"P";"E";"I";"87.944"
"2007-03-20";"P";"E";"I";"87.8599"
"2007-03-21";"P";"E";"I";"87.7308"
"2007-03-22";"P";"E";"I";"87.5396"
"2007-03-23";"P";"E";"I";"87.6125"
"2007-03-26";"P";"E";"I";"87.5201"
"2007-03-27";"P";"E";"I";"87.4522"
"2007-03-28";"P";"E";"I";"87.6625"
"2007-03-29";"P";"E";"I";"87.4264"
"2007-03-30";"P";"E";"I";"87.2364"
"2007-04-02";"P";"E";"I";"87.3821"
"2007-04-03";"P";"E";"I";"87.1444"
"2007-04-04";"P";"E";"I";"87.0832"
"2007-04-05";"P";"E";"I";"86.9474"
"2007-04-06";"P";"E";"I";"86.8743"
"2007-04-09";"P";"E";"I";"86.8031"
"2007-04-10";"P";"E";"I";"86.7322"
"2007-04-11";"P";"E";"I";"86.749"
"2007-04-12";"P";"E";"I";"86.486"
"2007-04-13";"P";"E";"I";"86.7254"
"2007-04-16";"P";"E";"I";"86.382"
"2007-04-17";"P";"E";"I";"86.5559"
"2007-04-18";"P";"E";"I";"86.7352"
"2007-04-19";"P";"E";"I";"87.0026"
"2007-04-20";"P";"E";"I";"86.5033"
"2007-04-23";"P";"E";"I";"86.7018"
"2007-04-24";"P";"E";"I";"86.8108"
"2007-04-25";"P";"E";"I";"86.6267"
"2007-04-26";"P";"E";"I";"86.5504"
"2007-04-27";"P";"E";"I";"86.6627"
"2007-04-30";"P";"E";"I";"86.5943"
"2007-05-01";"P";"E";"I";"86.3889"
"2007-05-02";"P";"E";"I";"86.1803"
"2007-05-03";"P";"E";"I";"86.4266"
"2007-05-04";"P";"E";"I";"86.4284"
"2007-05-07";"P";"E";"I";"86.5226"
"2007-05-08";"P";"E";"I";"86.3119"
"2007-05-09";"P";"E";"I";"86.3575"
"2007-05-10";"P";"E";"I";"86.3546"
"2007-05-11";"P";"E";"I";"86.6523"
"2007-05-14";"P";"E";"I";"86.2412"
"2007-05-15";"P";"E";"I";"86.3578"
"2007-05-16";"P";"E";"I";"86.2138"
"2007-05-17";"P";"E";"I";"86.1267"
"2007-05-18";"P";"E";"I";"86.0399"
"2007-05-21";"P";"E";"I";"85.9383"
"2007-05-22";"P";"E";"I";"86.0305"
"2007-05-23";"P";"E";"I";"86.2474"
"2007-05-24";"P";"E";"I";"86.2752"
"2007-05-25";"P";"E";"I";"86.3774"
"2007-05-28";"P";"E";"I";"86.3468"
"2007-05-29";"P";"E";"I";"86.3196"
"2007-05-30";"P";"E";"I";"86.5364"
"2007-05-31";"P";"E";"I";"86.4689"
"2007-06-01";"P";"E";"I";"86.2609"
"2007-06-04";"P";"E";"I";"86.2296"
"2007-06-05";"P";"E";"I";"86.3435"
"2007-06-06";"P";"E";"I";"86.5391"
"2007-06-07";"P";"E";"I";"86.5051"
"2007-06-08";"P";"E";"I";"86.5433"
"2007-06-11";"P";"E";"I";"86.2059"
"2007-06-12";"P";"E";"I";"86.0098"
"2007-06-13";"P";"E";"I";"86.1231"
"2007-06-14";"P";"E";"I";"85.8998"
"2007-06-15";"P";"E";"I";"85.914"
"2007-06-18";"P";"E";"I";"85.6684"
"2007-06-19";"P";"E";"I";"85.6175"
"2007-06-20";"P";"E";"I";"85.634"
"2007-06-21";"P";"E";"I";"85.7179"
"2007-06-22";"P";"E";"I";"85.8276"
"2007-06-25";"P";"E";"I";"86.1316"
"2007-06-26";"P";"E";"I";"86.0971"
"2007-06-27";"P";"E";"I";"86.2298"
"2007-06-28";"P";"E";"I";"86.0797"
"2007-06-29";"P";"E";"I";"85.9414"
"2007-07-02";"P";"E";"I";"86.3475"
"2007-07-03";"P";"E";"I";"86.124"
"2007-07-04";"P";"E";"I";"86.004"
"2007-07-05";"P";"E";"I";"86.1237"
"2007-07-06";"P";"E";"I";"85.9758"
"2007-07-09";"P";"E";"I";"85.9483"
"2007-07-10";"P";"E";"I";"85.9787"
"2007-07-11";"P";"E";"I";"86.1614"
"2007-07-12";"P";"E";"I";"86.0031"
"2007-07-13";"P";"E";"I";"85.9733"
"2007-07-16";"P";"E";"I";"86.0853"
"2007-07-17";"P";"E";"I";"86.2499"
"2007-07-18";"P";"E";"I";"86.1319"
"2007-07-19";"P";"E";"I";"86.0376"
"2007-07-20";"P";"E";"I";"85.8401"
"2007-07-23";"P";"E";"I";"85.9323"
"2007-07-24";"P";"E";"I";"85.6566"
"2007-07-25";"P";"E";"I";"85.6631"
"2007-07-26";"P";"E";"I";"85.7696"
"2007-07-27";"P";"E";"I";"86.215"
"2007-07-30";"P";"E";"I";"86.6204"
"2007-07-31";"P";"E";"I";"86.4598"
"2007-08-01";"P";"E";"I";"86.6173"
"2007-08-02";"P";"E";"I";"86.7592"
"2007-08-03";"P";"E";"I";"86.3772"
"2007-08-06";"P";"E";"I";"86.9863"
"2007-08-07";"P";"E";"I";"86.7442"
"2007-08-08";"P";"E";"I";"86.6316"
"2007-08-09";"P";"E";"I";"86.6944"
"2007-08-10";"P";"E";"I";"87.1765"
"2007-08-13";"P";"E";"I";"87.0292"
"2007-08-14";"P";"E";"I";"86.8926"
"2007-08-15";"P";"E";"I";"86.9311"
"2007-08-16";"P";"E";"I";"87.1414"
"2007-08-17";"P";"E";"I";"87.7596"
"2007-08-20";"P";"E";"I";"87.366"
"2007-08-21";"P";"E";"I";"87.7345"
"2007-08-22";"P";"E";"I";"87.395"
"2007-08-23";"P";"E";"I";"86.9457"
"2007-08-24";"P";"E";"I";"87.0211"
"2007-08-27";"P";"E";"I";"86.5003"
"2007-08-28";"P";"E";"I";"86.7274"
"2007-08-29";"P";"E";"I";"86.9153"
"2007-08-30";"P";"E";"I";"86.5283"
"2007-08-31";"P";"E";"I";"86.2411"
"2007-09-03";"P";"E";"I";"86.1476"
"2007-09-04";"P";"E";"I";"86.303"
"2007-09-05";"P";"E";"I";"86.0865"
"2007-09-06";"P";"E";"I";"86.2333"
"2007-09-07";"P";"E";"I";"86.297"
"2007-09-10";"P";"E";"I";"86.7043"
"2007-09-11";"P";"E";"I";"86.4819"
"2007-09-12";"P";"E";"I";"86.3331"
"2007-09-13";"P";"E";"I";"86.1068"
"2007-09-14";"P";"E";"I";"86.0852"
"2007-09-17";"P";"E";"I";"86.001"
"2007-09-18";"P";"E";"I";"86.0819"
"2007-09-19";"P";"E";"I";"85.8065"
"2007-09-20";"P";"E";"I";"85.8588"
"2007-09-21";"P";"E";"I";"85.7869"
"2007-09-24";"P";"E";"I";"85.6533"
"2007-09-25";"P";"E";"I";"85.7752"
"2007-09-26";"P";"E";"I";"85.6481"
"2007-09-27";"P";"E";"I";"85.3744"
"2007-09-28";"P";"E";"I";"85.2137"
"2007-10-01";"P";"E";"I";"84.894"
"2007-10-02";"P";"E";"I";"84.9647"
"2007-10-03";"P";"E";"I";"84.8778"
"2007-10-04";"P";"E";"I";"84.9717"
"2007-10-05";"P";"E";"I";"85.0088"
"2007-10-08";"P";"E";"I";"84.7596"
"2007-10-09";"P";"E";"I";"84.7006"
"2007-10-10";"P";"E";"I";"84.4925"
"2007-10-11";"P";"E";"I";"84.2935"
"2007-10-12";"P";"E";"I";"84.0382"
"2007-10-15";"P";"E";"I";"84.0293"
"2007-10-16";"P";"E";"I";"84.0552"
"2007-10-17";"P";"E";"I";"84.0947"
"2007-10-18";"P";"E";"I";"84.2231"
"2007-10-19";"P";"E";"I";"84.1701"
"2007-10-22";"P";"E";"I";"84.4632"
"2007-10-23";"P";"E";"I";"84.386"
"2007-10-24";"P";"E";"I";"84.1877"
"2007-10-25";"P";"E";"I";"84.1876"
"2007-10-26";"P";"E";"I";"84.0328"
"2007-10-29";"P";"E";"I";"83.8754"
"2007-10-30";"P";"E";"I";"83.7653"
"2007-10-31";"P";"E";"I";"83.9459"
"2007-11-01";"P";"E";"I";"83.7321"
"2007-11-02";"P";"E";"I";"84.0873"
"2007-11-05";"P";"E";"I";"84.0172"
"2007-11-06";"P";"E";"I";"84.2387"
"2007-11-07";"P";"E";"I";"84.3714"
"2007-11-08";"P";"E";"I";"84.5378"
"2007-11-09";"P";"E";"I";"84.8919"
"2007-11-12";"P";"E";"I";"85.3104"
"2007-11-13";"P";"E";"I";"85.3242"
"2007-11-14";"P";"E";"I";"85.1708"
"2007-11-15";"P";"E";"I";"85.269"
"2007-11-16";"P";"E";"I";"85.4534"
"2007-11-19";"P";"E";"I";"85.5869"
"2007-11-20";"P";"E";"I";"85.6018"
"2007-11-21";"P";"E";"I";"85.653"
"2007-11-22";"P";"E";"I";"85.7191"
"2007-11-23";"P";"E";"I";"85.7334"
"2007-11-26";"P";"E";"I";"85.6026"
"2007-11-27";"P";"E";"I";"85.7959"
"2007-11-28";"P";"E";"I";"85.2644"
"2007-11-29";"P";"E";"I";"84.9889"
"2007-11-30";"P";"E";"I";"84.764"
"2007-12-03";"P";"E";"I";"84.7858"
"2007-12-04";"P";"E";"I";"84.76"
"2007-12-05";"P";"E";"I";"85.0017"
"2007-12-06";"P";"E";"I";"85.0101"
"2007-12-07";"P";"E";"I";"84.7006"
"2007-12-10";"P";"E";"I";"84.6652"
"2007-12-11";"P";"E";"I";"84.2651"
"2007-12-12";"P";"E";"I";"84.2418"
"2007-12-13";"P";"E";"I";"83.9766"
"2007-12-14";"P";"E";"I";"83.9251"
"2007-12-17";"P";"E";"I";"84.3789"
"2007-12-18";"P";"E";"I";"84.4857"
"2007-12-19";"P";"E";"I";"84.3981"
"2007-12-20";"P";"E";"I";"84.4148"
"2007-12-21";"P";"E";"I";"84.2587"
"2007-12-24";"P";"E";"I";"84.1829"
"2007-12-25";"P";"E";"I";"84.1038"
"2007-12-26";"P";"E";"I";"84.0261"
"2007-12-27";"P";"E";"I";"83.9475"
"2007-12-28";"P";"E";"I";"84.2011"
"2007-12-31";"P";"E";"I";"84.514"
"2008-01-01";"P";"E";"I";"84.7525"
"2008-01-02";"P";"E";"I";"84.9922"
"2008-01-03";"P";"E";"I";"85.2381"
"2008-01-04";"P";"E";"I";"85.5656"
"2008-01-07";"P";"E";"I";"85.4428"
"2008-01-08";"P";"E";"I";"85.2776"
"2008-01-09";"P";"E";"I";"85.5958"
"2008-01-10";"P";"E";"I";"85.6521"
"2008-01-11";"P";"E";"I";"86.0154"
"2008-01-14";"P";"E";"I";"86.2375"
"2008-01-15";"P";"E";"I";"86.2983"
"2008-01-16";"P";"E";"I";"86.8587"
"2008-01-17";"P";"E";"I";"86.6341"
"2008-01-18";"P";"E";"I";"86.7804"
"2008-01-21";"P";"E";"I";"87.593"
"2008-01-22";"P";"E";"I";"87.4744"
"2008-01-23";"P";"E";"I";"87.6251"
"2008-01-24";"P";"E";"I";"87.8848"
"2008-01-25";"P";"E";"I";"86.9554"
"2008-01-28";"P";"E";"I";"87.2249"
"2008-01-29";"P";"E";"I";"86.8264"
"2008-01-30";"P";"E";"I";"86.837"
"2008-01-31";"P";"E";"I";"87.1687"
"2008-02-01";"P";"E";"I";"87.203"
"2008-02-04";"P";"E";"I";"86.7274"
"2008-02-05";"P";"E";"I";"86.4296"
"2008-02-06";"P";"E";"I";"87.2326"
"2008-02-07";"P";"E";"I";"87.2117"
"2008-02-08";"P";"E";"I";"87.3802"
"2008-02-11";"P";"E";"I";"87.7109"
"2008-02-12";"P";"E";"I";"87.4872"
"2008-02-13";"P";"E";"I";"87.0819"
"2008-02-14";"P";"E";"I";"86.6128"
"2008-02-15";"P";"E";"I";"86.9373"
"2008-02-18";"P";"E";"I";"86.8327"
"2008-02-19";"P";"E";"I";"86.663"
"2008-02-20";"P";"E";"I";"86.6823"
"2008-02-21";"P";"E";"I";"86.4197"
"2008-02-22";"P";"E";"I";"86.6154"
"2008-02-25";"P";"E";"I";"86.6103"
"2008-02-26";"P";"E";"I";"86.5289"
"2008-02-27";"P";"E";"I";"86.8031"
"2008-02-28";"P";"E";"I";"87.0412"
"2008-02-29";"P";"E";"I";"87.5636"
"2008-03-03";"P";"E";"I";"88.6573"
"2008-03-04";"P";"E";"I";"88.4242"
"2008-03-05";"P";"E";"I";"88.4788"
"2008-03-06";"P";"E";"I";"88.2959"
"2008-03-07";"P";"E";"I";"88.9274"
"2008-03-10";"P";"E";"I";"88.911"
"2008-03-11";"P";"E";"I";"89.0187"
"2008-03-12";"P";"E";"I";"88.1702"
"2008-03-13";"P";"E";"I";"88.8484"
"2008-03-14";"P";"E";"I";"88.75"
"2008-03-17";"P";"E";"I";"90.1664"
"2008-03-18";"P";"E";"I";"89.603"
"2008-03-19";"P";"E";"I";"89.4199"
"2008-03-20";"P";"E";"I";"89.2043"
"2008-03-21";"P";"E";"I";"89.0275"
"2008-03-24";"P";"E";"I";"88.8509"
"2008-03-25";"P";"E";"I";"88.6721"
"2008-03-26";"P";"E";"I";"88.8783"
"2008-03-27";"P";"E";"I";"88.9558"
"2008-03-28";"P";"E";"I";"88.8616"
"2008-03-31";"P";"E";"I";"89.0205"
"2008-04-01";"P";"E";"I";"88.9189"
"2008-04-02";"P";"E";"I";"88.434"
"2008-04-03";"P";"E";"I";"88.2085"
"2008-04-04";"P";"E";"I";"88.2665"
"2008-04-07";"P";"E";"I";"87.8384"
"2008-04-08";"P";"E";"I";"87.9572"
"2008-04-09";"P";"E";"I";"87.8414"
"2008-04-10";"P";"E";"I";"88.81"
"2008-04-11";"P";"E";"I";"88.0419"
"2008-04-14";"P";"E";"I";"88.5803"
"2008-04-15";"P";"E";"I";"88.3939"
"2008-04-16";"P";"E";"I";"87.9539"
"2008-04-17";"P";"E";"I";"87.7482"
"2008-04-18";"P";"E";"I";"87.2228"
"2008-04-21";"P";"E";"I";"87.0912"
"2008-04-22";"P";"E";"I";"87.0261"
"2008-04-23";"P";"E";"I";"87.0462"
"2008-04-24";"P";"E";"I";"86.696"
"2008-04-25";"P";"E";"I";"86.2748"
"2008-04-28";"P";"E";"I";"86.5651"
"2008-04-29";"P";"E";"I";"86.4982"
"2008-04-30";"P";"E";"I";"86.6148"
"2008-05-01";"P";"E";"I";"86.4033"
"2008-05-02";"P";"E";"I";"86.1911"
"2008-05-05";"P";"E";"I";"85.7353"
"2008-05-06";"P";"E";"I";"85.7696"
"2008-05-07";"P";"E";"I";"85.6535"
"2008-05-08";"P";"E";"I";"86.3727"
"2008-05-09";"P";"E";"I";"86.5896"
"2008-05-12";"P";"E";"I";"86.406"
"2008-05-13";"P";"E";"I";"86.2235"
"2008-05-14";"P";"E";"I";"85.6992"
"2008-05-15";"P";"E";"I";"85.5722"
"2008-05-16";"P";"E";"I";"85.6974"
"2008-05-19";"P";"E";"I";"85.7886"
"2008-05-20";"P";"E";"I";"85.7021"
"2008-05-21";"P";"E";"I";"85.8856"
"2008-05-22";"P";"E";"I";"86.188"
"2008-05-23";"P";"E";"I";"86.3027"
"2008-05-26";"P";"E";"I";"86.29"
"2008-05-27";"P";"E";"I";"86.2798"
"2008-05-28";"P";"E";"I";"86.1048"
"2008-05-29";"P";"E";"I";"85.7204"
"2008-05-30";"P";"E";"I";"85.6668"
"2008-06-02";"P";"E";"I";"86.188"
"2008-06-03";"P";"E";"I";"86.6913"
"2008-06-04";"P";"E";"I";"86.7004"
"2008-06-05";"P";"E";"I";"86.242"
"2008-06-06";"P";"E";"I";"85.8583"
"2008-06-09";"P";"E";"I";"86.4821"
"2008-06-10";"P";"E";"I";"86.5723"
"2008-06-11";"P";"E";"I";"86.2461"
"2008-06-12";"P";"E";"I";"86.612"
"2008-06-13";"P";"E";"I";"86.305"
"2008-06-16";"P";"E";"I";"86.2016"
"2008-06-17";"P";"E";"I";"86.1404"
"2008-06-18";"P";"E";"I";"85.9197"
"2008-06-19";"P";"E";"I";"85.9984"
"2008-06-20";"P";"E";"I";"85.7319"
"2008-06-23";"P";"E";"I";"85.7018"
"2008-06-24";"P";"E";"I";"85.5823"
"2008-06-25";"P";"E";"I";"85.516"
"2008-06-26";"P";"E";"I";"85.5828"
"2008-06-27";"P";"E";"I";"86.2385"
"2008-06-30";"P";"E";"I";"86.3325"
"2008-07-01";"P";"E";"I";"86.1645"
"2008-07-02";"P";"E";"I";"86.011"
"2008-07-03";"P";"E";"I";"86.0277"
"2008-07-04";"P";"E";"I";"86.0227"
"2008-07-07";"P";"E";"I";"85.8721"
"2008-07-08";"P";"E";"I";"86.1116"
"2008-07-09";"P";"E";"I";"85.4579"
"2008-07-10";"P";"E";"I";"85.4394"
"2008-07-11";"P";"E";"I";"85.295"
"2008-07-14";"P";"E";"I";"85.2818"
"2008-07-15";"P";"E";"I";"86.098"
"2008-07-16";"P";"E";"I";"86.3219"
"2008-07-17";"P";"E";"I";"85.8749"
"2008-07-18";"P";"E";"I";"85.5829"
"2008-07-21";"P";"E";"I";"85.3703"
"2008-07-22";"P";"E";"I";"85.4861"
"2008-07-23";"P";"E";"I";"84.9834"
"2008-07-24";"P";"E";"I";"85.0519"
"2008-07-25";"P";"E";"I";"85.1319"
"2008-07-28";"P";"E";"I";"84.9641"
"2008-07-29";"P";"E";"I";"85.0576"
"2008-07-30";"P";"E";"I";"84.8222"
"2008-07-31";"P";"E";"I";"84.5926"
"2008-08-01";"P";"E";"I";"84.6272"
"2008-08-04";"P";"E";"I";"84.6581"
"2008-08-05";"P";"E";"I";"84.7214"
"2008-08-06";"P";"E";"I";"84.8236"
"2008-08-07";"P";"E";"I";"84.6068"
"2008-08-08";"P";"E";"I";"84.8338"
"2008-08-11";"P";"E";"I";"85.1773"
"2008-08-12";"P";"E";"I";"85.2006"
"2008-08-13";"P";"E";"I";"85.043"
"2008-08-14";"P";"E";"I";"85.1854"
"2008-08-15";"P";"E";"I";"85.2267"
"2008-08-18";"P";"E";"I";"85.4042"
"2008-08-19";"P";"E";"I";"85.5354"
"2008-08-20";"P";"E";"I";"85.267"
"2008-08-21";"P";"E";"I";"85.1597"
"2008-08-22";"P";"E";"I";"84.9966"
"2008-08-25";"P";"E";"I";"84.9892"
"2008-08-26";"P";"E";"I";"85.2072"
"2008-08-27";"P";"E";"I";"85.4742"
"2008-08-28";"P";"E";"I";"85.3561"
"2008-08-29";"P";"E";"I";"85.338"
"2008-09-01";"P";"E";"I";"85.6357"
"2008-09-02";"P";"E";"I";"85.4413"
"2008-09-03";"P";"E";"I";"85.6722"
"2008-09-04";"P";"E";"I";"85.9083"
"2008-09-05";"P";"E";"I";"86.6925"
"2008-09-08";"P";"E";"I";"85.8748"
"2008-09-09";"P";"E";"I";"86.2631"
"2008-09-10";"P";"E";"I";"86.3807"
"2008-09-11";"P";"E";"I";"86.9045"
"2008-09-12";"P";"E";"I";"86.1486"
"2008-09-15";"P";"E";"I";"86.6584"
"2008-09-16";"P";"E";"I";"87.4952"
"2008-09-17";"P";"E";"I";"86.6212"
"2008-09-18";"P";"E";"I";"87.0124"
"2008-09-19";"P";"E";"I";"86.5246"
"2008-09-22";"P";"E";"I";"86.4393"
"2008-09-23";"P";"E";"I";"86.6706"
"2008-09-24";"P";"E";"I";"86.6498"
"2008-09-25";"P";"E";"I";"86.694"
"2008-09-26";"P";"E";"I";"87.0557"
"2008-09-29";"P";"E";"I";"87.3574"
"2008-09-30";"P";"E";"I";"87.7842"
"2008-10-01";"P";"E";"I";"87.7727"
"2008-10-02";"P";"E";"I";"88.2051"
"2008-10-03";"P";"E";"I";"88.4545"
"2008-10-06";"P";"E";"I";"89.519"
"2008-10-07";"P";"E";"I";"89.8224"
"2008-10-08";"P";"E";"I";"89.9564"
"2008-10-09";"P";"E";"I";"89.8392"
"2008-10-10";"P";"E";"I";"91.4789"
"2008-10-13";"P";"E";"I";"90.4769"
"2008-10-14";"P";"E";"I";"90.1002"
"2008-10-15";"P";"E";"I";"90.0638"
"2008-10-16";"P";"E";"I";"91.215"
"2008-10-17";"P";"E";"I";"91.4464"
"2008-10-20";"P";"E";"I";"91.2878"
"2008-10-21";"P";"E";"I";"91.6526"
"2008-10-22";"P";"E";"I";"93.1295"
"2008-10-23";"P";"E";"I";"93.6968"
"2008-10-24";"P";"E";"I";"94.9846"
"2008-10-27";"P";"E";"I";"97.4536"
"2008-10-28";"P";"E";"I";"96.495"
"2008-10-29";"P";"E";"I";"95.7938"
"2008-10-30";"P";"E";"I";"94.7028"
"2008-10-31";"P";"E";"I";"96.109"
"2008-11-03";"P";"E";"I";"94.6121"
"2008-11-04";"P";"E";"I";"94.6592"
"2008-11-05";"P";"E";"I";"93.91"
"2008-11-06";"P";"E";"I";"93.7301"
"2008-11-07";"P";"E";"I";"93.9747"
"2008-11-10";"P";"E";"I";"93.5743"
"2008-11-11";"P";"E";"I";"94.1427"
"2008-11-12";"P";"E";"I";"95.0206"
"2008-11-13";"P";"E";"I";"95.1173"
"2008-11-14";"P";"E";"I";"93.7825"
"2008-11-17";"P";"E";"I";"93.6742"
"2008-11-18";"P";"E";"I";"93.7093"
"2008-11-19";"P";"E";"I";"93.1305"
"2008-11-20";"P";"E";"I";"93.4094"
"2008-11-21";"P";"E";"I";"92.3194"
"2008-11-24";"P";"E";"I";"92.2284"
"2008-11-25";"P";"E";"I";"91.9467"
"2008-11-26";"P";"E";"I";"91.7857"
"2008-11-27";"P";"E";"I";"91.8896"
"2008-11-28";"P";"E";"I";"91.9235"
"2008-12-01";"P";"E";"I";"92.9338"
"2008-12-02";"P";"E";"I";"93.479"
"2008-12-03";"P";"E";"I";"93.0912"
"2008-12-04";"P";"E";"I";"92.8481"
"2008-12-05";"P";"E";"I";"92.8666"
"2008-12-08";"P";"E";"I";"91.4278"
"2008-12-09";"P";"E";"I";"91.5539"
"2008-12-10";"P";"E";"I";"91.4736"
"2008-12-11";"P";"E";"I";"91.3224"
"2008-12-12";"P";"E";"I";"90.84"
"2008-12-15";"P";"E";"I";"90.5213"
"2008-12-16";"P";"E";"I";"90.4512"
"2008-12-17";"P";"E";"I";"90.8405"
"2008-12-18";"P";"E";"I";"93.2673"
"2008-12-19";"P";"E";"I";"92.6986"
"2008-12-22";"P";"E";"I";"92.9127"
"2008-12-23";"P";"E";"I";"93.9001"
"2008-12-24";"P";"E";"I";"94.6739"
"2008-12-25";"P";"E";"I";"94.9208"
"2008-12-26";"P";"E";"I";"95.1685"
"2008-12-29";"P";"E";"I";"95.4189"
"2008-12-30";"P";"E";"I";"95.9199"
"2008-12-31";"P";"E";"I";"96.3032"
"2009-01-01";"P";"E";"I";"95.9281"
"2009-01-02";"P";"E";"I";"95.5557"
"2009-01-05";"P";"E";"I";"95.1774"
"2009-01-06";"P";"E";"I";"95.2934"
"2009-01-07";"P";"E";"I";"95.526"
"2009-01-08";"P";"E";"I";"95.5852"
"2009-01-09";"P";"E";"I";"95.8239"
"2009-01-12";"P";"E";"I";"95.5136"
"2009-01-13";"P";"E";"I";"96.6079"
"2009-01-14";"P";"E";"I";"96.8186"
"2009-01-15";"P";"E";"I";"97.2442"
"2009-01-16";"P";"E";"I";"96.5837"
"2009-01-19";"P";"E";"I";"96.1906"
"2009-01-20";"P";"E";"I";"96.3321"
"2009-01-21";"P";"E";"I";"96.9214"
"2009-01-22";"P";"E";"I";"94.7735"
"2009-01-23";"P";"E";"I";"95.7334"
"2009-01-26";"P";"E";"I";"95.2386"
"2009-01-27";"P";"E";"I";"94.8207"
"2009-01-28";"P";"E";"I";"94.8405"
"2009-01-29";"P";"E";"I";"94.7571"
"2009-01-30";"P";"E";"I";"96.1766"
"2009-02-02";"P";"E";"I";"96.2852"
"2009-02-03";"P";"E";"I";"95.797"
"2009-02-04";"P";"E";"I";"95.807"
"2009-02-05";"P";"E";"I";"95.9267"
"2009-02-06";"P";"E";"I";"95.3878"
"2009-02-09";"P";"E";"I";"95.0476"
"2009-02-10";"P";"E";"I";"95.0369"
"2009-02-11";"P";"E";"I";"95.7873"
"2009-02-12";"P";"E";"I";"95.7511"
"2009-02-13";"P";"E";"I";"95.5629"
"2009-02-16";"P";"E";"I";"95.9781"
"2009-02-17";"P";"E";"I";"96.8461"
"2009-02-18";"P";"E";"I";"97.075"
"2009-02-19";"P";"E";"I";"96.2553"
"2009-02-20";"P";"E";"I";"95.7423"
"2009-02-23";"P";"E";"I";"96.2329"
"2009-02-24";"P";"E";"I";"96.8978"
"2009-02-25";"P";"E";"I";"96.2786"
"2009-02-26";"P";"E";"I";"96.5142"
"2009-02-27";"P";"E";"I";"96.5624"
"2009-03-02";"P";"E";"I";"96.9604"
"2009-03-03";"P";"E";"I";"96.7352"
"2009-03-04";"P";"E";"I";"97.0607"
"2009-03-05";"P";"E";"I";"97.1617"
"2009-03-06";"P";"E";"I";"97.9604"
"2009-03-09";"P";"E";"I";"98.096"
"2009-03-10";"P";"E";"I";"97.9508"
"2009-03-11";"P";"E";"I";"97.4053"
"2009-03-12";"P";"E";"I";"97.2541"
"2009-03-13";"P";"E";"I";"93.7403"
"2009-03-16";"P";"E";"I";"93.5338"
"2009-03-17";"P";"E";"I";"93.4796"
"2009-03-18";"P";"E";"I";"93.6975"
"2009-03-19";"P";"E";"I";"93.4744"
"2009-03-20";"P";"E";"I";"93.8665"
"2009-03-23";"P";"E";"I";"93.5729"
"2009-03-24";"P";"E";"I";"94.1462"
"2009-03-25";"P";"E";"I";"94.539"
"2009-03-26";"P";"E";"I";"94.4567"
"2009-03-27";"P";"E";"I";"94.2309"
"2009-03-30";"P";"E";"I";"94.9242"
"2009-03-31";"P";"E";"I";"94.9383"
"2009-04-01";"P";"E";"I";"95.2535"
"2009-04-02";"P";"E";"I";"94.6892"
"2009-04-03";"P";"E";"I";"94.2945"
"2009-04-06";"P";"E";"I";"94.2918"
"2009-04-07";"P";"E";"I";"94.7653"
"2009-04-08";"P";"E";"I";"95.0325"
"2009-04-09";"P";"E";"I";"94.4599"
"2009-04-10";"P";"E";"I";"94.5771"
"2009-04-13";"P";"E";"I";"94.6941"
"2009-04-14";"P";"E";"I";"94.8101"
"2009-04-15";"P";"E";"I";"95.1191"
"2009-04-16";"P";"E";"I";"95.1151"
"2009-04-17";"P";"E";"I";"94.6501"
"2009-04-20";"P";"E";"I";"94.8019"
"2009-04-21";"P";"E";"I";"94.9247"
"2009-04-22";"P";"E";"I";"95.1222"
"2009-04-23";"P";"E";"I";"94.5745"
"2009-04-24";"P";"E";"I";"95.121"
"2009-04-27";"P";"E";"I";"95.2394"
"2009-04-28";"P";"E";"I";"95.4344"
"2009-04-29";"P";"E";"I";"95.4287"
"2009-04-30";"P";"E";"I";"95.0549"
"2009-05-01";"P";"E";"I";"95.0527"
"2009-05-04";"P";"E";"I";"95.0482"
"2009-05-05";"P";"E";"I";"94.8398"
"2009-05-06";"P";"E";"I";"95.1022"
"2009-05-07";"P";"E";"I";"94.8011"
"2009-05-08";"P";"E";"I";"94.6875"
"2009-05-11";"P";"E";"I";"95.0561"
"2009-05-12";"P";"E";"I";"94.9709"
"2009-05-13";"P";"E";"I";"94.9829"
"2009-05-14";"P";"E";"I";"95.082"
"2009-05-15";"P";"E";"I";"95.2015"
"2009-05-18";"P";"E";"I";"94.5988"
"2009-05-19";"P";"E";"I";"94.5849"
"2009-05-20";"P";"E";"I";"94.5842"
"2009-05-21";"P";"E";"I";"94.3751"
"2009-05-22";"P";"E";"I";"94.1702"
"2009-05-25";"P";"E";"I";"94.3172"
"2009-05-26";"P";"E";"I";"94.4114"
"2009-05-27";"P";"E";"I";"94.5003"
"2009-05-28";"P";"E";"I";"94.6803"
"2009-05-29";"P";"E";"I";"94.5966"
"2009-06-01";"P";"E";"I";"94.6036"
"2009-06-02";"P";"E";"I";"94.6148"
"2009-06-03";"P";"E";"I";"94.3093"
"2009-06-04";"P";"E";"I";"94.5663"
"2009-06-05";"P";"E";"I";"94.4439"
"2009-06-08";"P";"E";"I";"94.3927"
"2009-06-09";"P";"E";"I";"94.6222"
"2009-06-10";"P";"E";"I";"94.6601"
"2009-06-11";"P";"E";"I";"94.8744"
"2009-06-12";"P";"E";"I";"95.0994"
"2009-06-15";"P";"E";"I";"95.0644"
"2009-06-16";"P";"E";"I";"95.4242"
"2009-06-17";"P";"E";"I";"95.331"
"2009-06-18";"P";"E";"I";"95.7245"
"2009-06-19";"P";"E";"I";"95.2073"
"2009-06-22";"P";"E";"I";"95.6354"
"2009-06-23";"P";"E";"I";"95.8597"
"2009-06-24";"P";"E";"I";"95.8669"
"2009-06-25";"P";"E";"I";"94.3743"
"2009-06-26";"P";"E";"I";"94.1573"
"2009-06-29";"P";"E";"I";"94.4964"
"2009-06-30";"P";"E";"I";"94.6113"
"2009-07-01";"P";"E";"I";"94.5995"
"2009-07-02";"P";"E";"I";"94.6396"
"2009-07-03";"P";"E";"I";"94.8341"
"2009-07-06";"P";"E";"I";"94.8782"
"2009-07-07";"P";"E";"I";"94.9776"
"2009-07-08";"P";"E";"I";"95.1326"
"2009-07-09";"P";"E";"I";"95.1752"
"2009-07-10";"P";"E";"I";"95.1413"
"2009-07-13";"P";"E";"I";"95.1197"
"2009-07-14";"P";"E";"I";"94.9768"
"2009-07-15";"P";"E";"I";"94.7251"
"2009-07-16";"P";"E";"I";"94.8897"
"2009-07-17";"P";"E";"I";"94.6805"
"2009-07-20";"P";"E";"I";"94.5332"
"2009-07-21";"P";"E";"I";"94.5873"
"2009-07-22";"P";"E";"I";"94.7448"
"2009-07-23";"P";"E";"I";"94.5523"
"2009-07-24";"P";"E";"I";"94.1913"
"2009-07-27";"P";"E";"I";"94.2018"
"2009-07-28";"P";"E";"I";"94.163"
"2009-07-29";"P";"E";"I";"94.2474"
"2009-07-30";"P";"E";"I";"93.8088"
"2009-07-31";"P";"E";"I";"93.4885"
"2009-08-03";"P";"E";"I";"93.9971"
"2009-08-04";"P";"E";"I";"93.8687"
"2009-08-05";"P";"E";"I";"93.8475"
"2009-08-06";"P";"E";"I";"93.7484"
"2009-08-07";"P";"E";"I";"93.7858"
"2009-08-10";"P";"E";"I";"93.4031"
"2009-08-11";"P";"E";"I";"93.4807"
"2009-08-12";"P";"E";"I";"93.9087"
"2009-08-13";"P";"E";"I";"93.6815"
"2009-08-14";"P";"E";"I";"93.8714"
"2009-08-17";"P";"E";"I";"94.3286"
"2009-08-18";"P";"E";"I";"94.4072"
"2009-08-19";"P";"E";"I";"94.599"
"2009-08-20";"P";"E";"I";"94.7508"
"2009-08-21";"P";"E";"I";"94.9201"
"2009-08-24";"P";"E";"I";"94.7237"
"2009-08-25";"P";"E";"I";"94.8013"
"2009-08-26";"P";"E";"I";"94.7511"
"2009-08-27";"P";"E";"I";"94.4495"
"2009-08-28";"P";"E";"I";"94.6501"
"2009-08-31";"P";"E";"I";"94.9004"
"2009-09-01";"P";"E";"I";"94.8896"
"2009-09-02";"P";"E";"I";"94.865"
"2009-09-03";"P";"E";"I";"94.9891"
"2009-09-04";"P";"E";"I";"94.9191"
"2009-09-07";"P";"E";"I";"94.85"
"2009-09-08";"P";"E";"I";"94.7506"
"2009-09-09";"P";"E";"I";"94.8037"
"2009-09-10";"P";"E";"I";"94.8886"
"2009-09-11";"P";"E";"I";"94.9089"
"2009-09-14";"P";"E";"I";"94.9904"
"2009-09-15";"P";"E";"I";"94.748"
"2009-09-16";"P";"E";"I";"94.5515"
"2009-09-17";"P";"E";"I";"94.4633"
"2009-09-18";"P";"E";"I";"94.6405"
"2009-09-21";"P";"E";"I";"94.5958"
"2009-09-22";"P";"E";"I";"94.6316"
"2009-09-23";"P";"E";"I";"94.7393"
"2009-09-24";"P";"E";"I";"94.7346"
"2009-09-25";"P";"E";"I";"94.7272"
"2009-09-28";"P";"E";"I";"94.7762"
"2009-09-29";"P";"E";"I";"94.7119"
"2009-09-30";"P";"E";"I";"94.763"
"2009-10-01";"P";"E";"I";"94.183"
"2009-10-02";"P";"E";"I";"94.4968"
"2009-10-05";"P";"E";"I";"94.5859"
"2009-10-06";"P";"E";"I";"94.5613"
"2009-10-07";"P";"E";"I";"94.4437"
"2009-10-08";"P";"E";"I";"94.2119"
"2009-10-09";"P";"E";"I";"94.0687"
"2009-10-12";"P";"E";"I";"93.9321"
"2009-10-13";"P";"E";"I";"94.0738"
"2009-10-14";"P";"E";"I";"94.0837"
"2009-10-15";"P";"E";"I";"94.3124"
"2009-10-16";"P";"E";"I";"94.0712"
"2009-10-19";"P";"E";"I";"94.2017"
"2009-10-20";"P";"E";"I";"94.2894"
"2009-10-21";"P";"E";"I";"94.4181"
"2009-10-22";"P";"E";"I";"94.2178"
"2009-10-23";"P";"E";"I";"94.2913"
"2009-10-26";"P";"E";"I";"94.2083"
"2009-10-27";"P";"E";"I";"94.065"
"2009-10-28";"P";"E";"I";"94.2858"
"2009-10-29";"P";"E";"I";"94.3623"
"2009-10-30";"P";"E";"I";"94.3808"
"2009-11-02";"P";"E";"I";"94.4431"
"2009-11-03";"P";"E";"I";"94.2645"
"2009-11-04";"P";"E";"I";"94.3424"
"2009-11-05";"P";"E";"I";"94.4006"
"2009-11-06";"P";"E";"I";"94.2452"
"2009-11-09";"P";"E";"I";"94.3302"
"2009-11-10";"P";"E";"I";"94.2753"
"2009-11-11";"P";"E";"I";"94.3455"
"2009-11-12";"P";"E";"I";"94.31"
"2009-11-13";"P";"E";"I";"94.3067"
"2009-11-16";"P";"E";"I";"94.3786"
"2009-11-17";"P";"E";"I";"94.3267"
"2009-11-18";"P";"E";"I";"94.2402"
"2009-11-19";"P";"E";"I";"94.1099"
"2009-11-20";"P";"E";"I";"94.1636"
"2009-11-23";"P";"E";"I";"94.2544"
"2009-11-24";"P";"E";"I";"94.2385"
"2009-11-25";"P";"E";"I";"94.3738"
"2009-11-26";"P";"E";"I";"94.3867"
"2009-11-27";"P";"E";"I";"94.407"
"2009-11-30";"P";"E";"I";"94.4393"
"2009-12-01";"P";"E";"I";"94.403"
"2009-12-02";"P";"E";"I";"94.3657"
"2009-12-03";"P";"E";"I";"94.3437"
"2009-12-04";"P";"E";"I";"94.387"
"2009-12-07";"P";"E";"I";"94.0974"
"2009-12-08";"P";"E";"I";"94.107"
"2009-12-09";"P";"E";"I";"94.1218"
"2009-12-10";"P";"E";"I";"94.0348"
"2009-12-11";"P";"E";"I";"93.9751"
"2009-12-14";"P";"E";"I";"93.9418"
"2009-12-15";"P";"E";"I";"93.9205"
"2009-12-16";"P";"E";"I";"93.8416"
"2009-12-17";"P";"E";"I";"94.2625"
"2009-12-18";"P";"E";"I";"94.7243"
"2009-12-21";"P";"E";"I";"94.8731"
"2009-12-22";"P";"E";"I";"94.7145"
"2009-12-23";"P";"E";"I";"94.9257"
"2009-12-24";"P";"E";"I";"95.2294"
"2009-12-25";"P";"E";"I";"95.2058"
"2009-12-28";"P";"E";"I";"95.1836"
"2009-12-29";"P";"E";"I";"95.4037"
"2009-12-30";"P";"E";"I";"95.2098"
"2009-12-31";"P";"E";"I";"95.4415"
"2010-01-01";"P";"E";"I";"95.3281"
"2010-01-04";"P";"E";"I";"95.2138"
"2010-01-05";"P";"E";"I";"95.3776"
"2010-01-06";"P";"E";"I";"95.3796"
"2010-01-07";"P";"E";"I";"95.478"
"2010-01-08";"P";"E";"I";"95.5572"
"2010-01-11";"P";"E";"I";"95.7886"
"2010-01-12";"P";"E";"I";"95.8669"
"2010-01-13";"P";"E";"I";"95.6827"
"2010-01-14";"P";"E";"I";"95.5829"
"2010-01-15";"P";"E";"I";"95.7795"
"2010-01-18";"P";"E";"I";"95.8858"
"2010-01-19";"P";"E";"I";"95.8282"
"2010-01-20";"P";"E";"I";"95.8521"
"2010-01-21";"P";"E";"I";"96.0297"
"2010-01-22";"P";"E";"I";"96.1116"
"2010-01-25";"P";"E";"I";"95.9501"
"2010-01-26";"P";"E";"I";"96.0952"
"2010-01-27";"P";"E";"I";"96.0549"
"2010-01-28";"P";"E";"I";"95.9604"
"2010-01-29";"P";"E";"I";"96.2704"
"2010-02-01";"P";"E";"I";"95.9906"
"2010-02-02";"P";"E";"I";"95.9154"
"2010-02-03";"P";"E";"I";"95.9538"
"2010-02-04";"P";"E";"I";"96.101"
"2010-02-05";"P";"E";"I";"96.1644"
"2010-02-08";"P";"E";"I";"96.2101"
"2010-02-09";"P";"E";"I";"96.2454"
"2010-02-10";"P";"E";"I";"96.2372"
"2010-02-11";"P";"E";"I";"96.2547"
"2010-02-12";"P";"E";"I";"96.2544"
"2010-02-15";"P";"E";"I";"96.3472"
"2010-02-16";"P";"E";"I";"96.2934"
"2010-02-17";"P";"E";"I";"96.0897"
"2010-02-18";"P";"E";"I";"96.3006"
"2010-02-19";"P";"E";"I";"96.3173"
"2010-02-22";"P";"E";"I";"96.3419"
"2010-02-23";"P";"E";"I";"96.198"
"2010-02-24";"P";"E";"I";"96.3305"
"2010-02-25";"P";"E";"I";"96.3518"
"2010-02-26";"P";"E";"I";"96.3292"
"2010-03-01";"P";"E";"I";"96.2936"
"2010-03-02";"P";"E";"I";"96.2968"
"2010-03-03";"P";"E";"I";"96.279"
"2010-03-04";"P";"E";"I";"96.2287"
"2010-03-05";"P";"E";"I";"96.2563"
"2010-03-08";"P";"E";"I";"96.1926"
"2010-03-09";"P";"E";"I";"96.202"
"2010-03-10";"P";"E";"I";"96.2132"
"2010-03-11";"P";"E";"I";"96.2407"
"2010-03-12";"P";"E";"I";"96.3053"
"2010-03-15";"P";"E";"I";"96.5439"
"2010-03-16";"P";"E";"I";"96.8191"
"2010-03-17";"P";"E";"I";"96.7958"
"2010-03-18";"P";"E";"I";"97.0379"
"2010-03-19";"P";"E";"I";"97.7351"
"2010-03-22";"P";"E";"I";"97.9275"
"2010-03-23";"P";"E";"I";"97.7441"
"2010-03-24";"P";"E";"I";"98.1659"
"2010-03-25";"P";"E";"I";"98.1959"
"2010-03-26";"P";"E";"I";"98.0357"
"2010-03-29";"P";"E";"I";"97.9109"
"2010-03-30";"P";"E";"I";"97.8696"
"2010-03-31";"P";"E";"I";"97.8863"
"2010-04-01";"P";"E";"I";"98.5354"
"2010-04-02";"P";"E";"I";"98.2607"
"2010-04-05";"P";"E";"I";"97.9914"
"2010-04-06";"P";"E";"I";"97.7252"
"2010-04-07";"P";"E";"I";"97.7023"
"2010-04-08";"P";"E";"I";"97.6656"
"2010-04-09";"P";"E";"I";"97.554"
"2010-04-12";"P";"E";"I";"96.8845"
"2010-04-13";"P";"E";"I";"97.2281"
"2010-04-14";"P";"E";"I";"97.3839"
"2010-04-15";"P";"E";"I";"97.5497"
"2010-04-16";"P";"E";"I";"97.5749"
"2010-04-19";"P";"E";"I";"97.5026"
"2010-04-20";"P";"E";"I";"97.5319"
"2010-04-21";"P";"E";"I";"97.5256"
"2010-04-22";"P";"E";"I";"97.5769"
"2010-04-23";"P";"E";"I";"97.5381"
"2010-04-26";"P";"E";"I";"97.4293"
"2010-04-27";"P";"E";"I";"97.288"
"2010-04-28";"P";"E";"I";"97.5381"
"2010-04-29";"P";"E";"I";"97.3969"
"2010-04-30";"P";"E";"I";"97.3555"
"2010-05-03";"P";"E";"I";"97.4805"
"2010-05-04";"P";"E";"I";"97.4664"
"2010-05-05";"P";"E";"I";"97.4428"
"2010-05-06";"P";"E";"I";"97.4208"
"2010-05-07";"P";"E";"I";"98.5825"
"2010-05-10";"P";"E";"I";"97.4959"
"2010-05-11";"P";"E";"I";"98.804"
"2010-05-12";"P";"E";"I";"98.8476"
"2010-05-13";"P";"E";"I";"99.1202"
"2010-05-14";"P";"E";"I";"99.3926"
"2010-05-17";"P";"E";"I";"99.4277"
"2010-05-18";"P";"E";"I";"99.2444"
"2010-05-19";"P";"E";"I";"99.3554"
"2010-05-20";"P";"E";"I";"97.6389"
"2010-05-21";"P";"E";"I";"96.7995"
"2010-05-24";"P";"E";"I";"97.206"
"2010-05-25";"P";"E";"I";"97.6193"
"2010-05-26";"P";"E";"I";"97.515"
"2010-05-27";"P";"E";"I";"98.0038"
"2010-05-28";"P";"E";"I";"97.3113"
"2010-05-31";"P";"E";"I";"97.5158"
"2010-06-01";"P";"E";"I";"97.7324"
"2010-06-02";"P";"E";"I";"98.2125"
"2010-06-03";"P";"E";"I";"97.8478"
"2010-06-04";"P";"E";"I";"98.4888"
"2010-06-07";"P";"E";"I";"99.6966"
"2010-06-08";"P";"E";"I";"100.0148"
"2010-06-09";"P";"E";"I";"100.6586"
"2010-06-10";"P";"E";"I";"100.4723"
"2010-06-11";"P";"E";"I";"100.2117"
"2010-06-14";"P";"E";"I";"99.7774"
"2010-06-15";"P";"E";"I";"99.1051"
"2010-06-16";"P";"E";"I";"99.6158"
"2010-06-17";"P";"E";"I";"100.5414"
"2010-06-18";"P";"E";"I";"100.5514"
"2010-06-21";"P";"E";"I";"100.85"
"2010-06-22";"P";"E";"I";"101.5562"
"2010-06-23";"P";"E";"I";"101.8074"
"2010-06-24";"P";"E";"I";"101.957"
"2010-06-25";"P";"E";"I";"102.0212"
"2010-06-28";"P";"E";"I";"103.1334"
"2010-06-29";"P";"E";"I";"104.3169"
"2010-06-30";"P";"E";"I";"104.6644"
"2010-07-01";"P";"E";"I";"104.9433"
"2010-07-02";"P";"E";"I";"103.7156"
"2010-07-05";"P";"E";"I";"103.8457"
"2010-07-06";"P";"E";"I";"103.6599"
"2010-07-07";"P";"E";"I";"103.5971"
"2010-07-08";"P";"E";"I";"103.7574"
"2010-07-09";"P";"E";"I";"103.4946"
"2010-07-12";"P";"E";"I";"103.2875"
"2010-07-13";"P";"E";"I";"103.8538"
"2010-07-14";"P";"E";"I";"102.7773"
"2010-07-15";"P";"E";"I";"103.3018"
"2010-07-16";"P";"E";"I";"102.7285"
"2010-07-19";"P";"E";"I";"102.0103"
"2010-07-20";"P";"E";"I";"101.3724"
"2010-07-21";"P";"E";"I";"102.31"
"2010-07-22";"P";"E";"I";"103.6025"
"2010-07-23";"P";"E";"I";"102.7126"
"2010-07-26";"P";"E";"I";"101.8046"
"2010-07-27";"P";"E";"I";"100.9372"
"2010-07-28";"P";"E";"I";"100.3151"
"2010-07-29";"P";"E";"I";"100.6637"
"2010-07-30";"P";"E";"I";"102.2831"
"2010-08-02";"P";"E";"I";"101.2062"
"2010-08-03";"P";"E";"I";"100.8982"
"2010-08-04";"P";"E";"I";"100.665"
"2010-08-05";"P";"E";"I";"100.1717"
"2010-08-06";"P";"E";"I";"100.2915"
"2010-08-09";"P";"E";"I";"100.1463"
"2010-08-10";"P";"E";"I";"99.7005"
"2010-08-11";"P";"E";"I";"100.4694"
"2010-08-12";"P";"E";"I";"101.4227"
"2010-08-13";"P";"E";"I";"102.3759"
"2010-08-16";"P";"E";"I";"103.8941"
"2010-08-17";"P";"E";"I";"103.2593"
"2010-08-18";"P";"E";"I";"103.1005"
"2010-08-19";"P";"E";"I";"103.8145"
"2010-08-20";"P";"E";"I";"104.4386"
"2010-08-23";"P";"E";"I";"105.1378"
"2010-08-24";"P";"E";"I";"105.0446"
"2010-08-25";"P";"E";"I";"105.7641"
"2010-08-26";"P";"E";"I";"105.5004"
"2010-08-27";"P";"E";"I";"105.9368"
"2010-08-30";"P";"E";"I";"105.4085"
"2010-08-31";"P";"E";"I";"106.6529"
"2010-09-01";"P";"E";"I";"106.6267"
"2010-09-02";"P";"E";"I";"106.3551"
"2010-09-03";"P";"E";"I";"105.9556"
"2010-09-06";"P";"E";"I";"105.2828"
"2010-09-07";"P";"E";"I";"106.7964"
"2010-09-08";"P";"E";"I";"107.8951"
"2010-09-09";"P";"E";"I";"106.8399"
"2010-09-10";"P";"E";"I";"106.0937"
"2010-09-13";"P";"E";"I";"105.9541"
"2010-09-14";"P";"E";"I";"106.7984"
"2010-09-15";"P";"E";"I";"105.9189"
"2010-09-16";"P";"E";"I";"105.5836"
"2010-09-17";"P";"E";"I";"103.0539"
"2010-09-20";"P";"E";"I";"104.5985"
"2010-09-21";"P";"E";"I";"104.6984"
"2010-09-22";"P";"E";"I";"104.3097"
"2010-09-23";"P";"E";"I";"104.1523"
"2010-09-24";"P";"E";"I";"104.6901"
"2010-09-27";"P";"E";"I";"103.6996"
"2010-09-28";"P";"E";"I";"104.1498"
"2010-09-29";"P";"E";"I";"103.5938"
"2010-09-30";"P";"E";"I";"103.3925"
"2010-10-01";"P";"E";"I";"102.4277"
"2010-10-04";"P";"E";"I";"102.8682"
"2010-10-05";"P";"E";"I";"103.134"
"2010-10-06";"P";"E";"I";"102.6259"
"2010-10-07";"P";"E";"I";"102.5509"
"2010-10-08";"P";"E";"I";"102.0618"
"2010-10-11";"P";"E";"I";"102.3879"
"2010-10-12";"P";"E";"I";"102.3963"
"2010-10-13";"P";"E";"I";"102.5567"
"2010-10-14";"P";"E";"I";"102.6289"
"2010-10-15";"P";"E";"I";"101.7014"
"2010-10-18";"P";"E";"I";"102.6453"
"2010-10-19";"P";"E";"I";"102.4907"
"2010-10-20";"P";"E";"I";"102.5006"
"2010-10-21";"P";"E";"I";"101.2392"
"2010-10-22";"P";"E";"I";"100.8419"
"2010-10-25";"P";"E";"I";"100.4088"
"2010-10-26";"P";"E";"I";"100.7112"
"2010-10-27";"P";"E";"I";"100.0999"
"2010-10-28";"P";"E";"I";"100.2288"
"2010-10-29";"P";"E";"I";"99.7283"
"2010-11-01";"P";"E";"I";"98.9693"
"2010-11-02";"P";"E";"I";"99.0484"
"2010-11-03";"P";"E";"I";"99.1949"
"2010-11-04";"P";"E";"I";"99.0792"
"2010-11-05";"P";"E";"I";"100.4166"
"2010-11-08";"P";"E";"I";"101.1346"
"2010-11-09";"P";"E";"I";"101.936"
"2010-11-10";"P";"E";"I";"101.5971"
"2010-11-11";"P";"E";"I";"102.1845"
"2010-11-12";"P";"E";"I";"102.2432"
"2010-11-15";"P";"E";"I";"101.6183"
"2010-11-16";"P";"E";"I";"101.4752"
"2010-11-17";"P";"E";"I";"100.9393"
"2010-11-18";"P";"E";"I";"100.8748"
"2010-11-19";"P";"E";"I";"100.0737"
"2010-11-22";"P";"E";"I";"99.7827"
"2010-11-23";"P";"E";"I";"100.8205"
"2010-11-24";"P";"E";"I";"102.0555"
"2010-11-25";"P";"E";"I";"101.8259"
"2010-11-26";"P";"E";"I";"102.1793"
"2010-11-29";"P";"E";"I";"101.9293"
"2010-11-30";"P";"E";"I";"104.1117"
"2010-12-01";"P";"E";"I";"103.0381"
"2010-12-02";"P";"E";"I";"102.5777"
"2010-12-03";"P";"E";"I";"103.0471"
"2010-12-06";"P";"E";"I";"103.7064"
"2010-12-07";"P";"E";"I";"103.3747"
"2010-12-08";"P";"E";"I";"103.5169"
"2010-12-09";"P";"E";"I";"103.312"
"2010-12-10";"P";"E";"I";"103.8903"
"2010-12-13";"P";"E";"I";"103.9802"
"2010-12-14";"P";"E";"I";"104.0954"
"2010-12-15";"P";"E";"I";"105.4648"
"2010-12-16";"P";"E";"I";"105.1455"
"2010-12-17";"P";"E";"I";"105.5776"
"2010-12-20";"P";"E";"I";"105.862"
"2010-12-21";"P";"E";"I";"106.4552"
"2010-12-22";"P";"E";"I";"107.5941"
"2010-12-23";"P";"E";"I";"107.9007"
"2010-12-24";"P";"E";"I";"106.6671"
"2010-12-27";"P";"E";"I";"106.3985"
"2010-12-28";"P";"E";"I";"107.0679"
"2010-12-29";"P";"E";"I";"107.5553"
"2010-12-30";"P";"E";"I";"108.1408"
"2010-12-31";"P";"E";"I";"107.4642"
"2011-01-03";"P";"E";"I";"107.8961"
"2011-01-04";"P";"E";"I";"106.7206"
"2011-01-05";"P";"E";"I";"106.4597"
"2011-01-06";"P";"E";"I";"105.942"
"2011-01-07";"P";"E";"I";"107.3165"
"2011-01-10";"P";"E";"I";"107.8395"
"2011-01-11";"P";"E";"I";"106.888"
"2011-01-12";"P";"E";"I";"105.9187"
"2011-01-13";"P";"E";"I";"104.6624"
"2011-01-14";"P";"E";"I";"103.9712"
"2011-01-17";"P";"E";"I";"104.5997"
"2011-01-18";"P";"E";"I";"104.396"
"2011-01-19";"P";"E";"I";"103.984"
"2011-01-20";"P";"E";"I";"104.1713"
"2011-01-21";"P";"E";"I";"102.6515"
"2011-01-24";"P";"E";"I";"102.755"
"2011-01-25";"P";"E";"I";"103.3511"
"2011-01-26";"P";"E";"I";"103.3274"
"2011-01-27";"P";"E";"I";"103.5199"
"2011-01-28";"P";"E";"I";"103.1874"
"2011-01-31";"P";"E";"I";"104.0826"
"2011-02-01";"P";"E";"I";"103.4394"
"2011-02-02";"P";"E";"I";"103.4701"
"2011-02-03";"P";"E";"I";"102.8355"
"2011-02-04";"P";"E";"I";"103.5275"
"2011-02-07";"P";"E";"I";"102.7339"
"2011-02-08";"P";"E";"I";"102.8299"
"2011-02-09";"P";"E";"I";"101.5513"
"2011-02-10";"P";"E";"I";"101.8277"
"2011-02-11";"P";"E";"I";"101.5647"
"2011-02-14";"P";"E";"I";"101.9133"
"2011-02-15";"P";"E";"I";"101.7025"
"2011-02-16";"P";"E";"I";"102.2717"
"2011-02-17";"P";"E";"I";"102.7521"
"2011-02-18";"P";"E";"I";"103.0604"
"2011-02-21";"P";"E";"I";"102.7293"
"2011-02-22";"P";"E";"I";"103.8412"
"2011-02-23";"P";"E";"I";"103.5354"
"2011-02-24";"P";"E";"I";"104.3892"
"2011-02-25";"P";"E";"I";"103.7995"
"2011-02-28";"P";"E";"I";"103.858"
"2011-03-01";"P";"E";"I";"103.2703"
"2011-03-02";"P";"E";"I";"103.8499"
"2011-03-03";"P";"E";"I";"103.6004"
"2011-03-04";"P";"E";"I";"102.2562"
"2011-03-07";"P";"E";"I";"102.3342"
"2011-03-08";"P";"E";"I";"102.0294"
"2011-03-09";"P";"E";"I";"102.4432"
"2011-03-10";"P";"E";"I";"102.6685"
"2011-03-11";"P";"E";"I";"102.7628"
"2011-03-14";"P";"E";"I";"102.2809"
"2011-03-15";"P";"E";"I";"103.5143"
"2011-03-16";"P";"E";"I";"103.2826"
"2011-03-17";"P";"E";"I";"104.6379"
"2011-03-18";"P";"E";"I";"104.3488"
"2011-03-21";"P";"E";"I";"103.1036"
"2011-03-22";"P";"E";"I";"102.7471"
"2011-03-23";"P";"E";"I";"103.6919"
"2011-03-24";"P";"E";"I";"102.7991"
"2011-03-25";"P";"E";"I";"102.1364"
"2011-03-28";"P";"E";"I";"102.1442"
"2011-03-29";"P";"E";"I";"101.9371"
"2011-03-30";"P";"E";"I";"101.4686"
"2011-03-31";"P";"E";"I";"101.5925"
"2011-04-01";"P";"E";"I";"101.0674"
"2011-04-04";"P";"E";"I";"100.5033"
"2011-04-05";"P";"E";"I";"100.8422"
"2011-04-06";"P";"E";"I";"100.4566"
"2011-04-07";"P";"E";"I";"100.4666"
"2011-04-08";"P";"E";"I";"99.9645"
"2011-04-11";"P";"E";"I";"100.302"
"2011-04-12";"P";"E";"I";"101.157"
"2011-04-13";"P";"E";"I";"101.2477"
"2011-04-14";"P";"E";"I";"101.6807"
"2011-04-15";"P";"E";"I";"101.9524"
"2011-04-18";"P";"E";"I";"102.5718"
"2011-04-19";"P";"E";"I";"102.9946"
"2011-04-20";"P";"E";"I";"101.8932"
"2011-04-21";"P";"E";"I";"101.9247"
"2011-04-22";"P";"E";"I";"102.1578"
"2011-04-25";"P";"E";"I";"102.391"
"2011-04-26";"P";"E";"I";"102.63"
"2011-04-27";"P";"E";"I";"102.4986"
"2011-04-28";"P";"E";"I";"101.6321"
"2011-04-29";"P";"E";"I";"101.977"
"2011-05-02";"P";"E";"I";"102.179"
"2011-05-03";"P";"E";"I";"102.8519"
"2011-05-04";"P";"E";"I";"102.7568"
"2011-05-05";"P";"E";"I";"103.1221"
"2011-05-06";"P";"E";"I";"103.758"
"2011-05-09";"P";"E";"I";"104.2011"
"2011-05-10";"P";"E";"I";"104.4711"
"2011-05-11";"P";"E";"I";"103.8898"
"2011-05-12";"P";"E";"I";"104.4534"
"2011-05-13";"P";"E";"I";"104.2942"
"2011-05-16";"P";"E";"I";"104.7845"
"2011-05-17";"P";"E";"I";"104.7839"
"2011-05-18";"P";"E";"I";"104.8192"
"2011-05-19";"P";"E";"I";"104.7284"
"2011-05-20";"P";"E";"I";"104.4617"
"2011-05-23";"P";"E";"I";"106.324"
"2011-05-24";"P";"E";"I";"105.866"
"2011-05-25";"P";"E";"I";"106.577"
"2011-05-26";"P";"E";"I";"106.6292"
"2011-05-27";"P";"E";"I";"107.6649"
"2011-05-30";"P";"E";"I";"108.1209"
"2011-05-31";"P";"E";"I";"107.2567"
"2011-06-01";"P";"E";"I";"107.4606"
"2011-06-02";"P";"E";"I";"107.5996"
"2011-06-03";"P";"E";"I";"107.7349"
"2011-06-06";"P";"E";"I";"107.6608"
"2011-06-07";"P";"E";"I";"107.6354"
"2011-06-08";"P";"E";"I";"107.1897"
"2011-06-09";"P";"E";"I";"107.3664"
"2011-06-10";"P";"E";"I";"107.9123"
"2011-06-13";"P";"E";"I";"108.7471"
"2011-06-14";"P";"E";"I";"108.2769"
"2011-06-15";"P";"E";"I";"107.5099"
"2011-06-16";"P";"E";"I";"108.9373"
"2011-06-17";"P";"E";"I";"109.1607"
"2011-06-20";"P";"E";"I";"108.9392"
"2011-06-21";"P";"E";"I";"108.1393"
"2011-06-22";"P";"E";"I";"107.979"
"2011-06-23";"P";"E";"I";"109.1787"
"2011-06-24";"P";"E";"I";"109.6404"
"2011-06-27";"P";"E";"I";"110.3901"
"2011-06-28";"P";"E";"I";"109.7648"
"2011-06-29";"P";"E";"I";"109.153"
"2011-06-30";"P";"E";"I";"108.1492"
"2011-07-01";"P";"E";"I";"106.368"
"2011-07-04";"P";"E";"I";"105.8727"
"2011-07-05";"P";"E";"I";"106.7485"
"2011-07-06";"P";"E";"I";"107.9127"
"2011-07-07";"P";"E";"I";"108.6843"
"2011-07-08";"P";"E";"I";"107.5137"
"2011-07-11";"P";"E";"I";"110.0129"
"2011-07-12";"P";"E";"I";"112.2786"
"2011-07-13";"P";"E";"I";"111.5742"
"2011-07-14";"P";"E";"I";"112.2096"
"2011-07-15";"P";"E";"I";"112.6868"
"2011-07-18";"P";"E";"I";"113.7039"
"2011-07-19";"P";"E";"I";"111.834"
"2011-07-20";"P";"E";"I";"111.3576"
"2011-07-21";"P";"E";"I";"111.0569"
"2011-07-22";"P";"E";"I";"109.4689"
"2011-07-25";"P";"E";"I";"112.2588"
"2011-07-26";"P";"E";"I";"111.5795"
"2011-07-27";"P";"E";"I";"112.0337"
"2011-07-28";"P";"E";"I";"112.595"
"2011-07-29";"P";"E";"I";"113.1863"
"2011-08-01";"P";"E";"I";"113.8101"
"2011-08-02";"P";"E";"I";"117.2385"
"2011-08-03";"P";"E";"I";"116.8989"
"2011-08-04";"P";"E";"I";"116.7841"
"2011-08-05";"P";"E";"I";"119.3742"
"2011-08-08";"P";"E";"I";"118.705"
"2011-08-09";"P";"E";"I";"120.844"
"2011-08-10";"P";"E";"I";"124.7824"
"2011-08-11";"P";"E";"I";"123.2657"
"2011-08-12";"P";"E";"I";"117.8334"
"2011-08-15";"P";"E";"I";"113.7433"
"2011-08-16";"P";"E";"I";"115.0971"
"2011-08-17";"P";"E";"I";"114.4854"
"2011-08-18";"P";"E";"I";"112.7511"
"2011-08-19";"P";"E";"I";"114.0602"
"2011-08-22";"P";"E";"I";"113.9894"
"2011-08-23";"P";"E";"I";"113.5367"
"2011-08-24";"P";"E";"I";"113.1636"
"2011-08-25";"P";"E";"I";"112.9824"
"2011-08-26";"P";"E";"I";"113.0778"
"2011-08-29";"P";"E";"I";"109.593"
"2011-08-30";"P";"E";"I";"109.817"
"2011-08-31";"P";"E";"I";"110.2212"
"2011-09-01";"P";"E";"I";"113.0867"
"2011-09-02";"P";"E";"I";"116"
"2011-09-05";"P";"E";"I";"116.2018"
"2011-09-06";"P";"E";"I";"107.3923"
"2011-09-07";"P";"E";"I";"107.0501"
"2011-09-08";"P";"E";"I";"106.3571"
"2011-09-09";"P";"E";"I";"106.373"
"2011-09-12";"P";"E";"I";"107.0958"
"2011-09-13";"P";"E";"I";"107.3137"
"2011-09-14";"P";"E";"I";"107.3015"
"2011-09-15";"P";"E";"I";"107.0357"
"2011-09-16";"P";"E";"I";"107.0436"
"2011-09-19";"P";"E";"I";"107.0977"
"2011-09-20";"P";"E";"I";"107.1009"
"2011-09-21";"P";"E";"I";"105.7434"
"2011-09-22";"P";"E";"I";"105.0407"
"2011-09-23";"P";"E";"I";"105.814"
"2011-09-26";"P";"E";"I";"105.6223"
"2011-09-27";"P";"E";"I";"105.7719"
"2011-09-28";"P";"E";"I";"105.6619"
"2011-09-29";"P";"E";"I";"105.7195"
"2011-09-30";"P";"E";"I";"105.7897"
"2011-10-03";"P";"E";"I";"106.17"
"2011-10-04";"P";"E";"I";"106.1626"
"2011-10-05";"P";"E";"I";"105.0998"
"2011-10-06";"P";"E";"I";"104.2251"
"2011-10-07";"P";"E";"I";"104.1196"
"2011-10-10";"P";"E";"I";"103.8664"
"2011-10-11";"P";"E";"I";"104.4085"
"2011-10-12";"P";"E";"I";"103.7498"
"2011-10-13";"P";"E";"I";"104.0777"
"2011-10-14";"P";"E";"I";"103.8146"
"2011-10-17";"P";"E";"I";"103.7282"
"2011-10-18";"P";"E";"I";"103.9905"
"2011-10-19";"P";"E";"I";"103.0331"
"2011-10-20";"P";"E";"I";"103.3962"
"2011-10-21";"P";"E";"I";"104.6643"
"2011-10-24";"P";"E";"I";"104.3951"
"2011-10-25";"P";"E";"I";"104.608"
"2011-10-26";"P";"E";"I";"105.0118"
"2011-10-27";"P";"E";"I";"104.3271"
"2011-10-28";"P";"E";"I";"104.5217"
"2011-10-31";"P";"E";"I";"104.7805"
"2011-11-01";"P";"E";"I";"104.9005"
"2011-11-02";"P";"E";"I";"105.0232"
"2011-11-03";"P";"E";"I";"105.216"
"2011-11-04";"P";"E";"I";"104.4973"
"2011-11-07";"P";"E";"I";"103.2879"
"2011-11-08";"P";"E";"I";"102.864"
"2011-11-09";"P";"E";"I";"103.4431"
"2011-11-10";"P";"E";"I";"103.5231"
"2011-11-11";"P";"E";"I";"103.34"
"2011-11-14";"P";"E";"I";"103.1667"
"2011-11-15";"P";"E";"I";"102.9872"
"2011-11-16";"P";"E";"I";"103.0459"
"2011-11-17";"P";"E";"I";"103.0155"
"2011-11-18";"P";"E";"I";"103.3254"
"2011-11-21";"P";"E";"I";"103.1719"
"2011-11-22";"P";"E";"I";"103.3888"
"2011-11-23";"P";"E";"I";"103.6099"
"2011-11-24";"P";"E";"I";"103.7753"
"2011-11-25";"P";"E";"I";"103.9207"
"2011-11-28";"P";"E";"I";"103.811"
"2011-11-29";"P";"E";"I";"103.8382"
"2011-11-30";"P";"E";"I";"104.1603"
"2011-12-01";"P";"E";"I";"104.0287"
"2011-12-02";"P";"E";"I";"103.3239"
"2011-12-05";"P";"E";"I";"103.0426"
"2011-12-06";"P";"E";"I";"102.9899"
"2011-12-07";"P";"E";"I";"102.7913"
"2011-12-08";"P";"E";"I";"103.0404"
"2011-12-09";"P";"E";"I";"103.4018"
"2011-12-12";"P";"E";"I";"103.3831"
"2011-12-13";"P";"E";"I";"103.1804"
"2011-12-14";"P";"E";"I";"103.3457"
"2011-12-15";"P";"E";"I";"103.9004"
"2011-12-16";"P";"E";"I";"104.0364"
"2011-12-19";"P";"E";"I";"104.3964"
"2011-12-20";"P";"E";"I";"104.5111"
"2011-12-21";"P";"E";"I";"104.2437"
"2011-12-22";"P";"E";"I";"104.0836"
"2011-12-23";"P";"E";"I";"103.9814"
"2011-12-26";"P";"E";"I";"103.9413"
"2011-12-27";"P";"E";"I";"104.0426"
"2011-12-28";"P";"E";"I";"104.1552"
"2011-12-29";"P";"E";"I";"104.2926"
"2011-12-30";"P";"E";"I";"104.5389"
"2012-01-02";"P";"E";"I";"104.3965"
"2012-01-03";"P";"E";"I";"104.3852"
"2012-01-04";"P";"E";"I";"104.3115"
"2012-01-05";"P";"E";"I";"104.3452"
"2012-01-06";"P";"E";"I";"104.382"
"2012-01-09";"P";"E";"I";"104.6044"
"2012-01-10";"P";"E";"I";"104.92"
"2012-01-11";"P";"E";"I";"104.9255"
"2012-01-12";"P";"E";"I";"105.0337"
"2012-01-13";"P";"E";"I";"105.16"
"2012-01-16";"P";"E";"I";"105.3505"
"2012-01-17";"P";"E";"I";"105.3695"
"2012-01-18";"P";"E";"I";"105.4045"
"2012-01-19";"P";"E";"I";"105.5072"
"2012-01-20";"P";"E";"I";"105.5739"
"2012-01-23";"P";"E";"I";"105.6174"
"2012-01-24";"P";"E";"I";"105.7573"
"2012-01-25";"P";"E";"I";"105.5866"
"2012-01-26";"P";"E";"I";"105.7738"
"2012-01-27";"P";"E";"I";"105.7514"
"2012-01-30";"P";"E";"I";"105.9973"
"2012-01-31";"P";"E";"I";"105.9523"
"2012-02-01";"P";"E";"I";"106.1087"
"2012-02-02";"P";"E";"I";"106.1002"
"2012-02-03";"P";"E";"I";"106.0589"
"2012-02-06";"P";"E";"I";"105.9599"
"2012-02-07";"P";"E";"I";"105.8577"
"2012-02-08";"P";"E";"I";"105.4868"
"2012-02-09";"P";"E";"I";"105.6205"
"2012-02-10";"P";"E";"I";"105.6475"
"2012-02-13";"P";"E";"I";"105.7209"
"2012-02-14";"P";"E";"I";"105.7646"
"2012-02-15";"P";"E";"I";"105.8069"
"2012-02-16";"P";"E";"I";"105.8509"
"2012-02-17";"P";"E";"I";"105.7808"
"2012-02-20";"P";"E";"I";"105.6832"
"2012-02-21";"P";"E";"I";"105.6938"
"2012-02-22";"P";"E";"I";"105.6997"
"2012-02-23";"P";"E";"I";"105.8442"
"2012-02-24";"P";"E";"I";"105.804"
"2012-02-27";"P";"E";"I";"105.8592"
"2012-02-28";"P";"E";"I";"105.757"
"2012-02-29";"P";"E";"I";"105.7341"
"2012-03-01";"P";"E";"I";"105.7466"
"2012-03-02";"P";"E";"I";"105.6458"
"2012-03-05";"P";"E";"I";"105.5883"
"2012-03-06";"P";"E";"I";"105.5665"
"2012-03-07";"P";"E";"I";"105.5559"
"2012-03-08";"P";"E";"I";"105.5222"
"2012-03-09";"P";"E";"I";"105.4758"
"2012-03-12";"P";"E";"I";"105.4425"
"2012-03-13";"P";"E";"I";"105.3868"
"2012-03-14";"P";"E";"I";"104.9921"
"2012-03-15";"P";"E";"I";"104.9291"
"2012-03-16";"P";"E";"I";"105.1693"
"2012-03-19";"P";"E";"I";"105.2366"
"2012-03-20";"P";"E";"I";"105.2204"
"2012-03-21";"P";"E";"I";"105.2407"
"2012-03-22";"P";"E";"I";"105.2334"
"2012-03-23";"P";"E";"I";"105.2146"
"2012-03-26";"P";"E";"I";"105.2079"
"2012-03-27";"P";"E";"I";"105.1233"
"2012-03-28";"P";"E";"I";"105.1358"
"2012-03-29";"P";"E";"I";"105.1755"
"2012-03-30";"P";"E";"I";"105.2417"
"2012-04-02";"P";"E";"I";"105.2633"
"2012-04-03";"P";"E";"I";"105.3305"
"2012-04-04";"P";"E";"I";"105.2828"
"2012-04-05";"P";"E";"I";"105.361"
"2012-04-06";"P";"E";"I";"105.5216"
"2012-04-09";"P";"E";"I";"105.5531"
"2012-04-10";"P";"E";"I";"105.5502"
"2012-04-11";"P";"E";"I";"105.6044"
"2012-04-12";"P";"E";"I";"105.6068"
"2012-04-13";"P";"E";"I";"105.6448"
"2012-04-16";"P";"E";"I";"105.586"
"2012-04-17";"P";"E";"I";"105.6936"
"2012-04-18";"P";"E";"I";"105.7136"
"2012-04-19";"P";"E";"I";"105.7579"
"2012-04-20";"P";"E";"I";"105.7889"
"2012-04-23";"P";"E";"I";"105.833"
"2012-04-24";"P";"E";"I";"105.8654"
"2012-04-25";"P";"E";"I";"105.8962"
"2012-04-26";"P";"E";"I";"105.9389"
"2012-04-27";"P";"E";"I";"105.9975"
"2012-04-30";"P";"E";"I";"106.0471"
"2012-05-01";"P";"E";"I";"106.0764"
"2012-05-02";"P";"E";"I";"106.0398"
"2012-05-03";"P";"E";"I";"106.1188"
"2012-05-04";"P";"E";"I";"106.1447"
"2012-05-07";"P";"E";"I";"106.1632"
"2012-05-08";"P";"E";"I";"106.1832"
"2012-05-09";"P";"E";"I";"106.2103"
"2012-05-10";"P";"E";"I";"106.2274"
"2012-05-11";"P";"E";"I";"106.231"
"2012-05-14";"P";"E";"I";"106.2641"
"2012-05-15";"P";"E";"I";"106.268"
"2012-05-16";"P";"E";"I";"106.2819"
"2012-05-17";"P";"E";"I";"106.2919"
"2012-05-18";"P";"E";"I";"106.3012"
"2012-05-21";"P";"E";"I";"106.3079"
"2012-05-22";"P";"E";"I";"106.3169"
"2012-05-23";"P";"E";"I";"106.3243"
"2012-05-24";"P";"E";"I";"106.3377"
"2012-05-25";"P";"E";"I";"106.2503"
"2012-05-28";"P";"E";"I";"106.2097"
"2012-05-29";"P";"E";"I";"106.2575"
"2012-05-30";"P";"E";"I";"106.3416"
"2012-05-31";"P";"E";"I";"106.3456"
"2012-06-01";"P";"E";"I";"106.3547"
"2012-06-04";"P";"E";"I";"106.358"
"2012-06-05";"P";"E";"I";"106.3467"
"2012-06-06";"P";"E";"I";"106.3534"
"2012-06-07";"P";"E";"I";"106.3399"
"2012-06-08";"P";"E";"I";"106.3385"
"2012-06-11";"P";"E";"I";"106.3321"
"2012-06-12";"P";"E";"I";"106.3316"
"2012-06-13";"P";"E";"I";"106.3241"
"2012-06-14";"P";"E";"I";"106.3287"
"2012-06-15";"P";"E";"I";"106.3116"
"2012-06-18";"P";"E";"I";"106.3017"
"2012-06-19";"P";"E";"I";"106.2922"
"2012-06-20";"P";"E";"I";"106.2908"
"2012-06-21";"P";"E";"I";"106.2669"
"2012-06-22";"P";"E";"I";"106.2552"
"2012-06-25";"P";"E";"I";"106.2501"
"2012-06-26";"P";"E";"I";"106.2237"
"2012-06-27";"P";"E";"I";"106.2071"
"2012-06-28";"P";"E";"I";"106.1889"
"2012-06-29";"P";"E";"I";"106.1555"
"2012-07-02";"P";"E";"I";"106.1361"
"2012-07-03";"P";"E";"I";"106.1028"
"2012-07-04";"P";"E";"I";"106.1122"
"2012-07-05";"P";"E";"I";"106.0632"
"2012-07-06";"P";"E";"I";"106.0533"
"2012-07-09";"P";"E";"I";"106.0296"
"2012-07-10";"P";"E";"I";"106.0128"
"2012-07-11";"P";"E";"I";"105.9793"
"2012-07-12";"P";"E";"I";"105.9649"
"2012-07-13";"P";"E";"I";"105.9395"
"2012-07-16";"P";"E";"I";"105.9025"
"2012-07-17";"P";"E";"I";"105.8869"
"2012-07-18";"P";"E";"I";"105.8516"
"2012-07-19";"P";"E";"I";"105.8312"
"2012-07-20";"P";"E";"I";"105.8083"
"2012-07-23";"P";"E";"I";"105.7944"
"2012-07-24";"P";"E";"I";"105.774"
"2012-07-25";"P";"E";"I";"105.7466"
"2012-07-26";"P";"E";"I";"105.7402"
"2012-07-27";"P";"E";"I";"105.734"
"2012-07-30";"P";"E";"I";"105.7005"
"2012-07-31";"P";"E";"I";"105.6905"
"2012-08-01";"P";"E";"I";"105.6706"
"2012-08-02";"P";"E";"I";"105.5606"
"2012-08-03";"P";"E";"I";"105.6698"
"2012-08-06";"P";"E";"I";"105.656"
"2012-08-07";"P";"E";"I";"105.5948"
"2012-08-08";"P";"E";"I";"105.6582"
"2012-08-09";"P";"E";"I";"105.6681"
"2012-08-10";"P";"E";"I";"105.6837"
"2012-08-13";"P";"E";"I";"105.68"
"2012-08-14";"P";"E";"I";"105.6865"
"2012-08-15";"P";"E";"I";"105.6927"
"2012-08-16";"P";"E";"I";"105.7006"
"2012-08-17";"P";"E";"I";"105.7066"
"2012-08-20";"P";"E";"I";"105.7153"
"2012-08-21";"P";"E";"I";"105.7339"
"2012-08-22";"P";"E";"I";"105.7329"
"2012-08-23";"P";"E";"I";"105.7442"
"2012-08-24";"P";"E";"I";"105.7601"
"2012-08-27";"P";"E";"I";"105.7608"
"2012-08-28";"P";"E";"I";"105.7663"
"2012-08-29";"P";"E";"I";"105.7749"
"2012-08-30";"P";"E";"I";"105.79"
"2012-08-31";"P";"E";"I";"105.7964"
"2012-09-03";"P";"E";"I";"105.7982"
"2012-09-04";"P";"E";"I";"105.7919"
"2012-09-05";"P";"E";"I";"105.7781"
"2012-09-06";"P";"E";"I";"105.4362"
"2012-09-07";"P";"E";"I";"104.8639"
"2012-09-10";"P";"E";"I";"104.9419"
"2012-09-11";"P";"E";"I";"105.1868"
"2012-09-12";"P";"E";"I";"105.0251"
"2012-09-13";"P";"E";"I";"104.8513"
"2012-09-14";"P";"E";"I";"104.4949"
"2012-09-17";"P";"E";"I";"104.4807"
"2012-09-18";"P";"E";"I";"104.8147"
"2012-09-19";"P";"E";"I";"104.9939"
"2012-09-20";"P";"E";"I";"105.0829"
"2012-09-21";"P";"E";"I";"104.8999"
"2012-09-24";"P";"E";"I";"105.0612"
"2012-09-25";"P";"E";"I";"105.0607"
"2012-09-26";"P";"E";"I";"105.0614"
"2012-09-27";"P";"E";"I";"105.0766"
"2012-09-28";"P";"E";"I";"104.9919"
"2012-10-01";"P";"E";"I";"105.0899"
"2012-10-02";"P";"E";"I";"105.0061"
"2012-10-03";"P";"E";"I";"104.9847"
"2012-10-04";"P";"E";"I";"104.8296"
"2012-10-05";"P";"E";"I";"104.8955"
"2012-10-08";"P";"E";"I";"105.013"
"2012-10-09";"P";"E";"I";"104.9284"
"2012-10-10";"P";"E";"I";"105.0057"
"2012-10-11";"P";"E";"I";"105.2791"
"2012-10-12";"P";"E";"I";"105.1505"
"2012-10-15";"P";"E";"I";"105.1919"
"2012-10-16";"P";"E";"I";"105.2002"
"2012-10-17";"P";"E";"I";"105.1888"
"2012-10-18";"P";"E";"I";"105.2282"
"2012-10-19";"P";"E";"I";"105.3083"
"2012-10-22";"P";"E";"I";"105.2152"
"2012-10-23";"P";"E";"I";"105.2779"
"2012-10-24";"P";"E";"I";"105.3082"
"2012-10-25";"P";"E";"I";"105.287"
"2012-10-26";"P";"E";"I";"105.3253"
"2012-10-29";"P";"E";"I";"105.4157"
"2012-10-30";"P";"E";"I";"105.4519"
"2012-10-31";"P";"E";"I";"105.5572"
"2012-11-01";"P";"E";"I";"105.5931"
"2012-11-02";"P";"E";"I";"105.669"
"2012-11-05";"P";"E";"I";"105.7249"
"2012-11-06";"P";"E";"I";"105.6338"
"2012-11-07";"P";"E";"I";"105.645"
"2012-11-08";"P";"E";"I";"105.8122"
"2012-11-09";"P";"E";"I";"105.7652"
"2012-11-12";"P";"E";"I";"105.8402"
"2012-11-13";"P";"E";"I";"105.939"
"2012-11-14";"P";"E";"I";"105.9907"
"2012-11-15";"P";"E";"I";"105.9721"
"2012-11-16";"P";"E";"I";"105.9966"
"2012-11-19";"P";"E";"I";"105.9073"
"2012-11-20";"P";"E";"I";"105.9312"
"2012-11-21";"P";"E";"I";"105.9661"
"2012-11-22";"P";"E";"I";"105.9531"
"2012-11-23";"P";"E";"I";"105.9041"
"2012-11-26";"P";"E";"I";"105.9567"
"2012-11-27";"P";"E";"I";"105.9516"
"2012-11-28";"P";"E";"I";"106.002"
"2012-11-29";"P";"E";"I";"105.9637"
"2012-11-30";"P";"E";"I";"105.9332"
"2012-12-03";"P";"E";"I";"105.7652"
"2012-12-04";"P";"E";"I";"105.1188"
"2012-12-05";"P";"E";"I";"105.0015"
"2012-12-06";"P";"E";"I";"105.2689"
"2012-12-07";"P";"E";"I";"105.409"
"2012-12-10";"P";"E";"I";"105.7061"
"2012-12-11";"P";"E";"I";"105.2386"
"2012-12-12";"P";"E";"I";"105.1725"
"2012-12-13";"P";"E";"I";"105.363"
"2012-12-14";"P";"E";"I";"105.4553"
"2012-12-17";"P";"E";"I";"105.5105"
"2012-12-18";"P";"E";"I";"105.5004"
"2012-12-19";"P";"E";"I";"105.4223"
"2012-12-20";"P";"E";"I";"105.4981"
"2012-12-21";"P";"E";"I";"105.4804"
"2012-12-24";"P";"E";"I";"105.5402"
"2012-12-25";"P";"E";"I";"105.4705"
"2012-12-26";"P";"E";"I";"105.455"
"2012-12-27";"P";"E";"I";"105.3904"
"2012-12-28";"P";"E";"I";"105.3975"
"2012-12-31";"P";"E";"I";"105.509"
"2013-01-01";"P";"E";"I";"105.4026"
"2013-01-02";"P";"E";"I";"105.3875"
"2013-01-03";"P";"E";"I";"105.3258"
"2013-01-04";"P";"E";"I";"105.2998"
"2013-01-07";"P";"E";"I";"105.3583"
"2013-01-08";"P";"E";"I";"105.3367"
"2013-01-09";"P";"E";"I";"105.3625"
"2013-01-10";"P";"E";"I";"105.3475"
"2013-01-11";"P";"E";"I";"104.6741"
"2013-01-14";"P";"E";"I";"104.0291"
"2013-01-15";"P";"E";"I";"103.1509"
"2013-01-16";"P";"E";"I";"103.1611"
"2013-01-17";"P";"E";"I";"102.4816"
"2013-01-18";"P";"E";"I";"102.0303"
"2013-01-21";"P";"E";"I";"102.5941"
"2013-01-22";"P";"E";"I";"102.9676"
"2013-01-23";"P";"E";"I";"102.8828"
"2013-01-24";"P";"E";"I";"102.7942"
"2013-01-25";"P";"E";"I";"102.4056"
"2013-01-28";"P";"E";"I";"102.2514"
"2013-01-29";"P";"E";"I";"102.5179"
"2013-01-30";"P";"E";"I";"102.3743"
"2013-01-31";"P";"E";"I";"103.1636"
"2013-02-01";"P";"E";"I";"102.9896"
"2013-02-04";"P";"E";"I";"103.0557"
"2013-02-05";"P";"E";"I";"103.9523"
"2013-02-06";"P";"E";"I";"103.1591"
"2013-02-07";"P";"E";"I";"103.5482"
"2013-02-08";"P";"E";"I";"103.6497"
"2013-02-11";"P";"E";"I";"103.8439"
"2013-02-12";"P";"E";"I";"103.6665"
"2013-02-13";"P";"E";"I";"103.0553"
"2013-02-14";"P";"E";"I";"103.3825"
"2013-02-15";"P";"E";"I";"103.7096"
"2013-02-18";"P";"E";"I";"103.387"
"2013-02-19";"P";"E";"I";"103.3482"
"2013-02-20";"P";"E";"I";"103.3294"
"2013-02-21";"P";"E";"I";"103.6633"
"2013-02-22";"P";"E";"I";"103.6499"
"2013-02-25";"P";"E";"I";"103.8374"
"2013-02-26";"P";"E";"I";"104.6687"
"2013-02-27";"P";"E";"I";"104.6817"
"2013-02-28";"P";"E";"I";"104.5419"
"2013-03-01";"P";"E";"I";"104.2545"
"2013-03-04";"P";"E";"I";"104.103"
"2013-03-05";"P";"E";"I";"103.9582"
"2013-03-06";"P";"E";"I";"103.6612"
"2013-03-07";"P";"E";"I";"103.5343"
"2013-03-08";"P";"E";"I";"103.3355"
"2013-03-11";"P";"E";"I";"103.3438"
"2013-03-12";"P";"E";"I";"103.6"
"2013-03-13";"P";"E";"I";"103.7027"
"2013-03-14";"P";"E";"I";"103.4687"
"2013-03-15";"P";"E";"I";"103.8491"
"2013-03-18";"P";"E";"I";"104.7306"
"2013-03-19";"P";"E";"I";"104.5194"
"2013-03-20";"P";"E";"I";"104.7723"
"2013-03-21";"P";"E";"I";"104.8764"
"2013-03-22";"P";"E";"I";"104.8216"
"2013-03-25";"P";"E";"I";"104.8462"
"2013-03-26";"P";"E";"I";"104.998"
"2013-03-27";"P";"E";"I";"105.2704"
"2013-03-28";"P";"E";"I";"105.2268"
"2013-03-29";"P";"E";"I";"105.356"
"2013-04-01";"P";"E";"I";"105.4359"
"2013-04-02";"P";"E";"I";"105.6167"
"2013-04-03";"P";"E";"I";"105.3806"
"2013-04-04";"P";"E";"I";"105.5159"
"2013-04-05";"P";"E";"I";"105.5148"
"2013-04-08";"P";"E";"I";"105.5647"
"2013-04-09";"P";"E";"I";"105.2407"
"2013-04-10";"P";"E";"I";"105.225"
"2013-04-11";"P";"E";"I";"105.3078"
"2013-04-12";"P";"E";"I";"105.3938"
"2013-04-15";"P";"E";"I";"105.66"
"2013-04-16";"P";"E";"I";"105.5764"
"2013-04-17";"P";"E";"I";"105.6118"
"2013-04-18";"P";"E";"I";"105.5652"
"2013-04-19";"P";"E";"I";"105.4065"
"2013-04-22";"P";"E";"I";"105.3222"
"2013-04-23";"P";"E";"I";"105.1851"
"2013-04-24";"P";"E";"I";"104.4141"
"2013-04-25";"P";"E";"I";"104.065"
"2013-04-26";"P";"E";"I";"104.4549"
"2013-04-29";"P";"E";"I";"104.4021"
"2013-04-30";"P";"E";"I";"104.7621"
"2013-05-01";"P";"E";"I";"104.7619"
"2013-05-02";"P";"E";"I";"105.0727"
"2013-05-03";"P";"E";"I";"104.9329"
"2013-05-06";"P";"E";"I";"104.4915"
"2013-05-07";"P";"E";"I";"104.4178"
"2013-05-08";"P";"E";"I";"104.2991"
"2013-05-09";"P";"E";"I";"104.4651"
"2013-05-10";"P";"E";"I";"103.1932"
"2013-05-13";"P";"E";"I";"103.3698"
"2013-05-14";"P";"E";"I";"103.6099"
"2013-05-15";"P";"E";"I";"102.7258"
"2013-05-16";"P";"E";"I";"103.2181"
"2013-05-17";"P";"E";"I";"103.4035"
"2013-05-20";"P";"E";"I";"103.1843"
"2013-05-21";"P";"E";"I";"103.2935"
"2013-05-22";"P";"E";"I";"102.5587"
"2013-05-23";"P";"E";"I";"103.2945"
"2013-05-24";"P";"E";"I";"102.8288"
"2013-05-27";"P";"E";"I";"103.4092"
"2013-05-28";"P";"E";"I";"102.9141"
"2013-05-29";"P";"E";"I";"102.9397"
"2013-05-30";"P";"E";"I";"103.5335"
"2013-05-31";"P";"E";"I";"103.7239"
"2013-06-03";"P";"E";"I";"103.3775"
"2013-06-04";"P";"E";"I";"103.7619"
"2013-06-05";"P";"E";"I";"103.9376"
"2013-06-06";"P";"E";"I";"104.27"
"2013-06-07";"P";"E";"I";"104.6967"
"2013-06-10";"P";"E";"I";"103.9698"
"2013-06-11";"P";"E";"I";"104.1299"
"2013-06-12";"P";"E";"I";"104.5769"
"2013-06-13";"P";"E";"I";"104.8422"
"2013-06-14";"P";"E";"I";"104.5014"
"2013-06-17";"P";"E";"I";"104.5552"
"2013-06-18";"P";"E";"I";"104.5491"
"2013-06-19";"P";"E";"I";"104.4189"
"2013-06-20";"P";"E";"I";"104.3468"
"2013-06-21";"P";"E";"I";"104.9592"
"2013-06-24";"P";"E";"I";"105.046"
"2013-06-25";"P";"E";"I";"105.0245"
"2013-06-26";"P";"E";"I";"104.9644"
"2013-06-27";"P";"E";"I";"104.5882"
"2013-06-28";"P";"E";"I";"104.1817"
"2013-07-01";"P";"E";"I";"104.3491"
"2013-07-02";"P";"E";"I";"104.1181"
"2013-07-03";"P";"E";"I";"104.5763"
"2013-07-04";"P";"E";"I";"104.3074"
"2013-07-05";"P";"E";"I";"104.1742"
"2013-07-08";"P";"E";"I";"103.8545"
"2013-07-09";"P";"E";"I";"103.4326"
"2013-07-10";"P";"E";"I";"103.5969"
"2013-07-11";"P";"E";"I";"103.673"
"2013-07-12";"P";"E";"I";"103.7633"
"2013-07-15";"P";"E";"I";"103.7942"
"2013-07-16";"P";"E";"I";"103.7657"
"2013-07-17";"P";"E";"I";"104.0862"
"2013-07-18";"P";"E";"I";"104.0082"
"2013-07-19";"P";"E";"I";"103.9881"
"2013-07-22";"P";"E";"I";"104.0248"
"2013-07-23";"P";"E";"I";"104.071"
"2013-07-24";"P";"E";"I";"103.8027"
"2013-07-25";"P";"E";"I";"103.9496"
"2013-07-26";"P";"E";"I";"104.3553"
"2013-07-29";"P";"E";"I";"104.3291"
"2013-07-30";"P";"E";"I";"104.27"
"2013-07-31";"P";"E";"I";"104.5157"
"2013-08-01";"P";"E";"I";"104.4532"
"2013-08-02";"P";"E";"I";"103.8959"
"2013-08-05";"P";"E";"I";"104.3176"
"2013-08-06";"P";"E";"I";"104.5186"
"2013-08-07";"P";"E";"I";"104.4377"
"2013-08-08";"P";"E";"I";"104.658"
"2013-08-09";"P";"E";"I";"104.53"
"2013-08-12";"P";"E";"I";"104.4932"
"2013-08-13";"P";"E";"I";"104.3501"
"2013-08-14";"P";"E";"I";"103.6079"
"2013-08-15";"P";"E";"I";"103.752"
"2013-08-16";"P";"E";"I";"104.1524"
"2013-08-19";"P";"E";"I";"104.1983"
"2013-08-20";"P";"E";"I";"104.5645"
"2013-08-21";"P";"E";"I";"104.5832"
"2013-08-22";"P";"E";"I";"104.2696"
"2013-08-23";"P";"E";"I";"104.2691"
"2013-08-26";"P";"E";"I";"104.2594"
"2013-08-27";"P";"E";"I";"104.6409"
"2013-08-28";"P";"E";"I";"104.7279"
"2013-08-29";"P";"E";"I";"104.6735"
"2013-08-30";"P";"E";"I";"104.5312"
"2013-09-02";"P";"E";"I";"104.4861"
"2013-09-03";"P";"E";"I";"104.5179"
"2013-09-04";"P";"E";"I";"104.3631"
"2013-09-05";"P";"E";"I";"103.9035"
"2013-09-06";"P";"E";"I";"103.8718"
"2013-09-09";"P";"E";"I";"104.1551"
"2013-09-10";"P";"E";"I";"104.0671"
"2013-09-11";"P";"E";"I";"103.8187"
"2013-09-12";"P";"E";"I";"104.021"
"2013-09-13";"P";"E";"I";"104.0211"
"2013-09-16";"P";"E";"I";"104.1037"
"2013-09-17";"P";"E";"I";"104.0531"
"2013-09-18";"P";"E";"I";"104.0772"
"2013-09-19";"P";"E";"I";"104.3925"
"2013-09-20";"P";"E";"I";"104.5481"
"2013-09-23";"P";"E";"I";"104.429"
"2013-09-24";"P";"E";"I";"104.6647"
"2013-09-25";"P";"E";"I";"104.6987"
"2013-09-26";"P";"E";"I";"104.7247"
"2013-09-27";"P";"E";"I";"105.019"
"2013-09-30";"P";"E";"I";"105.3499"
"2013-10-01";"P";"E";"I";"105.2418"
"2013-10-02";"P";"E";"I";"105.1737"
"2013-10-03";"P";"E";"I";"104.9417"
"2013-10-04";"P";"E";"I";"105.059"
"2013-10-07";"P";"E";"I";"105.0903"
"2013-10-08";"P";"E";"I";"104.8753"
"2013-10-09";"P";"E";"I";"104.7718"
"2013-10-10";"P";"E";"I";"104.6322"
"2013-10-11";"P";"E";"I";"104.5758"
"2013-10-14";"P";"E";"I";"104.2759"
"2013-10-15";"P";"E";"I";"104.3598"
"2013-10-16";"P";"E";"I";"104.362"
"2013-10-17";"P";"E";"I";"104.5349"
"2013-10-18";"P";"E";"I";"104.3565"
"2013-10-21";"P";"E";"I";"104.3373"
"2013-10-22";"P";"E";"I";"104.3428"
"2013-10-23";"P";"E";"I";"104.6733"
"2013-10-24";"P";"E";"I";"104.8539"
"2013-10-25";"P";"E";"I";"104.6231"
"2013-10-28";"P";"E";"I";"104.4558"
"2013-10-29";"P";"E";"I";"104.3099"
"2013-10-30";"P";"E";"I";"104.3364"
"2013-10-31";"P";"E";"I";"104.5091"
"2013-11-01";"P";"E";"I";"104.7075"
"2013-11-04";"P";"E";"I";"104.6116"
"2013-11-05";"P";"E";"I";"104.7425"
"2013-11-06";"P";"E";"I";"104.5839"
"2013-11-07";"P";"E";"I";"104.4312"
"2013-11-08";"P";"E";"I";"104.6999"
"2013-11-11";"P";"E";"I";"104.4474"
"2013-11-12";"P";"E";"I";"104.4657"
"2013-11-13";"P";"E";"I";"104.4872"
"2013-11-14";"P";"E";"I";"104.3732"
"2013-11-15";"P";"E";"I";"104.1861"
"2013-11-18";"P";"E";"I";"104.3087"
"2013-11-19";"P";"E";"I";"104.2635"
"2013-11-20";"P";"E";"I";"104.3058"
"2013-11-21";"P";"E";"I";"104.3151"
"2013-11-22";"P";"E";"I";"104.3791"
"2013-11-25";"P";"E";"I";"104.4041"
"2013-11-26";"P";"E";"I";"104.3349"
"2013-11-27";"P";"E";"I";"104.359"
"2013-11-28";"P";"E";"I";"104.3051"
"2013-11-29";"P";"E";"I";"104.225"
"2013-12-02";"P";"E";"I";"104.2919"
"2013-12-03";"P";"E";"I";"104.412"
"2013-12-04";"P";"E";"I";"104.4814"
"2013-12-05";"P";"E";"I";"104.6544"
"2013-12-06";"P";"E";"I";"104.8516"
"2013-12-09";"P";"E";"I";"104.8852"
"2013-12-10";"P";"E";"I";"104.9427"
"2013-12-11";"P";"E";"I";"105.1134"
"2013-12-12";"P";"E";"I";"105.0444"
"2013-12-13";"P";"E";"I";"105.0501"
"2013-12-16";"P";"E";"I";"105.1152"
"2013-12-17";"P";"E";"I";"105.1564"
"2013-12-18";"P";"E";"I";"105.1511"
"2013-12-19";"P";"E";"I";"104.9218"
"2013-12-20";"P";"E";"I";"104.806"
"2013-12-23";"P";"E";"I";"104.8186"
"2013-12-24";"P";"E";"I";"104.9837"
"2013-12-25";"P";"E";"I";"105.022"
"2013-12-26";"P";"E";"I";"104.7601"
"2013-12-27";"P";"E";"I";"104.9493"
"2013-12-30";"P";"E";"I";"104.8831"
"2013-12-31";"P";"E";"I";"104.848"
"2014-01-01";"P";"E";"I";"104.7678"
"2014-01-02";"P";"E";"I";"104.5629"
"2014-01-03";"P";"E";"I";"104.6449"
"2014-01-06";"P";"E";"I";"104.4658"
"2014-01-07";"P";"E";"I";"104.0668"
"2014-01-08";"P";"E";"I";"103.9063"
"2014-01-09";"P";"E";"I";"104.0191"
"2014-01-10";"P";"E";"I";"104.2238"
"2014-01-13";"P";"E";"I";"104.2615"
"2014-01-14";"P";"E";"I";"104.3974"
"2014-01-15";"P";"E";"I";"104.1417"
"2014-01-16";"P";"E";"I";"104.1499"
"2014-01-17";"P";"E";"I";"104.3703"
"2014-01-20";"P";"E";"I";"104.3219"
"2014-01-21";"P";"E";"I";"104.1388"
"2014-01-22";"P";"E";"I";"104.2302"
"2014-01-23";"P";"E";"I";"104.5119"
"2014-01-24";"P";"E";"I";"104.8408"
"2014-01-27";"P";"E";"I";"105.0392"
"2014-01-28";"P";"E";"I";"104.8431"
"2014-01-29";"P";"E";"I";"104.8749"
"2014-01-30";"P";"E";"I";"105.3199"
"2014-01-31";"P";"E";"I";"105.24"
"2014-02-03";"P";"E";"I";"105.3934"
"2014-02-04";"P";"E";"I";"105.4189"
"2014-02-05";"P";"E";"I";"105.3013"
"2014-02-06";"P";"E";"I";"105.3631"
"2014-02-07";"P";"E";"I";"105.2901"
"2014-02-10";"P";"E";"I";"105.3477"
"2014-02-11";"P";"E";"I";"105.2904"
"2014-02-12";"P";"E";"I";"105.2297"
"2014-02-13";"P";"E";"I";"105.5046"
"2014-02-14";"P";"E";"I";"105.4802"
"2014-02-17";"P";"E";"I";"105.5181"
"2014-02-18";"P";"E";"I";"105.5333"
"2014-02-19";"P";"E";"I";"105.5851"
"2014-02-20";"P";"E";"I";"105.7455"
"2014-02-21";"P";"E";"I";"105.7148"
"2014-02-24";"P";"E";"I";"105.7676"
"2014-02-25";"P";"E";"I";"105.8108"
"2014-02-26";"P";"E";"I";"105.7832"
"2014-02-27";"P";"E";"I";"106.1154"
"2014-02-28";"P";"E";"I";"106.1377"
"2014-03-03";"P";"E";"I";"106.4133"
"2014-03-04";"P";"E";"I";"106.1317"
"2014-03-05";"P";"E";"I";"105.8903"
"2014-03-06";"P";"E";"I";"105.8111"
"2014-03-07";"P";"E";"I";"105.8211"
"2014-03-10";"P";"E";"I";"105.909"
"2014-03-11";"P";"E";"I";"105.9075"
"2014-03-12";"P";"E";"I";"106.0624"
"2014-03-13";"P";"E";"I";"106.0926"
"2014-03-14";"P";"E";"I";"106.1989"
"2014-03-17";"P";"E";"I";"106.0681"
"2014-03-18";"P";"E";"I";"105.9964"
"2014-03-19";"P";"E";"I";"105.7885"
"2014-03-20";"P";"E";"I";"105.6542"
"2014-03-21";"P";"E";"I";"105.8105"
"2014-03-24";"P";"E";"I";"105.6704"
"2014-03-25";"P";"E";"I";"105.6252"
"2014-03-26";"P";"E";"I";"105.3357"
"2014-03-27";"P";"E";"I";"105.6063"
"2014-03-28";"P";"E";"I";"105.667"
"2014-03-31";"P";"E";"I";"105.5489"
"2014-04-01";"P";"E";"I";"105.7075"
"2014-04-02";"P";"E";"I";"105.593"
"2014-04-03";"P";"E";"I";"105.4284"
"2014-04-04";"P";"E";"I";"105.2696"
"2014-04-07";"P";"E";"I";"105.402"
"2014-04-08";"P";"E";"I";"105.583"
"2014-04-09";"P";"E";"I";"105.6488"
"2014-04-10";"P";"E";"I";"105.8082"
"2014-04-11";"P";"E";"I";"105.9075"
"2014-04-14";"P";"E";"I";"106.0123"
"2014-04-15";"P";"E";"I";"105.9966"
"2014-04-16";"P";"E";"I";"105.9794"
"2014-04-17";"P";"E";"I";"105.8924"
"2014-04-18";"P";"E";"I";"105.741"
"2014-04-21";"P";"E";"I";"105.7279"
"2014-04-22";"P";"E";"I";"105.621"
"2014-04-23";"P";"E";"I";"105.7037"
"2014-04-24";"P";"E";"I";"105.7515"
"2014-04-25";"P";"E";"I";"105.8227"
"2014-04-28";"P";"E";"I";"105.9759"
"2014-04-29";"P";"E";"I";"105.8136"
"2014-04-30";"P";"E";"I";"105.8576"
"2014-05-01";"P";"E";"I";"105.8244"
"2014-05-02";"P";"E";"I";"105.8954"
"2014-05-05";"P";"E";"I";"106.0679"
"2014-05-06";"P";"E";"I";"106.0596"
"2014-05-07";"P";"E";"I";"106.0465"
"2014-05-08";"P";"E";"I";"105.9473"
"2014-05-09";"P";"E";"I";"105.9552"
"2014-05-12";"P";"E";"I";"105.7818"
"2014-05-13";"P";"E";"I";"105.7088"
"2014-05-14";"P";"E";"I";"105.8232"
"2014-05-15";"P";"E";"I";"105.6802"
"2014-05-16";"P";"E";"I";"105.676"
"2014-05-19";"P";"E";"I";"105.5993"
"2014-05-20";"P";"E";"I";"105.5682"
"2014-05-21";"P";"E";"I";"105.6504"
"2014-05-22";"P";"E";"I";"105.6087"
"2014-05-23";"P";"E";"I";"105.6408"
"2014-05-26";"P";"E";"I";"105.6922"
"2014-05-27";"P";"E";"I";"105.5827"
"2014-05-28";"P";"E";"I";"105.51"
"2014-05-29";"P";"E";"I";"105.6424"
"2014-05-30";"P";"E";"I";"105.6279"
"2014-06-02";"P";"E";"I";"105.5788"
"2014-06-03";"P";"E";"I";"105.51"
"2014-06-04";"P";"E";"I";"105.5948"
"2014-06-05";"P";"E";"I";"105.7653"
"2014-06-06";"P";"E";"I";"105.9253"
"2014-06-09";"P";"E";"I";"105.7678"
"2014-06-10";"P";"E";"I";"105.7596"
"2014-06-11";"P";"E";"I";"105.8435"
"2014-06-12";"P";"E";"I";"105.8904"
"2014-06-13";"P";"E";"I";"106.0191"
"2014-06-16";"P";"E";"I";"105.9302"
"2014-06-17";"P";"E";"I";"105.8833"
"2014-06-18";"P";"E";"I";"105.8649"
"2014-06-19";"P";"E";"I";"105.9948"
"2014-06-20";"P";"E";"I";"106.0465"
"2014-06-23";"P";"E";"I";"105.9853"
"2014-06-24";"P";"E";"I";"106.1071"
"2014-06-25";"P";"E";"I";"106.0808"
"2014-06-26";"P";"E";"I";"106.0959"
"2014-06-27";"P";"E";"I";"106.1025"
"2014-06-30";"P";"E";"I";"106.2084"
"2014-07-01";"P";"E";"I";"106.3031"
"2014-07-02";"P";"E";"I";"106.319"
"2014-07-03";"P";"E";"I";"106.3011"
"2014-07-04";"P";"E";"I";"106.1554"
"2014-07-07";"P";"E";"I";"106.1902"
"2014-07-08";"P";"E";"I";"106.2072"
"2014-07-09";"P";"E";"I";"106.1832"
"2014-07-10";"P";"E";"I";"106.2803"
"2014-07-11";"P";"E";"I";"106.3133"
"2014-07-14";"P";"E";"I";"106.3573"
"2014-07-15";"P";"E";"I";"106.3193"
"2014-07-16";"P";"E";"I";"106.2032"
"2014-07-17";"P";"E";"I";"106.2866"
"2014-07-18";"P";"E";"I";"106.3164"
"2014-07-21";"P";"E";"I";"106.2257"
"2014-07-22";"P";"E";"I";"106.2138"
"2014-07-23";"P";"E";"I";"106.2085"
"2014-07-24";"P";"E";"I";"106.2493"
"2014-07-25";"P";"E";"I";"106.1746"
"2014-07-28";"P";"E";"I";"106.1969"
"2014-07-29";"P";"E";"I";"106.2272"
"2014-07-30";"P";"E";"I";"106.0912"
"2014-07-31";"P";"E";"I";"106.052"
"2014-08-01";"P";"E";"I";"106.0711"
"2014-08-04";"P";"E";"I";"106.0267"
"2014-08-05";"P";"E";"I";"105.9222"
"2014-08-06";"P";"E";"I";"106.0783"
"2014-08-07";"P";"E";"I";"106.0983"
"2014-08-08";"P";"E";"I";"106.2306"
"2014-08-11";"P";"E";"I";"106.2249"
"2014-08-12";"P";"E";"I";"106.1564"
"2014-08-13";"P";"E";"I";"106.1619"
"2014-08-14";"P";"E";"I";"106.2762"
"2014-08-15";"P";"E";"I";"106.3162"
"2014-08-18";"P";"E";"I";"106.3944"
"2014-08-19";"P";"E";"I";"106.3709"
"2014-08-20";"P";"E";"I";"106.388"
"2014-08-21";"P";"E";"I";"106.331"
"2014-08-22";"P";"E";"I";"106.3781"
"2014-08-25";"P";"E";"I";"106.4974"
"2014-08-26";"P";"E";"I";"106.5454"
"2014-08-27";"P";"E";"I";"106.5951"
"2014-08-28";"P";"E";"I";"106.6958"
"2014-08-29";"P";"E";"I";"106.7053"
"2014-09-01";"P";"E";"I";"106.6925"
"2014-09-02";"P";"E";"I";"106.5739"
"2014-09-03";"P";"E";"I";"106.5691"
"2014-09-04";"P";"E";"I";"106.643"
"2014-09-05";"P";"E";"I";"106.7402"
"2014-09-08";"P";"E";"I";"106.7248"
"2014-09-09";"P";"E";"I";"106.7665"
"2014-09-10";"P";"E";"I";"106.5899"
"2014-09-11";"P";"E";"I";"106.4415"
"2014-09-12";"P";"E";"I";"106.4632"
"2014-09-15";"P";"E";"I";"106.429"
"2014-09-16";"P";"E";"I";"106.5521"
"2014-09-17";"P";"E";"I";"106.3892"
"2014-09-18";"P";"E";"I";"106.6283"
"2014-09-19";"P";"E";"I";"106.7578"
"2014-09-22";"P";"E";"I";"106.7038"
"2014-09-23";"P";"E";"I";"106.7113"
"2014-09-24";"P";"E";"I";"106.6922"
"2014-09-25";"P";"E";"I";"106.7102"
"2014-09-26";"P";"E";"I";"106.7739"
"2014-09-29";"P";"E";"I";"106.7987"
"2014-09-30";"P";"E";"I";"106.8216"
"2014-10-01";"P";"E";"I";"106.8736"
"2014-10-02";"P";"E";"I";"106.7002"
"2014-10-03";"P";"E";"I";"106.602"
"2014-10-06";"P";"E";"I";"106.3363"
"2014-10-07";"P";"E";"I";"106.3432"
"2014-10-08";"P";"E";"I";"106.262"
"2014-10-09";"P";"E";"I";"106.3077"
"2014-10-10";"P";"E";"I";"106.4103"
"2014-10-13";"P";"E";"I";"106.5315"
"2014-10-14";"P";"E";"I";"106.6182"
"2014-10-15";"P";"E";"I";"106.6037"
"2014-10-16";"P";"E";"I";"106.7015"
"2014-10-17";"P";"E";"I";"106.5783"
"2014-10-20";"P";"E";"I";"106.676"
"2014-10-21";"P";"E";"I";"106.6361"
"2014-10-22";"P";"E";"I";"106.6294"
"2014-10-23";"P";"E";"I";"106.6243"
"2014-10-24";"P";"E";"I";"106.6213"
"2014-10-27";"P";"E";"I";"106.6312"
"2014-10-28";"P";"E";"I";"106.5701"
"2014-10-29";"P";"E";"I";"106.59"
"2014-10-30";"P";"E";"I";"106.5859"
"2014-10-31";"P";"E";"I";"106.5657"
"2014-11-03";"P";"E";"I";"106.5796"
"2014-11-04";"P";"E";"I";"106.5788"
"2014-11-05";"P";"E";"I";"106.7204"
"2014-11-06";"P";"E";"I";"106.681"
"2014-11-07";"P";"E";"I";"106.6786"
"2014-11-10";"P";"E";"I";"106.8171"
"2014-11-11";"P";"E";"I";"106.8517"
"2014-11-12";"P";"E";"I";"106.8563"
"2014-11-13";"P";"E";"I";"106.8636"
"2014-11-14";"P";"E";"I";"106.917"
"2014-11-17";"P";"E";"I";"106.991"
"2014-11-18";"P";"E";"I";"106.9836"
"2014-11-19";"P";"E";"I";"107.0289"
"2014-11-20";"P";"E";"I";"107.0381"
"2014-11-21";"P";"E";"I";"106.9538"
"2014-11-24";"P";"E";"I";"106.976"
"2014-11-25";"P";"E";"I";"106.9936"
"2014-11-26";"P";"E";"I";"107.0245"
"2014-11-27";"P";"E";"I";"107.0891"
"2014-11-28";"P";"E";"I";"107.135"
"2014-12-01";"P";"E";"I";"107.0922"
"2014-12-02";"P";"E";"I";"106.997"
"2014-12-03";"P";"E";"I";"107.1506"
"2014-12-04";"P";"E";"I";"107.1173"
"2014-12-05";"P";"E";"I";"107.2758"
"2014-12-08";"P";"E";"I";"107.3112"
"2014-12-09";"P";"E";"I";"107.3629"
"2014-12-10";"P";"E";"I";"107.4244"
"2014-12-11";"P";"E";"I";"107.4987"
"2014-12-12";"P";"E";"I";"107.6097"
"2014-12-15";"P";"E";"I";"107.6346"
"2014-12-16";"P";"E";"I";"107.6793"
"2014-12-17";"P";"E";"I";"107.7116"
"2014-12-18";"P";"E";"I";"107.4489"
"2014-12-19";"P";"E";"I";"107.5206"
"2014-12-22";"P";"E";"I";"107.5931"
"2014-12-23";"P";"E";"I";"107.6373"
"2014-12-24";"P";"E";"I";"107.6887"
"2014-12-25";"P";"E";"I";"107.8402"
"2014-12-26";"P";"E";"I";"107.7145"
"2014-12-29";"P";"E";"I";"107.6717"
"2014-12-30";"P";"E";"I";"107.6756"
"2014-12-31";"P";"E";"I";"107.6877"
"2015-01-01";"P";"E";"I";"107.6365"
"2015-01-02";"P";"E";"I";"107.6628"
"2015-01-05";"P";"E";"I";"107.6848"
"2015-01-06";"P";"E";"I";"107.6749"
"2015-01-07";"P";"E";"I";"107.6742"
"2015-01-08";"P";"E";"I";"107.6257"
"2015-01-09";"P";"E";"I";"107.5658"
"2015-01-12";"P";"E";"I";"107.5171"
"2015-01-13";"P";"E";"I";"107.4575"
"2015-01-14";"P";"E";"I";"107.3964"
"2015-01-15";"P";"E";"I";"127.4792"
"2015-01-16";"P";"E";"I";"126.8294"
"2015-01-19";"P";"E";"I";"127.7633"
"2015-01-20";"P";"E";"I";"126.7216"
"2015-01-21";"P";"E";"I";"128.2248"
"2015-01-22";"P";"E";"I";"128.7209"
"2015-01-23";"P";"E";"I";"131.0477"
"2015-01-26";"P";"E";"I";"128.7523"
"2015-01-27";"P";"E";"I";"125.515"
"2015-01-28";"P";"E";"I";"125.2835"
"2015-01-29";"P";"E";"I";"124.1351"
"2015-01-30";"P";"E";"I";"122.7103"
"2015-02-02";"P";"E";"I";"121.5766"
"2015-02-03";"P";"E";"I";"122.0235"
"2015-02-04";"P";"E";"I";"120.8549"
"2015-02-05";"P";"E";"I";"121.3542"
"2015-02-06";"P";"E";"I";"121.3417"
"2015-02-09";"P";"E";"I";"122.0976"
"2015-02-10";"P";"E";"I";"122.4321"
"2015-02-11";"P";"E";"I";"122.1262"
"2015-02-12";"P";"E";"I";"121.3925"
"2015-02-13";"P";"E";"I";"120.6569"
"2015-02-16";"P";"E";"I";"120.4845"
"2015-02-17";"P";"E";"I";"120.2682"
"2015-02-18";"P";"E";"I";"119.5989"
"2015-02-19";"P";"E";"I";"118.8642"
"2015-02-20";"P";"E";"I";"118.6197"
"2015-02-23";"P";"E";"I";"118.9023"
"2015-02-24";"P";"E";"I";"118.9877"
"2015-02-25";"P";"E";"I";"118.5188"
"2015-02-26";"P";"E";"I";"118.8511"
"2015-02-27";"P";"E";"I";"119.7117"
"2015-03-02";"P";"E";"I";"118.9821"
"2015-03-03";"P";"E";"I";"118.8568"
"2015-03-04";"P";"E";"I";"118.9233"
"2015-03-05";"P";"E";"I";"119.1456"
"2015-03-06";"P";"E";"I";"118.7492"
"2015-03-09";"P";"E";"I";"118.8542"
"2015-03-10";"P";"E";"I";"118.7483"
"2015-03-11";"P";"E";"I";"119.1693"
"2015-03-12";"P";"E";"I";"119.3164"
"2015-03-13";"P";"E";"I";"118.8119"
"2015-03-16";"P";"E";"I";"119.6996"
"2015-03-17";"P";"E";"I";"118.9665"
"2015-03-18";"P";"E";"I";"118.7627"
"2015-03-19";"P";"E";"I";"119.2969"
"2015-03-20";"P";"E";"I";"119.4973"
"2015-03-23";"P";"E";"I";"119.1176"
"2015-03-24";"P";"E";"I";"119.5235"
"2015-03-25";"P";"E";"I";"119.825"
"2015-03-26";"P";"E";"I";"119.7424"
"2015-03-27";"P";"E";"I";"119.9521"
"2015-03-30";"P";"E";"I";"119.7233"
"2015-03-31";"P";"E";"I";"119.8227"
"2015-04-01";"P";"E";"I";"119.8858"
"2015-04-02";"P";"E";"I";"120.1293"
"2015-04-03";"P";"E";"I";"119.767"
"2015-04-06";"P";"E";"I";"119.5492"
"2015-04-07";"P";"E";"I";"119.4773"
"2015-04-08";"P";"E";"I";"119.4475"
"2015-04-09";"P";"E";"I";"119.606"
"2015-04-10";"P";"E";"I";"120.1054"
"2015-04-13";"P";"E";"I";"120.1238"
"2015-04-14";"P";"E";"I";"120.8023"
"2015-04-15";"P";"E";"I";"120.7034"
"2015-04-16";"P";"E";"I";"120.6925"
"2015-04-17";"P";"E";"I";"120.6538"
"2015-04-20";"P";"E";"I";"121.3771"
"2015-04-21";"P";"E";"I";"121.4372"
"2015-04-22";"P";"E";"I";"121.4218"
"2015-04-23";"P";"E";"I";"120.051"
"2015-04-24";"P";"E";"I";"120.1637"
"2015-04-27";"P";"E";"I";"120.2185"
"2015-04-28";"P";"E";"I";"119.5831"
"2015-04-29";"P";"E";"I";"118.5844"
"2015-04-30";"P";"E";"I";"118.657"
"2015-05-01";"P";"E";"I";"118.7914"
"2015-05-04";"P";"E";"I";"119.271"
"2015-05-05";"P";"E";"I";"119.6207"
"2015-05-06";"P";"E";"I";"119.9389"
"2015-05-07";"P";"E";"I";"120.2328"
"2015-05-08";"P";"E";"I";"120.3075"
"2015-05-11";"P";"E";"I";"119.8348"
"2015-05-12";"P";"E";"I";"119.7084"
"2015-05-13";"P";"E";"I";"119.6205"
"2015-05-14";"P";"E";"I";"119.5398"
"2015-05-15";"P";"E";"I";"119.5318"
"2015-05-18";"P";"E";"I";"118.9671"
"2015-05-19";"P";"E";"I";"119.4342"
"2015-05-20";"P";"E";"I";"119.6216"
"2015-05-21";"P";"E";"I";"119.763"
"2015-05-22";"P";"E";"I";"119.6606"
"2015-05-25";"P";"E";"I";"120.354"
"2015-05-26";"P";"E";"I";"120.36"
"2015-05-27";"P";"E";"I";"120.4542"
"2015-05-28";"P";"E";"I";"120.382"
"2015-05-29";"P";"E";"I";"120.4904"
"2015-06-01";"P";"E";"I";"120.7486"
"2015-06-02";"P";"E";"I";"120.5188"
"2015-06-03";"P";"E";"I";"119.7755"
"2015-06-04";"P";"E";"I";"118.0775"
"2015-06-05";"P";"E";"I";"118.7148"
"2015-06-08";"P";"E";"I";"119.184"
"2015-06-09";"P";"E";"I";"119.1092"
"2015-06-10";"P";"E";"I";"118.7737"
"2015-06-11";"P";"E";"I";"118.1097"
"2015-06-12";"P";"E";"I";"118.9506"
"2015-06-15";"P";"E";"I";"119.0752"
"2015-06-16";"P";"E";"I";"118.8475"
"2015-06-17";"P";"E";"I";"119.5105"
"2015-06-18";"P";"E";"I";"119.2218"
"2015-06-19";"P";"E";"I";"119.3517"
"2015-06-22";"P";"E";"I";"119.3337"
"2015-06-23";"P";"E";"I";"119.2618"
"2015-06-24";"P";"E";"I";"119.3443"
"2015-06-25";"P";"E";"I";"118.8255"
"2015-06-26";"P";"E";"I";"119.1071"
"2015-06-29";"P";"E";"I";"119.5543"
"2015-06-30";"P";"E";"I";"120.0213"
"2015-07-01";"P";"E";"I";"119.1417"
"2015-07-02";"P";"E";"I";"118.703"
"2015-07-03";"P";"E";"I";"119.0891"
"2015-07-06";"P";"E";"I";"119.2908"
"2015-07-07";"P";"E";"I";"119.8787"
"2015-07-08";"P";"E";"I";"119.6447"
"2015-07-09";"P";"E";"I";"118.8202"
"2015-07-10";"P";"E";"I";"119.2112"
"2015-07-13";"P";"E";"I";"118.7846"
"2015-07-14";"P";"E";"I";"119.7127"
"2015-07-15";"P";"E";"I";"119.4989"
"2015-07-16";"P";"E";"I";"119.6757"
"2015-07-17";"P";"E";"I";"119.5284"
"2015-07-20";"P";"E";"I";"119.3861"
"2015-07-21";"P";"E";"I";"119.5037"
"2015-07-22";"P";"E";"I";"118.9684"
"2015-07-23";"P";"E";"I";"118.8915"
"2015-07-24";"P";"E";"I";"118.5836"
"2015-07-27";"P";"E";"I";"117.7054"
"2015-07-28";"P";"E";"I";"116.9159"
"2015-07-29";"P";"E";"I";"117.1445"
"2015-07-30";"P";"E";"I";"117.3286"
"2015-07-31";"P";"E";"I";"118.4575"
"2015-08-03";"P";"E";"I";"117.6316"
"2015-08-04";"P";"E";"I";"117.6116"
"2015-08-05";"P";"E";"I";"117.3704"
"2015-08-06";"P";"E";"I";"116.5315"
"2015-08-07";"P";"E";"I";"116.2833"
"2015-08-10";"P";"E";"I";"115.9424"
"2015-08-11";"P";"E";"I";"115.1922"
"2015-08-12";"P";"E";"I";"114.4614"
"2015-08-13";"P";"E";"I";"115.0103"
"2015-08-14";"P";"E";"I";"114.9579"
"2015-08-17";"P";"E";"I";"115.316"
"2015-08-18";"P";"E";"I";"115.683"
"2015-08-19";"P";"E";"I";"116.0797"
"2015-08-20";"P";"E";"I";"116.6951"
"2015-08-21";"P";"E";"I";"116.1045"
"2015-08-24";"P";"E";"I";"115.3462"
"2015-08-25";"P";"E";"I";"115.0171"
"2015-08-26";"P";"E";"I";"115.6416"
"2015-08-27";"P";"E";"I";"116.2195"
"2015-08-28";"P";"E";"I";"115.2428"
"2015-08-31";"P";"E";"I";"115.9819"
"2015-09-01";"P";"E";"I";"115.5002"
"2015-09-02";"P";"E";"I";"115.2244"
"2015-09-03";"P";"E";"I";"115.0289"
"2015-09-04";"P";"E";"I";"115.4548"
"2015-09-07";"P";"E";"I";"115.4053"
"2015-09-08";"P";"E";"I";"114.8948"
"2015-09-09";"P";"E";"I";"115.0356"
"2015-09-10";"P";"E";"I";"114.745"
"2015-09-11";"P";"E";"I";"114.1038"
"2015-09-14";"P";"E";"I";"114.0419"
"2015-09-15";"P";"E";"I";"114.4656"
"2015-09-16";"P";"E";"I";"114.6569"
"2015-09-17";"P";"E";"I";"114.5206"
"2015-09-18";"P";"E";"I";"114.5412"
"2015-09-21";"P";"E";"I";"114.9948"
"2015-09-22";"P";"E";"I";"115.4512"
"2015-09-23";"P";"E";"I";"115.6586"
"2015-09-24";"P";"E";"I";"114.9447"
"2015-09-25";"P";"E";"I";"114.8678"
"2015-09-28";"P";"E";"I";"114.8376"
"2015-09-29";"P";"E";"I";"115.3374"
"2015-09-30";"P";"E";"I";"115.1706"
"2015-10-01";"P";"E";"I";"115.3909"
"2015-10-02";"P";"E";"I";"115.3433"
"2015-10-05";"P";"E";"I";"115.2184"
"2015-10-06";"P";"E";"I";"115.3291"
"2015-10-07";"P";"E";"I";"115.8192"
"2015-10-08";"P";"E";"I";"115.2093"
"2015-10-09";"P";"E";"I";"115.4509"
"2015-10-12";"P";"E";"I";"115.2111"
"2015-10-13";"P";"E";"I";"115.2732"
"2015-10-14";"P";"E";"I";"115.5163"
"2015-10-15";"P";"E";"I";"116.0207"
"2015-10-16";"P";"E";"I";"116.2479"
"2015-10-19";"P";"E";"I";"116.473"
"2015-10-20";"P";"E";"I";"116.7791"
"2015-10-21";"P";"E";"I";"116.3064"
"2015-10-22";"P";"E";"I";"116.1516"
"2015-10-23";"P";"E";"I";"116.5807"
"2015-10-26";"P";"E";"I";"116.8449"
"2015-10-27";"P";"E";"I";"116.1556"
"2015-10-28";"P";"E";"I";"116.0675"
"2015-10-29";"P";"E";"I";"116.2798"
"2015-10-30";"P";"E";"I";"116.1772"
"2015-11-02";"P";"E";"I";"116.0022"
"2015-11-03";"P";"E";"I";"116.2419"
"2015-11-04";"P";"E";"I";"116.6612"
"2015-11-05";"P";"E";"I";"116.5787"
"2015-11-06";"P";"E";"I";"116.6891"
"2015-11-09";"P";"E";"I";"116.8714"
"2015-11-10";"P";"E";"I";"117.1459"
"2015-11-11";"P";"E";"I";"116.9155"
"2015-11-12";"P";"E";"I";"117.3395"
"2015-11-13";"P";"E";"I";"117.0021"
"2015-11-16";"P";"E";"I";"116.9415"
"2015-11-17";"P";"E";"I";"117.0302"
"2015-11-18";"P";"E";"I";"116.6133"
"2015-11-19";"P";"E";"I";"116.0042"
"2015-11-20";"P";"E";"I";"116.4668"
"2015-11-23";"P";"E";"I";"116.6209"
"2015-11-24";"P";"E";"I";"116.4989"
"2015-11-25";"P";"E";"I";"116.6513"
"2015-11-26";"P";"E";"I";"116.4188"
"2015-11-27";"P";"E";"I";"115.9433"
"2015-11-30";"P";"E";"I";"115.8723"
"2015-12-01";"P";"E";"I";"115.972"
"2015-12-02";"P";"E";"I";"115.999"
"2015-12-03";"P";"E";"I";"116.9742"
"2015-12-04";"P";"E";"I";"116.2085"
"2015-12-07";"P";"E";"I";"116.7423"
"2015-12-08";"P";"E";"I";"116.8773"
"2015-12-09";"P";"E";"I";"116.7966"
"2015-12-10";"P";"E";"I";"116.85"
"2015-12-11";"P";"E";"I";"117.1061"
"2015-12-14";"P";"E";"I";"117.3433"
"2015-12-15";"P";"E";"I";"116.9075"
"2015-12-16";"P";"E";"I";"117.23"
"2015-12-17";"P";"E";"I";"117.358"
"2015-12-18";"P";"E";"I";"117.7027"
"2015-12-21";"P";"E";"I";"117.449"
"2015-12-22";"P";"E";"I";"117.2663"
"2015-12-23";"P";"E";"I";"117.5353"
"2015-12-24";"P";"E";"I";"117.6082"
"2015-12-25";"P";"E";"I";"117.6945"
"2015-12-28";"P";"E";"I";"117.2323"
"2015-12-29";"P";"E";"I";"117.3607"
"2015-12-30";"P";"E";"I";"117.502"
"2015-12-31";"P";"E";"I";"117.6952"
"2016-01-01";"P";"E";"I";"117.7472"
"2016-01-04";"P";"E";"I";"117.2941"
"2016-01-05";"P";"E";"I";"117.5036"
"2016-01-06";"P";"E";"I";"117.6343"
"2016-01-07";"P";"E";"I";"117.2641"
"2016-01-08";"P";"E";"I";"117.225"
"2016-01-11";"P";"E";"I";"117.4112"
"2016-01-12";"P";"E";"I";"117.5114"
"2016-01-13";"P";"E";"I";"117.1512"
"2016-01-14";"P";"E";"I";"116.5381"
"2016-01-15";"P";"E";"I";"116.7646"
"2016-01-18";"P";"E";"I";"116.6349"
"2016-01-19";"P";"E";"I";"116.6126"
"2016-01-20";"P";"E";"I";"116.8075"
"2016-01-21";"P";"E";"I";"116.723"
"2016-01-22";"P";"E";"I";"116.7993"
"2016-01-25";"P";"E";"I";"116.5312"
"2016-01-26";"P";"E";"I";"116.1624"
"2016-01-27";"P";"E";"I";"115.785"
"2016-01-28";"P";"E";"I";"115.4172"
"2016-01-29";"P";"E";"I";"115.0096"
"2016-02-01";"P";"E";"I";"115.2218"
"2016-02-02";"P";"E";"I";"114.7994"
"2016-02-03";"P";"E";"I";"115.0575"
"2016-02-04";"P";"E";"I";"114.2321"
"2016-02-05";"P";"E";"I";"115.1159"
"2016-02-08";"P";"E";"I";"115.2935"
"2016-02-09";"P";"E";"I";"116.1654"
"2016-02-10";"P";"E";"I";"116.4518"
"2016-02-11";"P";"E";"I";"116.5695"
"2016-02-12";"P";"E";"I";"116.0059"
"2016-02-15";"P";"E";"I";"115.9867"
"2016-02-16";"P";"E";"I";"115.7653"
"2016-02-17";"P";"E";"I";"115.6781"
"2016-02-18";"P";"E";"I";"115.4828"
"2016-02-19";"P";"E";"I";"115.6297"
"2016-02-22";"P";"E";"I";"115.9452"
"2016-02-23";"P";"E";"I";"116.3856"
"2016-02-24";"P";"E";"I";"116.962"
"2016-02-25";"P";"E";"I";"116.8206"
"2016-02-26";"P";"E";"I";"116.7717"
"2016-02-29";"P";"E";"I";"116.82"
"2016-03-01";"P";"E";"I";"117.3405"
"2016-03-02";"P";"E";"I";"117.5357"
"2016-03-03";"P";"E";"I";"117.5937"
"2016-03-04";"P";"E";"I";"117.1587"
"2016-03-07";"P";"E";"I";"116.4144"
"2016-03-08";"P";"E";"I";"116.7651"
"2016-03-09";"P";"E";"I";"116.4534"
"2016-03-10";"P";"E";"I";"116.7185"
"2016-03-11";"P";"E";"I";"116.218"
"2016-03-14";"P";"E";"I";"116.1889"
"2016-03-15";"P";"E";"I";"116.4825"
"2016-03-16";"P";"E";"I";"116.3899"
"2016-03-17";"P";"E";"I";"116.2391"
"2016-03-18";"P";"E";"I";"116.7162"
"2016-03-21";"P";"E";"I";"116.8488"
"2016-03-22";"P";"E";"I";"117.2739"
"2016-03-23";"P";"E";"I";"116.9615"
"2016-03-24";"P";"E";"I";"117.2183"
"2016-03-25";"P";"E";"I";"117.1729"
"2016-03-28";"P";"E";"I";"117.195"
"2016-03-29";"P";"E";"I";"117.2307"
"2016-03-30";"P";"E";"I";"117.0689"
"2016-03-31";"P";"E";"I";"116.9232"
"2016-04-01";"P";"E";"I";"116.8326"
"2016-04-04";"P";"E";"I";"117.1213"
"2016-04-05";"P";"E";"I";"117.244"
"2016-04-06";"P";"E";"I";"117.3374"
"2016-04-07";"P";"E";"I";"117.5668"
"2016-04-08";"P";"E";"I";"117.5775"
"2016-04-11";"P";"E";"I";"117.635"
"2016-04-12";"P";"E";"I";"117.7058"
"2016-04-13";"P";"E";"I";"117.653"
"2016-04-14";"P";"E";"I";"117.6676"
"2016-04-15";"P";"E";"I";"117.5127"
"2016-04-18";"P";"E";"I";"117.4356"
"2016-04-19";"P";"E";"I";"117.3195"
"2016-04-20";"P";"E";"I";"117.2824"
"2016-04-21";"P";"E";"I";"116.7937"
"2016-04-22";"P";"E";"I";"116.3284"
"2016-04-25";"P";"E";"I";"116.6887"
"2016-04-26";"P";"E";"I";"116.4784"
"2016-04-27";"P";"E";"I";"116.3565"
"2016-04-28";"P";"E";"I";"116.6647"
"2016-04-29";"P";"E";"I";"116.8687"
"2016-05-02";"P";"E";"I";"116.3715"
"2016-05-03";"P";"E";"I";"116.6792"
"2016-05-04";"P";"E";"I";"116.6038"
"2016-05-05";"P";"E";"I";"116.3537"
"2016-05-06";"P";"E";"I";"115.8113"
"2016-05-09";"P";"E";"I";"115.8516"
"2016-05-10";"P";"E";"I";"115.5021"
"2016-05-11";"P";"E";"I";"115.2925"
"2016-05-12";"P";"E";"I";"115.5545"
"2016-05-13";"P";"E";"I";"115.9397"
"2016-05-16";"P";"E";"I";"115.5992"
"2016-05-17";"P";"E";"I";"115.2743"
"2016-05-18";"P";"E";"I";"115.2468"
"2016-05-19";"P";"E";"I";"115.1928"
"2016-05-20";"P";"E";"I";"114.7471"
"2016-05-23";"P";"E";"I";"114.7228"
"2016-05-24";"P";"E";"I";"114.9128"
"2016-05-25";"P";"E";"I";"115.1573"
"2016-05-26";"P";"E";"I";"114.9544"
"2016-05-27";"P";"E";"I";"114.9752"
"2016-05-30";"P";"E";"I";"115.1535"
"2016-05-31";"P";"E";"I";"115.2972"
"2016-06-01";"P";"E";"I";"114.9238"
"2016-06-02";"P";"E";"I";"114.9921"
"2016-06-03";"P";"E";"I";"115.0331"
"2016-06-06";"P";"E";"I";"114.8423"
"2016-06-07";"P";"E";"I";"115.6391"
"2016-06-08";"P";"E";"I";"115.9222"
"2016-06-09";"P";"E";"I";"116.3997"
"2016-06-10";"P";"E";"I";"116.535"
"2016-06-13";"P";"E";"I";"116.769"
"2016-06-14";"P";"E";"I";"117.1028"
"2016-06-15";"P";"E";"I";"117.1709"
"2016-06-16";"P";"E";"I";"117.3538"
"2016-06-17";"P";"E";"I";"117.2425"
"2016-06-20";"P";"E";"I";"116.6132"
"2016-06-21";"P";"E";"I";"116.6857"
"2016-06-22";"P";"E";"I";"117.3214"
"2016-06-23";"P";"E";"I";"117.0122"
"2016-06-24";"P";"E";"I";"116.769"
"2016-06-27";"P";"E";"I";"117.9732"
"2016-06-28";"P";"E";"I";"116.9988"
"2016-06-29";"P";"E";"I";"116.9865"
"2016-06-30";"P";"E";"I";"116.5452"
"2016-07-01";"P";"E";"I";"117.1216"
"2016-07-04";"P";"E";"I";"117.0812"
"2016-07-05";"P";"E";"I";"117.3031"
"2016-07-06";"P";"E";"I";"117.0535"
"2016-07-07";"P";"E";"I";"117.0673"
"2016-07-08";"P";"E";"I";"116.9162"
"2016-07-11";"P";"E";"I";"116.6621"
"2016-07-12";"P";"E";"I";"116.2957"
"2016-07-13";"P";"E";"I";"116.161"
"2016-07-14";"P";"E";"I";"116.276"
"2016-07-15";"P";"E";"I";"116.1286"
"2016-07-18";"P";"E";"I";"116.4735"
"2016-07-19";"P";"E";"I";"116.4341"
"2016-07-20";"P";"E";"I";"116.5395"
"2016-07-21";"P";"E";"I";"116.3926"
"2016-07-22";"P";"E";"I";"116.5101"
"2016-07-25";"P";"E";"I";"116.937"
"2016-07-26";"P";"E";"I";"116.7731"
"2016-07-27";"P";"E";"I";"115.8006"
"2016-07-28";"P";"E";"I";"115.924"
"2016-07-29";"P";"E";"I";"116.7607"
"2016-08-01";"P";"E";"I";"117.1251"
"2016-08-02";"P";"E";"I";"117.0395"
"2016-08-03";"P";"E";"I";"116.8063"
"2016-08-04";"P";"E";"I";"116.8001"
"2016-08-05";"P";"E";"I";"116.6525"
"2016-08-08";"P";"E";"I";"116.3763"
"2016-08-09";"P";"E";"I";"116.1494"
"2016-08-10";"P";"E";"I";"116.0728"
"2016-08-11";"P";"E";"I";"116.4721"
"2016-08-12";"P";"E";"I";"116.4904"
"2016-08-15";"P";"E";"I";"116.3982"
"2016-08-16";"P";"E";"I";"116.6431"
"2016-08-17";"P";"E";"I";"116.8861"
"2016-08-18";"P";"E";"I";"116.8065"
"2016-08-19";"P";"E";"I";"117.0055"
"2016-08-22";"P";"E";"I";"116.426"
"2016-08-23";"P";"E";"I";"116.3849"
"2016-08-24";"P";"E";"I";"116.4796"
"2016-08-25";"P";"E";"I";"116.3648"
"2016-08-26";"P";"E";"I";"116.2119"
"2016-08-29";"P";"E";"I";"115.84"
"2016-08-30";"P";"E";"I";"115.7424"
"2016-08-31";"P";"E";"I";"115.5725"
"2016-09-01";"P";"E";"I";"115.1542"
"2016-09-02";"P";"E";"I";"115.4314"
"2016-09-05";"P";"E";"I";"115.8088"
"2016-09-06";"P";"E";"I";"115.6292"
"2016-09-07";"P";"E";"I";"116.0583"
"2016-09-08";"P";"E";"I";"115.8077"
"2016-09-09";"P";"E";"I";"115.245"
"2016-09-12";"P";"E";"I";"115.3964"
"2016-09-13";"P";"E";"I";"115.5703"
"2016-09-14";"P";"E";"I";"114.9913"
"2016-09-15";"P";"E";"I";"115.1359"
"2016-09-16";"P";"E";"I";"115.3378"
"2016-09-19";"P";"E";"I";"115.2116"
"2016-09-20";"P";"E";"I";"115.2615"
"2016-09-21";"P";"E";"I";"115.6558"
"2016-09-22";"P";"E";"I";"115.5778"
"2016-09-23";"P";"E";"I";"115.7583"
"2016-09-26";"P";"E";"I";"115.689"
"2016-09-27";"P";"E";"I";"115.4216"
"2016-09-28";"P";"E";"I";"115.515"
"2016-09-29";"P";"E";"I";"115.408"
"2016-09-30";"P";"E";"I";"116.104"
"2016-10-03";"P";"E";"I";"115.1382"
"2016-10-04";"P";"E";"I";"114.932"
"2016-10-05";"P";"E";"I";"114.5998"
"2016-10-06";"P";"E";"I";"115.0333"
"2016-10-07";"P";"E";"I";"115.0562"
"2016-10-10";"P";"E";"I";"114.8505"
"2016-10-11";"P";"E";"I";"114.7338"
"2016-10-12";"P";"E";"I";"115.2201"
"2016-10-13";"P";"E";"I";"115.5311"
"2016-10-14";"P";"E";"I";"115.5006"
"2016-10-17";"P";"E";"I";"115.7353"
"2016-10-18";"P";"E";"I";"115.466"
"2016-10-19";"P";"E";"I";"115.6134"
"2016-10-20";"P";"E";"I";"115.8308"
"2016-10-21";"P";"E";"I";"116.184"
"2016-10-24";"P";"E";"I";"116.1635"
"2016-10-25";"P";"E";"I";"116.2301"
"2016-10-26";"P";"E";"I";"116.117"
"2016-10-27";"P";"E";"I";"116.0412"
"2016-10-28";"P";"E";"I";"115.9483"
"2016-10-31";"P";"E";"I";"116.1112"
"2016-11-01";"P";"E";"I";"115.9096"
"2016-11-02";"P";"E";"I";"116.676"
"2016-11-03";"P";"E";"I";"116.4209"
"2016-11-04";"P";"E";"I";"116.1909"
"2016-11-07";"P";"E";"I";"116.052"
"2016-11-08";"P";"E";"I";"116.4387"
"2016-11-09";"P";"E";"I";"116.0633"
"2016-11-10";"P";"E";"I";"116.4865"
"2016-11-11";"P";"E";"I";"116.8377"
"2016-11-14";"P";"E";"I";"117.0213"
"2016-11-15";"P";"E";"I";"116.5629"
"2016-11-16";"P";"E";"I";"116.396"
"2016-11-17";"P";"E";"I";"116.5391"
"2016-11-18";"P";"E";"I";"116.8029"
"2016-11-21";"P";"E";"I";"116.373"
"2016-11-22";"P";"E";"I";"116.3039"
"2016-11-23";"P";"E";"I";"116.2432"
"2016-11-24";"P";"E";"I";"116.1197"
"2016-11-25";"P";"E";"I";"116.0692"
"2016-11-28";"P";"E";"I";"115.8705"
"2016-11-29";"P";"E";"I";"115.8463"
"2016-11-30";"P";"E";"I";"115.4261"
"2016-12-01";"P";"E";"I";"115.5231"
"2016-12-02";"P";"E";"I";"115.5323"
"2016-12-05";"P";"E";"I";"115.2483"
"2016-12-06";"P";"E";"I";"114.671"
"2016-12-07";"P";"E";"I";"114.7295"
"2016-12-08";"P";"E";"I";"114.4583"
"2016-12-09";"P";"E";"I";"115.0716"
"2016-12-12";"P";"E";"I";"115.3058"
"2016-12-13";"P";"E";"I";"115.3044"
"2016-12-14";"P";"E";"I";"115.4444"
"2016-12-15";"P";"E";"I";"115.3491"
"2016-12-16";"P";"E";"I";"115.3261"
"2016-12-19";"P";"E";"I";"115.6384"
"2016-12-20";"P";"E";"I";"116.0002"
"2016-12-21";"P";"E";"I";"115.9958"
"2016-12-22";"P";"E";"I";"115.5956"
"2016-12-23";"P";"E";"I";"115.5657"
"2016-12-26";"P";"E";"I";"115.5398"
"2016-12-27";"P";"E";"I";"115.2707"
"2016-12-28";"P";"E";"I";"115.3244"
"2016-12-29";"P";"E";"I";"115.5519"
"2016-12-30";"P";"E";"I";"115.2916"
"2017-01-02";"P";"E";"I";"115.5564"
"2017-01-03";"P";"E";"I";"115.7271"
"2017-01-04";"P";"E";"I";"115.5963"
"2017-01-05";"P";"E";"I";"115.5641"
"2017-01-06";"P";"E";"I";"115.492"
"2017-01-09";"P";"E";"I";"115.452"
"2017-01-10";"P";"E";"I";"115.2209"
"2017-01-11";"P";"E";"I";"115.2449"
"2017-01-12";"P";"E";"I";"115.424"
"2017-01-13";"P";"E";"I";"115.231"
"2017-01-16";"P";"E";"I";"115.2728"
"2017-01-17";"P";"E";"I";"115.3845"
"2017-01-18";"P";"E";"I";"115.3704"
"2017-01-19";"P";"E";"I";"115.2598"
"2017-01-20";"P";"E";"I";"115.2491"
"2017-01-23";"P";"E";"I";"115.2496"
"2017-01-24";"P";"E";"I";"115.117"
"2017-01-25";"P";"E";"I";"115.1074"
"2017-01-26";"P";"E";"I";"115.386"
"2017-01-27";"P";"E";"I";"115.5606"
"2017-01-30";"P";"E";"I";"115.6472"
"2017-01-31";"P";"E";"I";"115.9542"
"2017-02-01";"P";"E";"I";"115.6482"
"2017-02-02";"P";"E";"I";"115.5539"
"2017-02-03";"P";"E";"I";"115.5261"
"2017-02-06";"P";"E";"I";"115.5631"
"2017-02-07";"P";"E";"I";"115.8582"
"2017-02-08";"P";"E";"I";"116.1221"
"2017-02-09";"P";"E";"I";"116.0621"
"2017-02-10";"P";"E";"I";"115.8506"
"2017-02-13";"P";"E";"I";"115.8461"
"2017-02-14";"P";"E";"I";"115.9008"
"2017-02-15";"P";"E";"I";"116.1662"
"2017-02-16";"P";"E";"I";"116.0806"
"2017-02-17";"P";"E";"I";"116.2334"
"2017-02-20";"P";"E";"I";"116.0659"
"2017-02-21";"P";"E";"I";"116.2972"
"2017-02-22";"P";"E";"I";"116.1753"
"2017-02-23";"P";"E";"I";"116.0739"
"2017-02-24";"P";"E";"I";"116.1393"
"2017-02-27";"P";"E";"I";"116.0391"
"2017-02-28";"P";"E";"I";"116.125"
"2017-03-01";"P";"E";"I";"116.2142"
"2017-03-02";"P";"E";"I";"116.1115"
"2017-03-03";"P";"E";"I";"115.9661"
"2017-03-06";"P";"E";"I";"115.5565"
"2017-03-07";"P";"E";"I";"115.2861"
"2017-03-08";"P";"E";"I";"115.5086"
"2017-03-09";"P";"E";"I";"115.1856"
"2017-03-10";"P";"E";"I";"114.9353"
"2017-03-13";"P";"E";"I";"114.8062"
"2017-03-14";"P";"E";"I";"115.0545"
"2017-03-15";"P";"E";"I";"115.074"
"2017-03-16";"P";"E";"I";"115.1952"
"2017-03-17";"P";"E";"I";"114.9711"
"2017-03-20";"P";"E";"I";"114.8367"
"2017-03-21";"P";"E";"I";"114.6261"
"2017-03-22";"P";"E";"I";"115.0403"
"2017-03-23";"P";"E";"I";"115.0143"
"2017-03-24";"P";"E";"I";"114.995"
"2017-03-27";"P";"E";"I";"115.0264"
"2017-03-28";"P";"E";"I";"114.9907"
"2017-03-29";"P";"E";"I";"114.8698"
"2017-03-30";"P";"E";"I";"115.0109"
"2017-03-31";"P";"E";"I";"115.007"
"2017-04-03";"P";"E";"I";"115.0997"
"2017-04-04";"P";"E";"I";"115.0914"
"2017-04-05";"P";"E";"I";"114.93"
"2017-04-06";"P";"E";"I";"114.7644"
"2017-04-07";"P";"E";"I";"114.974"
"2017-04-10";"P";"E";"I";"115.1201"
"2017-04-11";"P";"E";"I";"115.1559"
"2017-04-12";"P";"E";"I";"115.1"
"2017-04-13";"P";"E";"I";"115.1717"
"2017-04-14";"P";"E";"I";"115.2886"
"2017-04-17";"P";"E";"I";"115.3234"
"2017-04-18";"P";"E";"I";"115.1898"
"2017-04-19";"P";"E";"I";"115.1545"
"2017-04-20";"P";"E";"I";"114.9416"
"2017-04-21";"P";"E";"I";"115.1452"
"2017-04-24";"P";"E";"I";"114.0588"
"2017-04-25";"P";"E";"I";"113.7152"
"2017-04-26";"P";"E";"I";"113.6775"
"2017-04-27";"P";"E";"I";"113.8355"
"2017-04-28";"P";"E";"I";"113.9137"
"2017-05-01";"P";"E";"I";"113.6952"
"2017-05-02";"P";"E";"I";"113.588"
"2017-05-03";"P";"E";"I";"114.145"
"2017-05-04";"P";"E";"I";"113.8074"
"2017-05-05";"P";"E";"I";"113.9451"
"2017-05-08";"P";"E";"I";"113.6735"
"2017-05-09";"P";"E";"I";"113.0821"
"2017-05-10";"P";"E";"I";"112.7775"
"2017-05-11";"P";"E";"I";"112.6165"
"2017-05-12";"P";"E";"I";"112.7368"
"2017-05-15";"P";"E";"I";"112.8891"
"2017-05-16";"P";"E";"I";"112.832"
"2017-05-17";"P";"E";"I";"113.1562"
"2017-05-18";"P";"E";"I";"113.1946"
"2017-05-19";"P";"E";"I";"113.3582"
"2017-05-22";"P";"E";"I";"113.5195"
"2017-05-23";"P";"E";"I";"113.0556"
"2017-05-24";"P";"E";"I";"113.3275"
"2017-05-25";"P";"E";"I";"113.2556"
"2017-05-26";"P";"E";"I";"113.5252"
"2017-05-29";"P";"E";"I";"113.5359"
"2017-05-30";"P";"E";"I";"113.6102"
"2017-05-31";"P";"E";"I";"113.5845"
"2017-06-01";"P";"E";"I";"113.4613"
"2017-06-02";"P";"E";"I";"113.5097"
"2017-06-05";"P";"E";"I";"113.8876"
"2017-06-06";"P";"E";"I";"114.0224"
"2017-06-07";"P";"E";"I";"114.0599"
"2017-06-08";"P";"E";"I";"113.7694"
"2017-06-09";"P";"E";"I";"113.9361"
"2017-06-12";"P";"E";"I";"113.9696"
"2017-06-13";"P";"E";"I";"114.1693"
"2017-06-14";"P";"E";"I";"113.959"
"2017-06-15";"P";"E";"I";"113.7225"
"2017-06-16";"P";"E";"I";"113.7718"
"2017-06-19";"P";"E";"I";"113.8032"
"2017-06-20";"P";"E";"I";"113.9203"
"2017-06-21";"P";"E";"I";"114.1014"
"2017-06-22";"P";"E";"I";"113.9269"
"2017-06-23";"P";"E";"I";"114.2053"
"2017-06-26";"P";"E";"I";"113.9847"
"2017-06-27";"P";"E";"I";"113.7943"
"2017-06-28";"P";"E";"I";"113.4415"
"2017-06-29";"P";"E";"I";"113.2357"
"2017-06-30";"P";"E";"I";"113.2938"
"2017-07-03";"P";"E";"I";"113.3034"
"2017-07-04";"P";"E";"I";"113.0822"
"2017-07-05";"P";"E";"I";"112.9468"
"2017-07-06";"P";"E";"I";"112.9779"
"2017-07-07";"P";"E";"I";"112.6459"
"2017-07-10";"P";"E";"I";"112.5482"
"2017-07-11";"P";"E";"I";"112.0844"
"2017-07-12";"P";"E";"I";"112.0673"
"2017-07-13";"P";"E";"I";"112.4925"
"2017-07-14";"P";"E";"I";"111.8409"
"2017-07-17";"P";"E";"I";"112.0325"
"2017-07-18";"P";"E";"I";"112.0545"
"2017-07-19";"P";"E";"I";"112.4379"
"2017-07-20";"P";"E";"I";"112.3429"
"2017-07-21";"P";"E";"I";"111.6006"
"2017-07-24";"P";"E";"I";"112.1144"
"2017-07-25";"P";"E";"I";"111.9257"
"2017-07-26";"P";"E";"I";"111.3735"
"2017-07-27";"P";"E";"I";"110.3621"
"2017-07-28";"P";"E";"I";"108.7082"
"2017-07-31";"P";"E";"I";"108.5496"
"2017-08-01";"P";"E";"I";"108.2204"
"2017-08-02";"P";"E";"I";"107.7213"
"2017-08-03";"P";"E";"I";"107.6782"
"2017-08-04";"P";"E";"I";"107.3989"
"2017-08-07";"P";"E";"I";"107.6146"
"2017-08-08";"P";"E";"I";"107.5076"
"2017-08-09";"P";"E";"I";"109.2295"
"2017-08-10";"P";"E";"I";"108.9703"
"2017-08-11";"P";"E";"I";"109.3853"
"2017-08-14";"P";"E";"I";"108.2769"
"2017-08-15";"P";"E";"I";"108.1212"
"2017-08-16";"P";"E";"I";"108.0527"
"2017-08-17";"P";"E";"I";"109.1002"
"2017-08-18";"P";"E";"I";"109.4337"
"2017-08-21";"P";"E";"I";"108.8005"
"2017-08-22";"P";"E";"I";"108.6695"
"2017-08-23";"P";"E";"I";"108.1825"
"2017-08-24";"P";"E";"I";"108.5343"
"2017-08-25";"P";"E";"I";"108.6764"
"2017-08-28";"P";"E";"I";"108.6706"
"2017-08-29";"P";"E";"I";"108.412"
"2017-08-30";"P";"E";"I";"108.288"
"2017-08-31";"P";"E";"I";"107.8235"
"2017-09-01";"P";"E";"I";"108.1581"
"2017-09-04";"P";"E";"I";"108.4774"
"2017-09-05";"P";"E";"I";"108.3654"
"2017-09-06";"P";"E";"I";"108.5198"
"2017-09-07";"P";"E";"I";"108.4588"
"2017-09-08";"P";"E";"I";"108.1354"
"2017-09-11";"P";"E";"I";"108.4051"
"2017-09-12";"P";"E";"I";"108.0259"
"2017-09-13";"P";"E";"I";"107.4923"
"2017-09-14";"P";"E";"I";"107.4327"
"2017-09-15";"P";"E";"I";"107.8476"
"2017-09-18";"P";"E";"I";"107.8498"
"2017-09-19";"P";"E";"I";"107.3417"
"2017-09-20";"P";"E";"I";"107.1957"
"2017-09-21";"P";"E";"I";"106.896"
"2017-09-22";"P";"E";"I";"106.4793"
"2017-09-25";"P";"E";"I";"106.7825"
"2017-09-26";"P";"E";"I";"107.8806"
"2017-09-27";"P";"E";"I";"108.0297"
"2017-09-28";"P";"E";"I";"107.9939"
"2017-09-29";"P";"E";"I";"107.9527"
"2017-10-02";"P";"E";"I";"108.4029"
"2017-10-03";"P";"E";"I";"107.9121"
"2017-10-04";"P";"E";"I";"108.0444"
"2017-10-05";"P";"E";"I";"107.6977"
"2017-10-06";"P";"E";"I";"107.9326"
"2017-10-09";"P";"E";"I";"107.6951"
"2017-10-10";"P";"E";"I";"107.4343"
"2017-10-11";"P";"E";"I";"107.2267"
"2017-10-12";"P";"E";"I";"107.0869"
"2017-10-13";"P";"E";"I";"107.2394"
"2017-10-16";"P";"E";"I";"107.6063"
"2017-10-17";"P";"E";"I";"107.6259"
"2017-10-18";"P";"E";"I";"107.4712"
"2017-10-19";"P";"E";"I";"107.208"
"2017-10-20";"P";"E";"I";"106.7327"
"2017-10-23";"P";"E";"I";"106.8325"
"2017-10-24";"P";"E";"I";"106.7472"
"2017-10-25";"P";"E";"I";"105.9988"
"2017-10-26";"P";"E";"I";"105.8408"
"2017-10-27";"P";"E";"I";"106.4914"
"2017-10-30";"P";"E";"I";"106.5849"
"2017-10-31";"P";"E";"I";"106.6355"
"2017-11-01";"P";"E";"I";"106.2976"
"2017-11-02";"P";"E";"I";"106.3082"
"2017-11-03";"P";"E";"I";"106.2731"
"2017-11-06";"P";"E";"I";"106.4297"
"2017-11-07";"P";"E";"I";"106.8303"
"2017-11-08";"P";"E";"I";"106.7671"
"2017-11-09";"P";"E";"I";"106.4628"
"2017-11-10";"P";"E";"I";"106.7827"
"2017-11-13";"P";"E";"I";"106.4368"
"2017-11-14";"P";"E";"I";"106.0248"
"2017-11-15";"P";"E";"I";"105.8117"
"2017-11-16";"P";"E";"I";"105.7944"
"2017-11-17";"P";"E";"I";"105.5977"
"2017-11-20";"P";"E";"I";"105.8685"
"2017-11-21";"P";"E";"I";"105.979"
"2017-11-22";"P";"E";"I";"106.0993"
"2017-11-23";"P";"E";"I";"106.2257"
"2017-11-24";"P";"E";"I";"105.9675"
"2017-11-27";"P";"E";"I";"105.4619"
"2017-11-28";"P";"E";"I";"105.536"
"2017-11-29";"P";"E";"I";"105.6708"
"2017-11-30";"P";"E";"I";"105.5863"
"2017-12-01";"P";"E";"I";"105.359"
"2017-12-04";"P";"E";"I";"105.7944"
"2017-12-05";"P";"E";"I";"105.4971"
"2017-12-06";"P";"E";"I";"105.4316"
"2017-12-07";"P";"E";"I";"105.4083"
"2017-12-08";"P";"E";"I";"105.3436"
"2017-12-11";"P";"E";"I";"105.411"
"2017-12-12";"P";"E";"I";"105.6923"
"2017-12-13";"P";"E";"I";"105.7511"
"2017-12-14";"P";"E";"I";"105.5747"
"2017-12-15";"P";"E";"I";"105.724"
"2017-12-18";"P";"E";"I";"105.67"
"2017-12-19";"P";"E";"I";"105.9978"
"2017-12-20";"P";"E";"I";"105.5063"
"2017-12-21";"P";"E";"I";"105.1798"
"2017-12-22";"P";"E";"I";"105.1456"
"2017-12-25";"P";"E";"I";"105.1372"
"2017-12-26";"P";"E";"I";"105.0584"
"2017-12-27";"P";"E";"I";"104.937"
"2017-12-28";"P";"E";"I";"105.3161"
"2017-12-29";"P";"E";"I";"105.5583"
"2018-01-01";"P";"E";"I";"105.4597"
"2018-01-02";"P";"E";"I";"105.3602"
"2018-01-03";"P";"E";"I";"105.4723"
"2018-01-04";"P";"E";"I";"105.0949"
"2018-01-05";"P";"E";"I";"105.0127"
"2018-01-08";"P";"E";"I";"105.4113"
"2018-01-09";"P";"E";"I";"105.4433"
"2018-01-10";"P";"E";"I";"105.4367"
"2018-01-11";"P";"E";"I";"105.7162"
"2018-01-12";"P";"E";"I";"105.0531"
"2018-01-15";"P";"E";"I";"104.9239"
"2018-01-16";"P";"E";"I";"104.9337"
"2018-01-17";"P";"E";"I";"105.1306"
"2018-01-18";"P";"E";"I";"105.4926"
"2018-01-19";"P";"E";"I";"105.6644"
"2018-01-22";"P";"E";"I";"105.5193"
"2018-01-23";"P";"E";"I";"105.2419"
"2018-01-24";"P";"E";"I";"105.652"
"2018-01-25";"P";"E";"I";"106.1217"
"2018-01-26";"P";"E";"I";"106.6432"
"2018-01-29";"P";"E";"I";"106.8137"
"2018-01-30";"P";"E";"I";"107.2147"
"2018-01-31";"P";"E";"I";"107.0666"
"2018-02-01";"P";"E";"I";"107.1344"
"2018-02-02";"P";"E";"I";"107.1033"
"2018-02-05";"P";"E";"I";"107.1566"
"2018-02-06";"P";"E";"I";"107.1969"
"2018-02-07";"P";"E";"I";"107.2106"
"2018-02-08";"P";"E";"I";"107.2448"
"2018-02-09";"P";"E";"I";"107.9064"
"2018-02-12";"P";"E";"I";"107.8862"
"2018-02-13";"P";"E";"I";"107.7595"
"2018-02-14";"P";"E";"I";"107.4195"
"2018-02-15";"P";"E";"I";"107.3401"
"2018-02-16";"P";"E";"I";"107.5818"
"2018-02-19";"P";"E";"I";"107.6237"
"2018-02-20";"P";"E";"I";"107.4534"
"2018-02-21";"P";"E";"I";"107.2381"
"2018-02-22";"P";"E";"I";"107.4656"
"2018-02-23";"P";"E";"I";"107.6838"
"2018-02-26";"P";"E";"I";"107.464"
"2018-02-27";"P";"E";"I";"107.1802"
"2018-02-28";"P";"E";"I";"107.4381"
"2018-03-01";"P";"E";"I";"107.4221"
"2018-03-02";"P";"E";"I";"107.4602"
"2018-03-05";"P";"E";"I";"107.2466"
"2018-03-06";"P";"E";"I";"106.6622"
"2018-03-07";"P";"E";"I";"106.1929"
"2018-03-08";"P";"E";"I";"105.7307"
"2018-03-09";"P";"E";"I";"105.78"
"2018-03-12";"P";"E";"I";"105.7802"
"2018-03-13";"P";"E";"I";"105.8278"
"2018-03-14";"P";"E";"I";"105.7751"
"2018-03-15";"P";"E";"I";"105.8343"
"2018-03-16";"P";"E";"I";"105.7209"
"2018-03-19";"P";"E";"I";"105.6385"
"2018-03-20";"P";"E";"I";"105.4872"
"2018-03-21";"P";"E";"I";"105.6178"
"2018-03-22";"P";"E";"I";"105.798"
"2018-03-23";"P";"E";"I";"105.9589"
"2018-03-26";"P";"E";"I";"105.4869"
"2018-03-27";"P";"E";"I";"105.1504"
"2018-03-28";"P";"E";"I";"105.0253"
"2018-03-29";"P";"E";"I";"104.9903"
"2018-03-30";"P";"E";"I";"105.2213"
"2018-04-02";"P";"E";"I";"105.2009"
"2018-04-03";"P";"E";"I";"105.2144"
"2018-04-04";"P";"E";"I";"104.9986"
"2018-04-05";"P";"E";"I";"104.7717"
"2018-04-06";"P";"E";"I";"104.8146"
"2018-04-09";"P";"E";"I";"104.7702"
"2018-04-10";"P";"E";"I";"104.8224"
"2018-04-11";"P";"E";"I";"104.0451"
"2018-04-12";"P";"E";"I";"103.9356"
"2018-04-13";"P";"E";"I";"103.9584"
"2018-04-16";"P";"E";"I";"103.7445"
"2018-04-17";"P";"E";"I";"103.4429"
"2018-04-18";"P";"E";"I";"102.7684"
"2018-04-19";"P";"E";"I";"102.6902"
"2018-04-20";"P";"E";"I";"102.6437"
"2018-04-23";"P";"E";"I";"102.7461"
"2018-04-24";"P";"E";"I";"102.9121"
"2018-04-25";"P";"E";"I";"102.529"
"2018-04-26";"P";"E";"I";"102.5025"
"2018-04-27";"P";"E";"I";"102.5497"
"2018-04-30";"P";"E";"I";"102.4212"
"2018-05-01";"P";"E";"I";"102.5326"
"2018-05-02";"P";"E";"I";"102.6602"
"2018-05-03";"P";"E";"I";"102.5507"
"2018-05-04";"P";"E";"I";"102.5387"
"2018-05-07";"P";"E";"I";"102.3581"
"2018-05-08";"P";"E";"I";"102.5926"
"2018-05-09";"P";"E";"I";"103.0215"
"2018-05-10";"P";"E";"I";"102.7135"
"2018-05-11";"P";"E";"I";"102.4846"
"2018-05-14";"P";"E";"I";"102.2563"
"2018-05-15";"P";"E";"I";"102.6244"
"2018-05-16";"P";"E";"I";"103.4851"
"2018-05-17";"P";"E";"I";"103.4183"
"2018-05-18";"P";"E";"I";"103.7011"
"2018-05-21";"P";"E";"I";"104.2687"
"2018-05-22";"P";"E";"I";"103.9524"
"2018-05-23";"P";"E";"I";"105.291"
"2018-05-24";"P";"E";"I";"105.0436"
"2018-05-25";"P";"E";"I";"105.0954"
"2018-05-28";"P";"E";"I";"105.5163"
"2018-05-29";"P";"E";"I";"106.7084"
"2018-05-30";"P";"E";"I";"106.4378"
"2018-05-31";"P";"E";"I";"105.7506"
"2018-06-01";"P";"E";"I";"106.0994"
"2018-06-04";"P";"E";"I";"105.9758"
"2018-06-05";"P";"E";"I";"105.9103"
"2018-06-06";"P";"E";"I";"105.6038"
"2018-06-07";"P";"E";"I";"105.2765"
"2018-06-08";"P";"E";"I";"105.8049"
"2018-06-11";"P";"E";"I";"105.1148"
"2018-06-12";"P";"E";"I";"105.3555"
"2018-06-13";"P";"E";"I";"105.2643"
"2018-06-14";"P";"E";"I";"105.1626"
"2018-06-15";"P";"E";"I";"105.7832"
"2018-06-18";"P";"E";"I";"105.781"
"2018-06-19";"P";"E";"I";"106.2259"
"2018-06-20";"P";"E";"I";"106.0141"
"2018-06-21";"P";"E";"I";"106.2831"
"2018-06-22";"P";"E";"I";"105.8345"
"2018-06-25";"P";"E";"I";"106.1593"
"2018-06-26";"P";"E";"I";"105.8531"
"2018-06-27";"P";"E";"I";"105.9735"
"2018-06-28";"P";"E";"I";"105.8718"
"2018-06-29";"P";"E";"I";"105.4952"
"2018-07-02";"P";"E";"I";"105.7934"
"2018-07-03";"P";"E";"I";"105.4406"
"2018-07-04";"P";"E";"I";"105.5903"
"2018-07-05";"P";"E";"I";"105.1513"
"2018-07-06";"P";"E";"I";"105.0282"
"2018-07-09";"P";"E";"I";"105.0677"
"2018-07-10";"P";"E";"I";"104.8325"
"2018-07-11";"P";"E";"I";"104.9667"
"2018-07-12";"P";"E";"I";"104.7328"
"2018-07-13";"P";"E";"I";"104.6163"
"2018-07-16";"P";"E";"I";"104.2995"
"2018-07-17";"P";"E";"I";"104.606"
"2018-07-18";"P";"E";"I";"104.7101"
"2018-07-19";"P";"E";"I";"104.9"
"2018-07-20";"P";"E";"I";"104.7923"
"2018-07-23";"P";"E";"I";"104.9971"
"2018-07-24";"P";"E";"I";"104.9277"
"2018-07-25";"P";"E";"I";"105.0419"
"2018-07-26";"P";"E";"I";"104.845"
"2018-07-27";"P";"E";"I";"105.1828"
"2018-07-30";"P";"E";"I";"105.0592"
"2018-07-31";"P";"E";"I";"105.1612"
"2018-08-01";"P";"E";"I";"105.0462"
"2018-08-02";"P";"E";"I";"105.3711"
"2018-08-03";"P";"E";"I";"105.6806"
"2018-08-06";"P";"E";"I";"105.8031"
"2018-08-07";"P";"E";"I";"105.5058"
"2018-08-08";"P";"E";"I";"105.3781"
"2018-08-09";"P";"E";"I";"105.5588"
"2018-08-10";"P";"E";"I";"106.7572"
"2018-08-13";"P";"E";"I";"107.4155"
"2018-08-14";"P";"E";"I";"107.4576"
"2018-08-15";"P";"E";"I";"107.593"
"2018-08-16";"P";"E";"I";"107.5254"
"2018-08-17";"P";"E";"I";"106.998"
"2018-08-20";"P";"E";"I";"106.872"
"2018-08-21";"P";"E";"I";"106.6383"
"2018-08-22";"P";"E";"I";"106.6326"
"2018-08-23";"P";"E";"I";"106.7355"
"2018-08-24";"P";"E";"I";"106.5645"
"2018-08-27";"P";"E";"I";"106.2016"
"2018-08-28";"P";"E";"I";"106.1646"
"2018-08-29";"P";"E";"I";"106.3577"
"2018-08-30";"P";"E";"I";"106.9743"
"2018-08-31";"P";"E";"I";"107.3451"
"2018-09-03";"P";"E";"I";"107.5357"
"2018-09-04";"P";"E";"I";"107.6999"
"2018-09-05";"P";"E";"I";"107.4761"
"2018-09-06";"P";"E";"I";"107.3201"
"2018-09-07";"P";"E";"I";"107.7455"
"2018-09-10";"P";"E";"I";"107.7748"
"2018-09-11";"P";"E";"I";"106.9754"
"2018-09-12";"P";"E";"I";"107.184"
"2018-09-13";"P";"E";"I";"107.332"
"2018-09-14";"P";"E";"I";"107.1759"
"2018-09-17";"P";"E";"I";"107.5201"
"2018-09-18";"P";"E";"I";"107.7092"
"2018-09-19";"P";"E";"I";"107.0876"
"2018-09-20";"P";"E";"I";"107.0722"
"2018-09-21";"P";"E";"I";"107.286"
"2018-09-24";"P";"E";"I";"107.1251"
"2018-09-25";"P";"E";"I";"106.4128"
"2018-09-26";"P";"E";"I";"106.3826"
"2018-09-27";"P";"E";"I";"106.3831"
"2018-09-28";"P";"E";"I";"106.4511"
"2018-10-01";"P";"E";"I";"105.8234"
"2018-10-02";"P";"E";"I";"106.7037"
"2018-10-03";"P";"E";"I";"105.9209"
"2018-10-04";"P";"E";"I";"106.0507"
"2018-10-05";"P";"E";"I";"105.7666"
"2018-10-08";"P";"E";"I";"106.0997"
"2018-10-09";"P";"E";"I";"105.9142"
"2018-10-10";"P";"E";"I";"105.927"
"2018-10-11";"P";"E";"I";"105.767"
"2018-10-12";"P";"E";"I";"105.2708"
"2018-10-15";"P";"E";"I";"105.5241"
"2018-10-16";"P";"E";"I";"105.538"
"2018-10-17";"P";"E";"I";"105.4206"
"2018-10-18";"P";"E";"I";"105.5436"
"2018-10-19";"P";"E";"I";"105.9227"
"2018-10-22";"P";"E";"I";"105.258"
"2018-10-23";"P";"E";"I";"105.8873"
"2018-10-24";"P";"E";"I";"106.1705"
"2018-10-25";"P";"E";"I";"106.1333"
"2018-10-26";"P";"E";"I";"106.2386"
"2018-10-29";"P";"E";"I";"106.2069"
"2018-10-30";"P";"E";"I";"106.1345"
"2018-10-31";"P";"E";"I";"106.0503"
"2018-11-01";"P";"E";"I";"105.8885"
"2018-11-02";"P";"E";"I";"105.7999"
"2018-11-05";"P";"E";"I";"105.758"
"2018-11-06";"P";"E";"I";"105.5751"
"2018-11-07";"P";"E";"I";"105.6926"
"2018-11-08";"P";"E";"I";"105.7159"
"2018-11-09";"P";"E";"I";"105.9478"
"2018-11-12";"P";"E";"I";"106.6051"
"2018-11-13";"P";"E";"I";"106.6399"
"2018-11-14";"P";"E";"I";"106.472"
"2018-11-15";"P";"E";"I";"106.6532"
"2018-11-16";"P";"E";"I";"106.1049"
"2018-11-19";"P";"E";"I";"106.4175"
"2018-11-20";"P";"E";"I";"106.9"
"2018-11-21";"P";"E";"I";"107.0839"
"2018-11-22";"P";"E";"I";"107.0529"
"2018-11-23";"P";"E";"I";"107.1419"
"2018-11-26";"P";"E";"I";"107.072"
"2018-11-27";"P";"E";"I";"107.284"
"2018-11-28";"P";"E";"I";"107.6539"
"2018-11-29";"P";"E";"I";"107.3965"
"2018-11-30";"P";"E";"I";"107.14"
"2018-12-03";"P";"E";"I";"107.0539"
"2018-12-04";"P";"E";"I";"107.049"
"2018-12-05";"P";"E";"I";"107.203"
"2018-12-06";"P";"E";"I";"107.34"
"2018-12-07";"P";"E";"I";"107.3674"
"2018-12-10";"P";"E";"I";"107.4702"
"2018-12-11";"P";"E";"I";"108.003"
"2018-12-12";"P";"E";"I";"107.7601"
"2018-12-13";"P";"E";"I";"107.447"
"2018-12-14";"P";"E";"I";"107.6997"
"2018-12-17";"P";"E";"I";"107.4162"
"2018-12-18";"P";"E";"I";"107.466"
"2018-12-19";"P";"E";"I";"107.1183"
"2018-12-20";"P";"E";"I";"106.8243"
"2018-12-21";"P";"E";"I";"107.0266"
"2018-12-24";"P";"E";"I";"106.7568"
"2018-12-25";"P";"E";"I";"107.6"
"2018-12-26";"P";"E";"I";"107.4666"
"2018-12-27";"P";"E";"I";"107.079"
"2018-12-28";"P";"E";"I";"107.3272"
"2018-12-31";"P";"E";"I";"107.3834"
"2019-01-01";"P";"E";"I";"107.7583"
"2019-01-02";"P";"E";"I";"107.583"
"2019-01-03";"P";"E";"I";"107.7649"
"2019-01-04";"P";"E";"I";"107.4777"
"2019-01-07";"P";"E";"I";"107.5812"
"2019-01-08";"P";"E";"I";"107.7306"
"2019-01-09";"P";"E";"I";"107.7215"
"2019-01-10";"P";"E";"I";"107.5315"
"2019-01-11";"P";"E";"I";"106.8562"
"2019-01-14";"P";"E";"I";"107.4122"
"2019-01-15";"P";"E";"I";"107.4914"
"2019-01-16";"P";"E";"I";"107.3221"
"2019-01-17";"P";"E";"I";"107.056"
"2019-01-18";"P";"E";"I";"106.7998"
"2019-01-21";"P";"E";"I";"106.7104"
"2019-01-22";"P";"E";"I";"106.8715"
"2019-01-23";"P";"E";"I";"106.8219"
"2019-01-24";"P";"E";"I";"107.3283"
"2019-01-25";"P";"E";"I";"107.2909"
"2019-01-28";"P";"E";"I";"107.039"
"2019-01-29";"P";"E";"I";"106.7488"
"2019-01-30";"P";"E";"I";"106.3777"
"2019-01-31";"P";"E";"I";"106.192"
"2019-02-01";"P";"E";"I";"106.3906"
"2019-02-04";"P";"E";"I";"106.1113"
"2019-02-05";"P";"E";"I";"106.061"
"2019-02-06";"P";"E";"I";"106.2905"
"2019-02-07";"P";"E";"I";"106.5051"
"2019-02-08";"P";"E";"I";"106.7283"
"2019-02-11";"P";"E";"I";"106.8186"
"2019-02-12";"P";"E";"I";"106.6007"
"2019-02-13";"P";"E";"I";"106.3311"
"2019-02-14";"P";"E";"I";"106.5647"
"2019-02-15";"P";"E";"I";"106.6244"
"2019-02-18";"P";"E";"I";"106.6304"
"2019-02-19";"P";"E";"I";"106.5868"
"2019-02-20";"P";"E";"I";"106.5316"
"2019-02-21";"P";"E";"I";"106.6129"
"2019-02-22";"P";"E";"I";"106.602"
"2019-02-25";"P";"E";"I";"106.604"
"2019-02-26";"P";"E";"I";"106.4475"
"2019-02-27";"P";"E";"I";"106.3875"
"2019-02-28";"P";"E";"I";"106.5156"
"2019-03-01";"P";"E";"I";"106.3401"
"2019-03-04";"P";"E";"I";"106.4052"
"2019-03-05";"P";"E";"I";"106.494"
"2019-03-06";"P";"E";"I";"106.3095"
"2019-03-07";"P";"E";"I";"106.2524"
"2019-03-08";"P";"E";"I";"106.5616"
"2019-03-11";"P";"E";"I";"106.4021"
"2019-03-12";"P";"E";"I";"106.1326"
"2019-03-13";"P";"E";"I";"106.1735"
"2019-03-14";"P";"E";"I";"106.1286"
"2019-03-15";"P";"E";"I";"106.0713"
"2019-03-18";"P";"E";"I";"106.1141"
"2019-03-19";"P";"E";"I";"106.2035"
"2019-03-20";"P";"E";"I";"106.2337"
"2019-03-21";"P";"E";"I";"106.409"
"2019-03-22";"P";"E";"I";"106.9496"
"2019-03-25";"P";"E";"I";"107.0572"
"2019-03-26";"P";"E";"I";"107.2064"
"2019-03-27";"P";"E";"I";"107.4807"
"2019-03-28";"P";"E";"I";"107.4431"
"2019-03-29";"P";"E";"I";"107.7974"
"2019-04-01";"P";"E";"I";"107.7002"
"2019-04-02";"P";"E";"I";"107.5184"
"2019-04-03";"P";"E";"I";"107.4382"
"2019-04-04";"P";"E";"I";"107.3247"
"2019-04-05";"P";"E";"I";"107.1953"
"2019-04-08";"P";"E";"I";"107.1683"
"2019-04-09";"P";"E";"I";"106.8855"
"2019-04-10";"P";"E";"I";"106.6923"
"2019-04-11";"P";"E";"I";"106.5939"
"2019-04-12";"P";"E";"I";"106.3872"
"2019-04-15";"P";"E";"I";"106.1245"
"2019-04-16";"P";"E";"I";"105.9983"
"2019-04-17";"P";"E";"I";"105.6063"
"2019-04-18";"P";"E";"I";"105.7972"
"2019-04-19";"P";"E";"I";"105.6566"
"2019-04-22";"P";"E";"I";"105.5364"
"2019-04-23";"P";"E";"I";"105.059"
"2019-04-24";"P";"E";"I";"105.5066"
"2019-04-25";"P";"E";"I";"105.9332"
"2019-04-26";"P";"E";"I";"105.9469"
"2019-04-29";"P";"E";"I";"105.86"
"2019-04-30";"P";"E";"I";"105.6435"
"2019-05-01";"P";"E";"I";"105.5713"
"2019-05-02";"P";"E";"I";"105.559"
"2019-05-03";"P";"E";"I";"105.879"
"2019-05-06";"P";"E";"I";"105.9499"
"2019-05-07";"P";"E";"I";"105.7471"
"2019-05-08";"P";"E";"I";"105.7959"
"2019-05-09";"P";"E";"I";"105.9201"
"2019-05-10";"P";"E";"I";"105.9823"
"2019-05-13";"P";"E";"I";"106.3641"
"2019-05-14";"P";"E";"I";"106.5256"
"2019-05-15";"P";"E";"I";"106.9705"
"2019-05-16";"P";"E";"I";"106.6879"
"2019-05-17";"P";"E";"I";"107.0716"
"2019-05-20";"P";"E";"I";"107.207"
"2019-05-21";"P";"E";"I";"107.2187"
"2019-05-22";"P";"E";"I";"107.0955"
"2019-05-23";"P";"E";"I";"107.4073"
"2019-05-24";"P";"E";"I";"107.6277"
"2019-05-27";"P";"E";"I";"107.3261"
"2019-05-28";"P";"E";"I";"107.5254"
"2019-05-29";"P";"E";"I";"107.6878"
"2019-05-30";"P";"E";"I";"107.5336"
"2019-05-31";"P";"E";"I";"107.8023"
"2019-06-03";"P";"E";"I";"108.4262"
"2019-06-04";"P";"E";"I";"108.1678"
"2019-06-05";"P";"E";"I";"107.9952"
"2019-06-06";"P";"E";"I";"108.1794"
"2019-06-07";"P";"E";"I";"107.9581"
"2019-06-10";"P";"E";"I";"108.0269"
"2019-06-11";"P";"E";"I";"107.8258"
"2019-06-12";"P";"E";"I";"107.5583"
"2019-06-13";"P";"E";"I";"107.8348"
"2019-06-14";"P";"E";"I";"107.6837"
"2019-06-17";"P";"E";"I";"107.8742"
"2019-06-18";"P";"E";"I";"108.0872"
"2019-06-19";"P";"E";"I";"108.0885"
"2019-06-20";"P";"E";"I";"108.4074"
"2019-06-21";"P";"E";"I";"108.807"
"2019-06-24";"P";"E";"I";"108.7936"
"2019-06-25";"P";"E";"I";"108.8632"
"2019-06-26";"P";"E";"I";"109.1012"
"2019-06-27";"P";"E";"I";"108.6035"
"2019-06-28";"P";"E";"I";"109.0173"
"2019-07-01";"P";"E";"I";"108.4767"
"2019-07-02";"P";"E";"I";"108.3971"
"2019-07-03";"P";"E";"I";"108.7069"
"2019-07-04";"P";"E";"I";"108.7148"
"2019-07-05";"P";"E";"I";"108.7882"
"2019-07-08";"P";"E";"I";"108.6947"
"2019-07-09";"P";"E";"I";"108.6415"
"2019-07-10";"P";"E";"I";"108.7379"
"2019-07-11";"P";"E";"I";"108.8988"
"2019-07-12";"P";"E";"I";"108.8983"
"2019-07-15";"P";"E";"I";"109.1496"
"2019-07-16";"P";"E";"I";"109.3363"
"2019-07-17";"P";"E";"I";"109.1099"
"2019-07-18";"P";"E";"I";"109.3138"
"2019-07-19";"P";"E";"I";"109.3353"
"2019-07-22";"P";"E";"I";"109.9094"
"2019-07-23";"P";"E";"I";"109.9372"
"2019-07-24";"P";"E";"I";"110.2558"
"2019-07-25";"P";"E";"I";"110.3078"
"2019-07-26";"P";"E";"I";"109.635"
"2019-07-29";"P";"E";"I";"109.7494"
"2019-07-30";"P";"E";"I";"109.6582"
"2019-07-31";"P";"E";"I";"109.6327"
"2019-08-01";"P";"E";"I";"110.1324"
"2019-08-02";"P";"E";"I";"110.6003"
"2019-08-05";"P";"E";"I";"111.3601"
"2019-08-06";"P";"E";"I";"110.8777"
"2019-08-07";"P";"E";"I";"110.6054"
"2019-08-08";"P";"E";"I";"110.655"
"2019-08-09";"P";"E";"I";"110.9328"
"2019-08-12";"P";"E";"I";"111.1324"
"2019-08-13";"P";"E";"I";"111.2897"
"2019-08-14";"P";"E";"I";"111.091"
"2019-08-15";"P";"E";"I";"111.2568"
"2019-08-16";"P";"E";"I";"111.3576"
"2019-08-19";"P";"E";"I";"111.3419"
"2019-08-20";"P";"E";"I";"111.3304"
"2019-08-21";"P";"E";"I";"111.1927"
"2019-08-22";"P";"E";"I";"110.8229"
"2019-08-23";"P";"E";"I";"110.5859"
"2019-08-26";"P";"E";"I";"111.0643"
"2019-08-27";"P";"E";"I";"110.9336"
"2019-08-28";"P";"E";"I";"110.9648"
"2019-08-29";"P";"E";"I";"110.9199"
"2019-08-30";"P";"E";"I";"110.6496"
"2019-09-02";"P";"E";"I";"111.1364"
"2019-09-03";"P";"E";"I";"111.3161"
"2019-09-04";"P";"E";"I";"111.3275"
"2019-09-05";"P";"E";"I";"111.4124"
"2019-09-06";"P";"E";"I";"110.7028"
"2019-09-09";"P";"E";"I";"110.5677"
"2019-09-10";"P";"E";"I";"110.417"
"2019-09-11";"P";"E";"I";"110.2868"
"2019-09-12";"P";"E";"I";"110.6676"
"2019-09-13";"P";"E";"I";"110.2891"
"2019-09-16";"P";"E";"I";"110.3415"
"2019-09-17";"P";"E";"I";"110.4463"
"2019-09-18";"P";"E";"I";"109.9567"
"2019-09-19";"P";"E";"I";"110.2755"
"2019-09-20";"P";"E";"I";"110.3762"
"2019-09-23";"P";"E";"I";"111.3396"
"2019-09-24";"P";"E";"I";"111.097"
"2019-09-25";"P";"E";"I";"111.5705"
"2019-09-26";"P";"E";"I";"111.3076"
"2019-09-27";"P";"E";"I";"111.5273"
"2019-09-30";"P";"E";"I";"111.4045"
"2019-10-01";"P";"E";"I";"110.9646"
"2019-10-02";"P";"E";"I";"110.9599"
"2019-10-03";"P";"E";"I";"110.4239"
"2019-10-04";"P";"E";"I";"110.5344"
"2019-10-07";"P";"E";"I";"110.9687"
"2019-10-08";"P";"E";"I";"110.933"
"2019-10-09";"P";"E";"I";"110.8369"
"2019-10-10";"P";"E";"I";"110.6349"
"2019-10-11";"P";"E";"I";"109.9506"
"2019-10-14";"P";"E";"I";"109.9559"
"2019-10-15";"P";"E";"I";"109.7538"
"2019-10-16";"P";"E";"I";"109.8123"
"2019-10-17";"P";"E";"I";"109.6967"
"2019-10-18";"P";"E";"I";"109.8334"
"2019-10-21";"P";"E";"I";"109.723"
"2019-10-22";"P";"E";"I";"109.5842"
"2019-10-23";"P";"E";"I";"109.7125"
"2019-10-24";"P";"E";"I";"109.4334"
"2019-10-25";"P";"E";"I";"109.4155"
"2019-10-28";"P";"E";"I";"109.1994"
"2019-10-29";"P";"E";"I";"109.3294"
"2019-10-30";"P";"E";"I";"109.3632"
"2019-10-31";"P";"E";"I";"109.3945"
"2019-11-01";"P";"E";"I";"109.5415"
"2019-11-04";"P";"E";"I";"109.2517"
"2019-11-05";"P";"E";"I";"109.2869"
"2019-11-06";"P";"E";"I";"109.3858"
"2019-11-07";"P";"E";"I";"109.4748"
"2019-11-08";"P";"E";"I";"109.5775"
"2019-11-11";"P";"E";"I";"109.6749"
"2019-11-12";"P";"E";"I";"109.7515"
"2019-11-13";"P";"E";"I";"110.4293"
"2019-11-14";"P";"E";"I";"110.7952"
"2019-11-15";"P";"E";"I";"110.2717"
"2019-11-18";"P";"E";"I";"109.8718"
"2019-11-19";"P";"E";"I";"109.6677"
"2019-11-20";"P";"E";"I";"109.772"
"2019-11-21";"P";"E";"I";"109.6305"
"2019-11-22";"P";"E";"I";"109.5423"
"2019-11-25";"P";"E";"I";"109.588"
"2019-11-26";"P";"E";"I";"109.5205"
"2019-11-27";"P";"E";"I";"109.6298"
"2019-11-28";"P";"E";"I";"109.4865"
"2019-11-29";"P";"E";"I";"109.4864"
"2019-12-02";"P";"E";"I";"109.3807"
"2019-12-03";"P";"E";"I";"109.8574"
"2019-12-04";"P";"E";"I";"110.1191"
"2019-12-05";"P";"E";"I";"109.8244"
"2019-12-06";"P";"E";"I";"109.965"
"2019-12-09";"P";"E";"I";"110.0104"
"2019-12-10";"P";"E";"I";"110.3621"
"2019-12-11";"P";"E";"I";"110.4849"
"2019-12-12";"P";"E";"I";"110.3227"
"2019-12-13";"P";"E";"I";"109.8741"
"2019-12-16";"P";"E";"I";"110.2474"
"2019-12-17";"P";"E";"I";"110.0732"
"2019-12-18";"P";"E";"I";"110.5899"
"2019-12-19";"P";"E";"I";"110.5405"
"2019-12-20";"P";"E";"I";"110.8088"
"2019-12-23";"P";"E";"I";"111.1325"
"2019-12-24";"P";"E";"I";"110.9836"
"2019-12-25";"P";"E";"I";"111.2757"
"2019-12-26";"P";"E";"I";"111.0233"
"2019-12-27";"P";"E";"I";"111.0775"
"2019-12-30";"P";"E";"I";"110.8968"
"2019-12-31";"P";"E";"I";"111.2484"
"2020-01-01";"P";"E";"I";"111.4313"
"2020-01-02";"P";"E";"I";"111.2796"
"2020-01-03";"P";"E";"I";"111.4283"
"2020-01-06";"P";"E";"I";"111.3894"
"2020-01-07";"P";"E";"I";"111.2481"
"2020-01-08";"P";"E";"I";"111.5984"
"2020-01-09";"P";"E";"I";"111.6225"
"2020-01-10";"P";"E";"I";"111.6286"
"2020-01-13";"P";"E";"I";"111.6012"
"2020-01-14";"P";"E";"I";"111.7833"
"2020-01-15";"P";"E";"I";"112.2531"
"2020-01-16";"P";"E";"I";"112.3199"
"2020-01-17";"P";"E";"I";"112.2756"
"2020-01-20";"P";"E";"I";"112.37"
"2020-01-21";"P";"E";"I";"112.299"
"2020-01-22";"P";"E";"I";"111.8979"
"2020-01-23";"P";"E";"I";"112.2552"
"2020-01-24";"P";"E";"I";"112.5345"
"2020-01-27";"P";"E";"I";"112.7643"
"2020-01-28";"P";"E";"I";"112.9831"
"2020-01-29";"P";"E";"I";"112.4386"
"2020-01-30";"P";"E";"I";"112.6652"
"2020-01-31";"P";"E";"I";"112.7046"
"2020-02-03";"P";"E";"I";"113.0229"
"2020-02-04";"P";"E";"I";"112.6527"
"2020-02-05";"P";"E";"I";"112.5874"
"2020-02-06";"P";"E";"I";"112.6678"
"2020-02-07";"P";"E";"I";"112.9581"
"2020-02-10";"P";"E";"I";"112.8781"
"2020-02-11";"P";"E";"I";"113.3174"
"2020-02-12";"P";"E";"I";"113.6831"
"2020-02-13";"P";"E";"I";"113.8405"
"2020-02-14";"P";"E";"I";"113.8059"
"2020-02-17";"P";"E";"I";"113.7678"
"2020-02-18";"P";"E";"I";"114.1101"
"2020-02-19";"P";"E";"I";"114.1394"
"2020-02-20";"P";"E";"I";"114.3209"
"2020-02-21";"P";"E";"I";"114.4189"
"2020-02-24";"P";"E";"I";"114.5367"
"2020-02-25";"P";"E";"I";"114.5888"
"2020-02-26";"P";"E";"I";"114.6287"
"2020-02-27";"P";"E";"I";"114.5075"
"2020-02-28";"P";"E";"I";"114.4259"
"2020-03-02";"P";"E";"I";"114.3167"
"2020-03-03";"P";"E";"I";"114.395"
"2020-03-04";"P";"E";"I";"114.5095"
"2020-03-05";"P";"E";"I";"114.5934"
"2020-03-06";"P";"E";"I";"115.0816"
"2020-03-09";"P";"E";"I";"115.3"
"2020-03-10";"P";"E";"I";"115.303"
"2020-03-11";"P";"E";"I";"115.266"
"2020-03-12";"P";"E";"I";"115.7803"
"2020-03-13";"P";"E";"I";"115.7204"
"2020-03-16";"P";"E";"I";"115.8497"
"2020-03-17";"P";"E";"I";"115.6265"
"2020-03-18";"P";"E";"I";"115.8983"
"2020-03-19";"P";"E";"I";"115.9048"
"2020-03-20";"P";"E";"I";"116.0279"
"2020-03-23";"P";"E";"I";"115.9902"
"2020-03-24";"P";"E";"I";"115.7429"
"2020-03-25";"P";"E";"I";"115.253"
"2020-03-26";"P";"E";"I";"114.9234"
"2020-03-27";"P";"E";"I";"115.3746"
"2020-03-30";"P";"E";"I";"115.5333"
"2020-03-31";"P";"E";"I";"115.4989"
"2020-04-01";"P";"E";"I";"115.7626"
"2020-04-02";"P";"E";"I";"115.7969"
"2020-04-03";"P";"E";"I";"115.9116"
"2020-04-06";"P";"E";"I";"115.8711"
"2020-04-07";"P";"E";"I";"115.7185"
"2020-04-08";"P";"E";"I";"115.8976"
"2020-04-09";"P";"E";"I";"115.8848"
"2020-04-10";"P";"E";"I";"115.7292"
"2020-04-13";"P";"E";"I";"115.7313"
"2020-04-14";"P";"E";"I";"115.9749"
"2020-04-15";"P";"E";"I";"115.9872"
"2020-04-16";"P";"E";"I";"116.1852"
"2020-04-17";"P";"E";"I";"116.2105"
"2020-04-20";"P";"E";"I";"116.1781"
"2020-04-21";"P";"E";"I";"116.193"
"2020-04-22";"P";"E";"I";"116.0415"
"2020-04-23";"P";"E";"I";"116.1559"
"2020-04-24";"P";"E";"I";"116.1274"
"2020-04-27";"P";"E";"I";"115.7742"
"2020-04-28";"P";"E";"I";"115.2165"
"2020-04-29";"P";"E";"I";"115.5871"
"2020-04-30";"P";"E";"I";"115.4589"
"2020-05-01";"P";"E";"I";"115.4601"
"2020-05-04";"P";"E";"I";"115.6562"
"2020-05-05";"P";"E";"I";"115.8916"
"2020-05-06";"P";"E";"I";"115.852"
"2020-05-07";"P";"E";"I";"115.798"
"2020-05-08";"P";"E";"I";"115.8251"
"2020-05-11";"P";"E";"I";"115.8921"
"2020-05-12";"P";"E";"I";"115.9541"
"2020-05-13";"P";"E";"I";"115.9047"
"2020-05-14";"P";"E";"I";"115.937"
"2020-05-15";"P";"E";"I";"115.9027"
"2020-05-18";"P";"E";"I";"115.9818"
"2020-05-19";"P";"E";"I";"114.5888"
"2020-05-20";"P";"E";"I";"115.0233"
"2020-05-21";"P";"E";"I";"114.955"
"2020-05-22";"P";"E";"I";"115.0791"
"2020-05-25";"P";"E";"I";"115.1035"
"2020-05-26";"P";"E";"I";"114.849"
"2020-05-27";"P";"E";"I";"114.5835"
"2020-05-28";"P";"E";"I";"114.2551"
"2020-05-29";"P";"E";"I";"113.9845"
"2020-06-01";"P";"E";"I";"114.1915"
"2020-06-02";"P";"E";"I";"113.872"
"2020-06-03";"P";"E";"I";"112.9116"
"2020-06-04";"P";"E";"I";"113.1353"
"2020-06-05";"P";"E";"I";"112.2679"
"2020-06-08";"P";"E";"I";"112.052"
"2020-06-09";"P";"E";"I";"113.2707"
"2020-06-10";"P";"E";"I";"113.2808"
"2020-06-11";"P";"E";"I";"113.8036"
"2020-06-12";"P";"E";"I";"113.7582"
"2020-06-15";"P";"E";"I";"113.7569"
"2020-06-16";"P";"E";"I";"113.299"
"2020-06-17";"P";"E";"I";"113.8544"
"2020-06-18";"P";"E";"I";"114.0661"
"2020-06-19";"P";"E";"I";"114.3275"
"2020-06-22";"P";"E";"I";"114.3105"
"2020-06-23";"P";"E";"I";"114.2046"
"2020-06-24";"P";"E";"I";"114.0885"
"2020-06-25";"P";"E";"I";"114.3069"
"2020-06-26";"P";"E";"I";"114.5046"
"2020-06-29";"P";"E";"I";"114.3141"
"2020-06-30";"P";"E";"I";"114.0234"
"2020-07-01";"P";"E";"I";"114.4782"
"2020-07-02";"P";"E";"I";"114.2679"
"2020-07-03";"P";"E";"I";"114.5087"
"2020-07-06";"P";"E";"I";"114.4665"
"2020-07-07";"P";"E";"I";"114.3698"
"2020-07-08";"P";"E";"I";"114.554"
"2020-07-09";"P";"E";"I";"114.484"
"2020-07-10";"P";"E";"I";"114.4982"
"2020-07-13";"P";"E";"I";"114.2164"
"2020-07-14";"P";"E";"I";"114.0365"
"2020-07-15";"P";"E";"I";"113.3411"
"2020-07-16";"P";"E";"I";"112.9849"
"2020-07-17";"P";"E";"I";"112.9846"
"2020-07-20";"P";"E";"I";"112.9301"
"2020-07-21";"P";"E";"I";"113.1667"
"2020-07-22";"P";"E";"I";"112.9046"
"2020-07-23";"P";"E";"I";"113.041"
"2020-07-24";"P";"E";"I";"113.1716"
"2020-07-27";"P";"E";"I";"112.9577"
"2020-07-28";"P";"E";"I";"112.6569"
"2020-07-29";"P";"E";"I";"113.0033"
"2020-07-30";"P";"E";"I";"113.1258"
"2020-07-31";"P";"E";"I";"112.8455"
"2020-08-03";"P";"E";"I";"112.4961"
"2020-08-04";"P";"E";"I";"112.5535"
"2020-08-05";"P";"E";"I";"112.7254"
"2020-08-06";"P";"E";"I";"112.8652"
"2020-08-07";"P";"E";"I";"112.4466"
"2020-08-10";"P";"E";"I";"112.8018"
"2020-08-11";"P";"E";"I";"112.8648"
"2020-08-12";"P";"E";"I";"112.9187"
"2020-08-13";"P";"E";"I";"112.9012"
"2020-08-14";"P";"E";"I";"113.0452"
"2020-08-17";"P";"E";"I";"113.0572"
"2020-08-18";"P";"E";"I";"112.7594"
"2020-08-19";"P";"E";"I";"112.7846"
"2020-08-20";"P";"E";"I";"112.4712"
"2020-08-21";"P";"E";"I";"113.0612"
"2020-08-24";"P";"E";"I";"113.0494"
"2020-08-25";"P";"E";"I";"113.0815"
"2020-08-26";"P";"E";"I";"113.0656"
"2020-08-27";"P";"E";"I";"113.2251"
"2020-08-28";"P";"E";"I";"113.088"
"2020-08-31";"P";"E";"I";"113.0947"
"2020-09-01";"P";"E";"I";"112.5782"
"2020-09-02";"P";"E";"I";"112.4107"
"2020-09-03";"P";"E";"I";"112.8138"
"2020-09-04";"P";"E";"I";"112.7487"
"2020-09-07";"P";"E";"I";"112.6146"
"2020-09-08";"P";"E";"I";"112.2512"
"2020-09-09";"P";"E";"I";"112.6648"
"2020-09-10";"P";"E";"I";"113.161"
"2020-09-11";"P";"E";"I";"112.9311"
"2020-09-14";"P";"E";"I";"113.038"
"2020-09-15";"P";"E";"I";"113.0124"
"2020-09-16";"P";"E";"I";"113.0745"
"2020-09-17";"P";"E";"I";"113.176"
"2020-09-18";"P";"E";"I";"112.9661"
"2020-09-21";"P";"E";"I";"112.9398"
"2020-09-22";"P";"E";"I";"113.1292"
"2020-09-23";"P";"E";"I";"113.0158"
"2020-09-24";"P";"E";"I";"112.85"
"2020-09-25";"P";"E";"I";"112.6033"
"2020-09-28";"P";"E";"I";"112.759"
"2020-09-29";"P";"E";"I";"112.7977"
"2020-09-30";"P";"E";"I";"112.5851"
"2020-10-01";"P";"E";"I";"112.7866"
"2020-10-02";"P";"E";"I";"112.7394"
"2020-10-05";"P";"E";"I";"112.9286"
"2020-10-06";"P";"E";"I";"112.9177"
"2020-10-07";"P";"E";"I";"112.7217"
"2020-10-08";"P";"E";"I";"112.7005"
"2020-10-09";"P";"E";"I";"112.9135"
"2020-10-12";"P";"E";"I";"112.9877"
"2020-10-13";"P";"E";"I";"113.2718"
"2020-10-14";"P";"E";"I";"113.211"
"2020-10-15";"P";"E";"I";"113.4752"
"2020-10-16";"P";"E";"I";"113.4682"
"2020-10-19";"P";"E";"I";"113.3817"
"2020-10-20";"P";"E";"I";"113.4696"
"2020-10-21";"P";"E";"I";"113.3759"
"2020-10-22";"P";"E";"I";"113.1113"
"2020-10-23";"P";"E";"I";"113.4328"
"2020-10-26";"P";"E";"I";"113.4423"
"2020-10-27";"P";"E";"I";"113.2113"
"2020-10-28";"P";"E";"I";"113.3918"
"2020-10-29";"P";"E";"I";"113.6273"
"2020-10-30";"P";"E";"I";"113.5866"
"2020-11-02";"P";"E";"I";"113.7846"
"2020-11-03";"P";"E";"I";"113.4176"
"2020-11-04";"P";"E";"I";"113.59"
"2020-11-05";"P";"E";"I";"113.4089"
"2020-11-06";"P";"E";"I";"113.6773"
"2020-11-09";"P";"E";"I";"113.6312"
"2020-11-10";"P";"E";"I";"112.3245"
"2020-11-11";"P";"E";"I";"112.2335"
"2020-11-12";"P";"E";"I";"112.5388"
"2020-11-13";"P";"E";"I";"112.3422"
"2020-11-16";"P";"E";"I";"112.5044"
"2020-11-17";"P";"E";"I";"112.3208"
"2020-11-18";"P";"E";"I";"112.2151"
"2020-11-19";"P";"E";"I";"112.3185"
"2020-11-20";"P";"E";"I";"112.3355"
"2020-11-23";"P";"E";"I";"112.1528"
"2020-11-24";"P";"E";"I";"112.0734"
"2020-11-25";"P";"E";"I";"111.6352"
"2020-11-26";"P";"E";"I";"112.0795"
"2020-11-27";"P";"E";"I";"112.1441"
"2020-11-30";"P";"E";"I";"111.9792"
"2020-12-01";"P";"E";"I";"111.5782"
"2020-12-02";"P";"E";"I";"111.5586"
"2020-12-03";"P";"E";"I";"111.8175"
"2020-12-04";"P";"E";"I";"111.5793"
"2020-12-07";"P";"E";"I";"111.9953"
"2020-12-08";"P";"E";"I";"112.1355"
"2020-12-09";"P";"E";"I";"112.2152"
"2020-12-10";"P";"E";"I";"112.2766"
"2020-12-11";"P";"E";"I";"112.3376"
"2020-12-14";"P";"E";"I";"112.1336"
"2020-12-15";"P";"E";"I";"112.0581"
"2020-12-16";"P";"E";"I";"111.85"
"2020-12-17";"P";"E";"I";"111.7177"
"2020-12-18";"P";"E";"I";"111.1421"
"2020-12-21";"P";"E";"I";"111.2833"
"2020-12-22";"P";"E";"I";"111.1761"
"2020-12-23";"P";"E";"I";"110.9611"
"2020-12-24";"P";"E";"I";"110.9676"
"2020-12-25";"P";"E";"I";"110.8997"
"2020-12-28";"P";"E";"I";"110.3413"
"2020-12-29";"P";"E";"I";"110.7349"
"2020-12-30";"P";"E";"I";"110.6291"
"2020-12-31";"P";"E";"I";"110.844"
"2021-01-01";"P";"E";"I";"110.9921"
"2021-01-04";"P";"E";"I";"110.8033"
"2021-01-05";"P";"E";"I";"110.8886"
"2021-01-06";"P";"E";"I";"110.6724"
"2021-01-07";"P";"E";"I";"110.4185"
"2021-01-08";"P";"E";"I";"110.3325"
"2021-01-11";"P";"E";"I";"110.4821"
"2021-01-12";"P";"E";"I";"110.4035"
"2021-01-13";"P";"E";"I";"110.4318"
"2021-01-14";"P";"E";"I";"110.691"
"2021-01-15";"P";"E";"I";"110.7498"
"2021-01-18";"P";"E";"I";"110.9439"
"2021-01-19";"P";"E";"I";"110.7552"
"2021-01-20";"P";"E";"I";"110.653"
"2021-01-21";"P";"E";"I";"110.6301"
"2021-01-22";"P";"E";"I";"110.587"
"2021-01-25";"P";"E";"I";"110.4816"
"2021-01-26";"P";"E";"I";"110.3803"
"2021-01-27";"P";"E";"I";"110.4678"
"2021-01-28";"P";"E";"I";"110.4126"
"2021-01-29";"P";"E";"I";"110.2968"
"2021-02-01";"P";"E";"I";"109.8011"
"2021-02-02";"P";"E";"I";"109.8598"
"2021-02-03";"P";"E";"I";"109.8525"
"2021-02-04";"P";"E";"I";"109.7501"
"2021-02-05";"P";"E";"I";"109.717"
"2021-02-08";"P";"E";"I";"109.4083"
"2021-02-09";"P";"E";"I";"109.5134"
"2021-02-10";"P";"E";"I";"109.6202"
"2021-02-11";"P";"E";"I";"109.65"
"2021-02-12";"P";"E";"I";"109.5121"
"2021-02-15";"P";"E";"I";"109.4378"
"2021-02-16";"P";"E";"I";"109.4898"
"2021-02-17";"P";"E";"I";"109.3871"
"2021-02-18";"P";"E";"I";"109.107"
"2021-02-19";"P";"E";"I";"108.8195"
"2021-02-22";"P";"E";"I";"108.3629"
"2021-02-23";"P";"E";"I";"107.8053"
"2021-02-24";"P";"E";"I";"106.8726"
"2021-02-25";"P";"E";"I";"106.4054"
"2021-02-26";"P";"E";"I";"107.4794"
"2021-03-01";"P";"E";"I";"107.2514"
"2021-03-02";"P";"E";"I";"106.6414"
"2021-03-03";"P";"E";"I";"106.1526"
"2021-03-04";"P";"E";"I";"105.9192"
"2021-03-05";"P";"E";"I";"105.9887"
"2021-03-08";"P";"E";"I";"105.9971"
"2021-03-09";"P";"E";"I";"105.6682"
"2021-03-10";"P";"E";"I";"106.1204"
"2021-03-11";"P";"E";"I";"105.9902"
"2021-03-12";"P";"E";"I";"105.6527"
"2021-03-15";"P";"E";"I";"105.7676"
"2021-03-16";"P";"E";"I";"105.8743"
"2021-03-17";"P";"E";"I";"106.1702"
"2021-03-18";"P";"E";"I";"105.9395"
"2021-03-19";"P";"E";"I";"105.8736"
"2021-03-22";"P";"E";"I";"106.0425"
"2021-03-23";"P";"E";"I";"105.8357"
"2021-03-24";"P";"E";"I";"105.6808"
"2021-03-25";"P";"E";"I";"105.6805"
"2021-03-26";"P";"E";"I";"105.4246"
"2021-03-29";"P";"E";"I";"105.7602"
"2021-03-30";"P";"E";"I";"105.4566"
"2021-03-31";"P";"E";"I";"105.4139"
"2021-04-01";"P";"E";"I";"105.1234"
"2021-04-02";"P";"E";"I";"105.1106"
"2021-04-05";"P";"E";"I";"105.2106"
"2021-04-06";"P";"E";"I";"105.1178"
"2021-04-07";"P";"E";"I";"105.3858"
"2021-04-08";"P";"E";"I";"105.6074"
"2021-04-09";"P";"E";"I";"105.7403"
"2021-04-12";"P";"E";"I";"105.7603"
"2021-04-13";"P";"E";"I";"105.6726"
"2021-04-14";"P";"E";"I";"105.6309"
"2021-04-15";"P";"E";"I";"105.0794"
"2021-04-16";"P";"E";"I";"105.4099"
"2021-04-19";"P";"E";"I";"105.5123"
"2021-04-20";"P";"E";"I";"105.1255"
"2021-04-21";"P";"E";"I";"105.2512"
"2021-04-22";"P";"E";"I";"105.2349"
"2021-04-23";"P";"E";"I";"104.9875"
"2021-04-26";"P";"E";"I";"104.7421"
"2021-04-27";"P";"E";"I";"104.7792"
"2021-04-28";"P";"E";"I";"104.6951"
"2021-04-29";"P";"E";"I";"104.9454"
"2021-04-30";"P";"E";"I";"105.2037"
"2021-05-03";"P";"E";"I";"105.22"
"2021-05-04";"P";"E";"I";"105.3093"
"2021-05-05";"P";"E";"I";"105.2802"
"2021-05-06";"P";"E";"I";"105.4536"
"2021-05-07";"P";"E";"I";"105.3735"
"2021-05-10";"P";"E";"I";"105.4458"
"2021-05-11";"P";"E";"I";"105.2637"
"2021-05-12";"P";"E";"I";"105.208"
"2021-05-13";"P";"E";"I";"105.3184"
"2021-05-14";"P";"E";"I";"105.449"
"2021-05-17";"P";"E";"I";"105.2946"
"2021-05-18";"P";"E";"I";"105.2101"
"2021-05-19";"P";"E";"I";"104.8282"
"2021-05-20";"P";"E";"I";"104.8539"
"2021-05-21";"P";"E";"I";"105.0833"
"2021-05-24";"P";"E";"I";"105.0592"
"2021-05-25";"P";"E";"I";"105.0922"
"2021-05-26";"P";"E";"I";"105.0388"
"2021-05-27";"P";"E";"I";"105.0965"
"2021-05-28";"P";"E";"I";"104.9657"
"2021-05-31";"P";"E";"I";"104.6988"
"2021-06-01";"P";"E";"I";"104.4876"
"2021-06-02";"P";"E";"I";"104.6556"
"2021-06-03";"P";"E";"I";"104.5717"
"2021-06-04";"P";"E";"I";"104.6988"
"2021-06-07";"P";"E";"I";"104.7797"
"2021-06-08";"P";"E";"I";"104.9055"
"2021-06-09";"P";"E";"I";"104.8184"
"2021-06-10";"P";"E";"I";"104.9454"
"2021-06-11";"P";"E";"I";"104.9471"
"2021-06-14";"P";"E";"I";"105.0052"
"2021-06-15";"P";"E";"I";"104.8912"
"2021-06-16";"P";"E";"I";"104.781"
"2021-06-17";"P";"E";"I";"104.5065"
"2021-06-18";"P";"E";"I";"104.1939"
"2021-06-21";"P";"E";"I";"104.0283"
"2021-06-22";"P";"E";"I";"104.0671"
"2021-06-23";"P";"E";"I";"103.8415"
"2021-06-24";"P";"E";"I";"103.7372"
"2021-06-25";"P";"E";"I";"103.8703"
"2021-06-28";"P";"E";"I";"103.7012"
"2021-06-29";"P";"E";"I";"103.658"
"2021-06-30";"P";"E";"I";"103.5175"
"2021-07-01";"P";"E";"I";"103.4323"
"2021-07-02";"P";"E";"I";"103.6109"
"2021-07-05";"P";"E";"I";"103.7176"
"2021-07-06";"P";"E";"I";"103.7189"
"2021-07-07";"P";"E";"I";"103.8941"
"2021-07-08";"P";"E";"I";"104.5376"
"2021-07-09";"P";"E";"I";"104.6649"
"2021-07-12";"P";"E";"I";"104.4337"
"2021-07-13";"P";"E";"I";"104.4863"
"2021-07-14";"P";"E";"I";"104.6646"
"2021-07-15";"P";"E";"I";"104.857"
"2021-07-16";"P";"E";"I";"104.3218"
"2021-07-19";"P";"E";"I";"104.5007"
"2021-07-20";"P";"E";"I";"104.6731"
"2021-07-21";"P";"E";"I";"104.4418"
"2021-07-22";"P";"E";"I";"104.6538"
"2021-07-23";"P";"E";"I";"104.5222"
"2021-07-26";"P";"E";"I";"104.6781"
"2021-07-27";"P";"E";"I";"104.8416"
"2021-07-28";"P";"E";"I";"104.8282"
"2021-07-29";"P";"E";"I";"105.0014"
"2021-07-30";"P";"E";"I";"105.0994"
"2021-08-02";"P";"E";"I";"105.1706"
"2021-08-03";"P";"E";"I";"105.2977"
"2021-08-04";"P";"E";"I";"105.427"
"2021-08-05";"P";"E";"I";"105.4193"
"2021-08-06";"P";"E";"I";"105.4207"
"2021-08-09";"P";"E";"I";"104.9009"
"2021-08-10";"P";"E";"I";"104.5684"
"2021-08-11";"P";"E";"I";"104.3796"
"2021-08-12";"P";"E";"I";"104.2815"
"2021-08-13";"P";"E";"I";"104.1444"
"2021-08-16";"P";"E";"I";"104.8024"
"2021-08-17";"P";"E";"I";"105.0611"
"2021-08-18";"P";"E";"I";"105.2118"
"2021-08-19";"P";"E";"I";"105.1177"
"2021-08-20";"P";"E";"I";"104.9546"
"2021-08-23";"P";"E";"I";"104.8068"
"2021-08-24";"P";"E";"I";"104.8531"
"2021-08-25";"P";"E";"I";"104.5833"
"2021-08-26";"P";"E";"I";"103.9334"
"2021-08-27";"P";"E";"I";"103.7875"
"2021-08-30";"P";"E";"I";"103.5621"
"2021-08-31";"P";"E";"I";"103.4084"
"2021-09-01";"P";"E";"I";"102.9924"
"2021-09-02";"P";"E";"I";"102.8303"
"2021-09-03";"P";"E";"I";"102.5967"
"2021-09-06";"P";"E";"I";"102.4001"
"2021-09-07";"P";"E";"I";"102.3549"
"2021-09-08";"P";"E";"I";"102.0328"
"2021-09-09";"P";"E";"I";"101.8965"
"2021-09-10";"P";"E";"I";"102.0699"
"2021-09-13";"P";"E";"I";"101.7616"
"2021-09-14";"P";"E";"I";"101.2923"
"2021-09-15";"P";"E";"I";"101.5373"
"2021-09-16";"P";"E";"I";"101.2194"
"2021-09-17";"P";"E";"I";"100.6658"
"2021-09-20";"P";"E";"I";"100.6776"
"2021-09-21";"P";"E";"I";"100.9571"
"2021-09-22";"P";"E";"I";"101.1982"
"2021-09-23";"P";"E";"I";"101.0234"
"2021-09-24";"P";"E";"I";"100.7498"
"2021-09-27";"P";"E";"I";"100.5828"
"2021-09-28";"P";"E";"I";"100.5884"
"2021-09-29";"P";"E";"I";"100.4531"
"2021-09-30";"P";"E";"I";"100.339"
"2021-10-01";"P";"E";"I";"100.782"
"2021-10-04";"P";"E";"I";"100.6747"
"2021-10-05";"P";"E";"I";"101.0138"
"2021-10-06";"P";"E";"I";"100.9537"
"2021-10-07";"P";"E";"I";"101.1132"
"2021-10-08";"P";"E";"I";"100.8004"
"2021-10-11";"P";"E";"I";"100.9934"
"2021-10-12";"P";"E";"I";"100.8943"
"2021-10-13";"P";"E";"I";"100.831"
"2021-10-14";"P";"E";"I";"101.1495"
"2021-10-15";"P";"E";"I";"100.9395"
"2021-10-18";"P";"E";"I";"100.7431"
"2021-10-19";"P";"E";"I";"100.8029"
"2021-10-20";"P";"E";"I";"100.454"
"2021-10-21";"P";"E";"I";"100.8322"
"2021-10-22";"P";"E";"I";"101.1239"
"2021-10-25";"P";"E";"I";"100.9538"
"2021-10-26";"P";"E";"I";"100.8587"
"2021-10-27";"P";"E";"I";"101.2707"
"2021-10-28";"P";"E";"I";"101.2165"
"2021-10-29";"P";"E";"I";"101.3916"
"2021-11-01";"P";"E";"I";"101.7149"
"2021-11-02";"P";"E";"I";"101.7748"
"2021-11-03";"P";"E";"I";"101.8617"
"2021-11-04";"P";"E";"I";"101.9899"
"2021-11-05";"P";"E";"I";"101.7443"
"2021-11-08";"P";"E";"I";"101.5052"
"2021-11-09";"P";"E";"I";"101.3769"
"2021-11-10";"P";"E";"I";"101.5274"
"2021-11-11";"P";"E";"I";"101.5"
"2021-11-12";"P";"E";"I";"101.4684"
"2021-11-15";"P";"E";"I";"101.5181"
"2021-11-16";"P";"E";"I";"101.4451"
"2021-11-17";"P";"E";"I";"101.3129"
"2021-11-18";"P";"E";"I";"101.5268"
"2021-11-19";"P";"E";"I";"101.8759"
"2021-11-22";"P";"E";"I";"101.6677"
"2021-11-23";"P";"E";"I";"101.3387"
"2021-11-24";"P";"E";"I";"101.2808"
"2021-11-25";"P";"E";"I";"101.2755"
"2021-11-26";"P";"E";"I";"101.5644"
"2021-11-29";"P";"E";"I";"101.4467"
"2021-11-30";"P";"E";"I";"101.3303"
"2021-12-01";"P";"E";"I";"101.4202"
"2021-12-02";"P";"E";"I";"101.1845"
"2021-12-03";"P";"E";"I";"101.312"
"2021-12-06";"P";"E";"I";"100.9666"
"2021-12-07";"P";"E";"I";"100.9275"
"2021-12-08";"P";"E";"I";"100.6279"
"2021-12-09";"P";"E";"I";"100.4678"
"2021-12-10";"P";"E";"I";"100.4643"
"2021-12-13";"P";"E";"I";"100.3506"
"2021-12-14";"P";"E";"I";"100.4029"
"2021-12-15";"P";"E";"I";"100.1405"
"2021-12-16";"P";"E";"I";"99.6842"
"2021-12-17";"P";"E";"I";"100.0392"
"2021-12-20";"P";"E";"I";"99.9089"
"2021-12-21";"P";"E";"I";"99.8611"
"2021-12-22";"P";"E";"I";"99.4282"
"2021-12-23";"P";"E";"I";"99.4501"
"2021-12-24";"P";"E";"I";"99.5122"
"2021-12-27";"P";"E";"I";"99.4517"
"2021-12-28";"P";"E";"I";"99.5039"
"2021-12-29";"P";"E";"I";"99.5721"
"2021-12-30";"P";"E";"I";"99.4405"
"2021-12-31";"P";"E";"I";"99.7022"
"2022-01-03";"P";"E";"I";"99.5025"
"2022-01-04";"P";"E";"I";"99.2284"
"2022-01-05";"P";"E";"I";"99.379"
"2022-01-06";"P";"E";"I";"99.0526"
"2022-01-07";"P";"E";"I";"98.6529"
"2022-01-10";"P";"E";"I";"98.5237"
"2022-01-11";"P";"E";"I";"97.8991"
"2022-01-12";"P";"E";"I";"97.8958"
"2022-01-13";"P";"E";"I";"98.1105"
"2022-01-14";"P";"E";"I";"98.3903"
"2022-01-17";"P";"E";"I";"98.3714"
"2022-01-18";"P";"E";"I";"98.492"
"2022-01-19";"P";"E";"I";"98.8099"
"2022-01-20";"P";"E";"I";"98.7686"
"2022-01-21";"P";"E";"I";"99.1297"
"2022-01-24";"P";"E";"I";"99.2741"
"2022-01-25";"P";"E";"I";"98.7238"
"2022-01-26";"P";"E";"I";"98.5958"
"2022-01-27";"P";"E";"I";"98.5389"
"2022-01-28";"P";"E";"I";"98.6303"
"2022-01-31";"P";"E";"I";"98.0668"
"2022-02-01";"P";"E";"I";"98.1515"
"2022-02-02";"P";"E";"I";"98.0374"
"2022-02-03";"P";"E";"I";"97.7455"
"2022-02-04";"P";"E";"I";"96.1882"
"2022-02-07";"P";"E";"I";"95.9573"
"2022-02-08";"P";"E";"I";"96.0585"
"2022-02-09";"P";"E";"I";"95.7057"
"2022-02-10";"P";"E";"I";"95.3709"
"2022-02-11";"P";"E";"I";"95.2417"
"2022-02-14";"P";"E";"I";"96.0011"
"2022-02-15";"P";"E";"I";"95.4105"
"2022-02-16";"P";"E";"I";"95.0259"
"2022-02-17";"P";"E";"I";"95.244"
"2022-02-18";"P";"E";"I";"95.0364"
"2022-02-21";"P";"E";"I";"95.1889"
"2022-02-22";"P";"E";"I";"95.2865"
"2022-02-23";"P";"E";"I";"94.618"
"2022-02-24";"P";"E";"I";"95.5459"
"2022-02-25";"P";"E";"I";"95.1154"
"2022-02-28";"P";"E";"I";"95.3379"
"2022-03-01";"P";"E";"I";"95.6808"
"2022-03-02";"P";"E";"I";"96.4745"
"2022-03-03";"P";"E";"I";"96.1063"
"2022-03-04";"P";"E";"I";"96.6582"
"2022-03-07";"P";"E";"I";"97.3908"
"2022-03-08";"P";"E";"I";"96.6163"
"2022-03-09";"P";"E";"I";"95.8479"
"2022-03-10";"P";"E";"I";"95.2975"
"2022-03-11";"P";"E";"I";"95.347"
"2022-03-14";"P";"E";"I";"95.0379"
"2022-03-15";"P";"E";"I";"94.2344"
"2022-03-16";"P";"E";"I";"94.1924"
"2022-03-17";"P";"E";"I";"93.6391"
"2022-03-18";"P";"E";"I";"94.0769"
"2022-03-21";"P";"E";"I";"94.4585"
"2022-03-22";"P";"E";"I";"94.3954"
"2022-03-23";"P";"E";"I";"94.4133"
"2022-03-24";"P";"E";"I";"94.6645"
"2022-03-25";"P";"E";"I";"95.149"
"2022-03-28";"P";"E";"I";"94.3058"
"2022-03-29";"P";"E";"I";"94.2673"
"2022-03-30";"P";"E";"I";"93.9342"
"2022-03-31";"P";"E";"I";"94.1539"
"2022-04-01";"P";"E";"I";"94.8654"
"2022-04-04";"P";"E";"I";"94.8123"
"2022-04-05";"P";"E";"I";"95.3205"
"2022-04-06";"P";"E";"I";"95.037"
"2022-04-07";"P";"E";"I";"95.3483"
"2022-04-08";"P";"E";"I";"95.1721"
"2022-04-11";"P";"E";"I";"94.8548"
"2022-04-12";"P";"E";"I";"95.3492"
"2022-04-13";"P";"E";"I";"95.6655"
"2022-04-14";"P";"E";"I";"94.6306"
"2022-04-15";"P";"E";"I";"94.6734"
"2022-04-18";"P";"E";"I";"94.6"
"2022-04-19";"P";"E";"I";"94.2609"
"2022-04-20";"P";"E";"I";"93.73"
"2022-04-21";"P";"E";"I";"92.9385"
"2022-04-22";"P";"E";"I";"93.244"
"2022-04-25";"P";"E";"I";"93.3717"
"2022-04-26";"P";"E";"I";"93.7731"
"2022-04-27";"P";"E";"I";"93.9532"
"2022-04-28";"P";"E";"I";"94.029"
"2022-04-29";"P";"E";"I";"93.7638"
"2022-05-02";"P";"E";"I";"93.7788"
"2022-05-03";"P";"E";"I";"93.2967"
"2022-05-04";"P";"E";"I";"92.9311"
"2022-05-05";"P";"E";"I";"92.3987"
"2022-05-06";"P";"E";"I";"92.1757"
"2022-05-09";"P";"E";"I";"91.7405"
"2022-05-10";"P";"E";"I";"91.1643"
"2022-05-11";"P";"E";"I";"91.6372"
"2022-05-12";"P";"E";"I";"91.9286"
"2022-05-13";"P";"E";"I";"91.8668"
"2022-05-16";"P";"E";"I";"91.2248"
"2022-05-17";"P";"E";"I";"91.4356"
"2022-05-18";"P";"E";"I";"91.1784"
"2022-05-19";"P";"E";"I";"93.1943"
"2022-05-20";"P";"E";"I";"92.7864"
"2022-05-23";"P";"E";"I";"92.5189"
"2022-05-24";"P";"E";"I";"92.5588"
"2022-05-25";"P";"E";"I";"92.811"
"2022-05-26";"P";"E";"I";"92.9826"
"2022-05-27";"P";"E";"I";"92.6211"
"2022-05-30";"P";"E";"I";"92.4691"
"2022-05-31";"P";"E";"I";"92.269"
"2022-06-01";"P";"E";"I";"92.2974"
"2022-06-02";"P";"E";"I";"92.5934"
"2022-06-03";"P";"E";"I";"92.1787"
"2022-06-06";"P";"E";"I";"91.9242"
"2022-06-07";"P";"E";"I";"91.0277"
"2022-06-08";"P";"E";"I";"90.663"
"2022-06-09";"P";"E";"I";"90.2966"
"2022-06-10";"P";"E";"I";"91.0478"
"2022-06-13";"P";"E";"I";"91.0553"
"2022-06-14";"P";"E";"I";"91.3044"
"2022-06-15";"P";"E";"I";"90.1735"
"2022-06-16";"P";"E";"I";"92.4502"
"2022-06-17";"P";"E";"I";"92.7795"
"2022-06-20";"P";"E";"I";"92.625"
"2022-06-21";"P";"E";"I";"92.1526"
"2022-06-22";"P";"E";"I";"92.3902"
"2022-06-23";"P";"E";"I";"92.4147"
"2022-06-24";"P";"E";"I";"92.6166"
"2022-06-27";"P";"E";"I";"92.3363"
"2022-06-28";"P";"E";"I";"92.5475"
"2022-06-29";"P";"E";"I";"93.0444"
"2022-06-30";"P";"E";"I";"93.5511"
"2022-07-01";"P";"E";"I";"93.0722"
"2022-07-04";"P";"E";"I";"92.9673"
"2022-07-05";"P";"E";"I";"93.5332"
"2022-07-06";"P";"E";"I";"93.5789"
"2022-07-07";"P";"E";"I";"93.7206"
"2022-07-08";"P";"E";"I";"93.8179"
"2022-07-11";"P";"E";"I";"93.4177"
"2022-07-12";"P";"E";"I";"93.8168"
"2022-07-13";"P";"E";"I";"94.0578"
"2022-07-14";"P";"E";"I";"93.5002"
"2022-07-15";"P";"E";"I";"93.7305"
"2022-07-18";"P";"E";"I";"93.2492"
"2022-07-19";"P";"E";"I";"92.5811"
"2022-07-20";"P";"E";"I";"92.6139"
"2022-07-21";"P";"E";"I";"92.595"
"2022-07-22";"P";"E";"I";"93.2704"
"2022-07-25";"P";"E";"I";"92.9624"
"2022-07-26";"P";"E";"I";"92.986"
"2022-07-27";"P";"E";"I";"93.7792"
"2022-07-28";"P";"E";"I";"93.3571"
"2022-07-29";"P";"E";"I";"93.7025"
"2022-08-01";"P";"E";"I";"93.6098"
"2022-08-02";"P";"E";"I";"93.4924"
"2022-08-03";"P";"E";"I";"93.1536"
"2022-08-04";"P";"E";"I";"92.901"
"2022-08-05";"P";"E";"I";"93.0539"
"2022-08-08";"P";"E";"I";"93.0509"
"2022-08-09";"P";"E";"I";"93.1733"
"2022-08-10";"P";"E";"I";"93.3213"
"2022-08-11";"P";"E";"I";"93.408"
"2022-08-12";"P";"E";"I";"93.5481"
"2022-08-15";"P";"E";"I";"93.9253"
"2022-08-16";"P";"E";"I";"94.2244"
"2022-08-17";"P";"E";"I";"93.6241"
"2022-08-18";"P";"E";"I";"93.4115"
"2022-08-19";"P";"E";"I";"93.7546"
"2022-08-22";"P";"E";"I";"94.2381"
"2022-08-23";"P";"E";"I";"94.2884"
"2022-08-24";"P";"E";"I";"94.5671"
"2022-08-25";"P";"E";"I";"94.0016"
"2022-08-26";"P";"E";"I";"93.9037"
"2022-08-29";"P";"E";"I";"93.9857"
"2022-08-30";"P";"E";"I";"93.1165"
"2022-08-31";"P";"E";"I";"92.8563"
"2022-09-01";"P";"E";"I";"92.476"
"2022-09-02";"P";"E";"I";"92.6935"
"2022-09-05";"P";"E";"I";"93.0066"
"2022-09-06";"P";"E";"I";"92.9069"
"2022-09-07";"P";"E";"I";"93.1746"
"2022-09-08";"P";"E";"I";"93.0887"
"2022-09-09";"P";"E";"I";"93.9267"
"2022-09-12";"P";"E";"I";"93.4425"
"2022-09-13";"P";"E";"I";"94.1655"
"2022-09-14";"P";"E";"I";"94.8073"
"2022-09-15";"P";"E";"I";"94.8541"
"2022-09-16";"P";"E";"I";"94.9466"
"2022-09-19";"P";"E";"I";"94.5854"
"2022-09-20";"P";"E";"I";"94.4237"
"2022-09-21";"P";"E";"I";"95.6436"
"2022-09-22";"P";"E";"I";"95.0626"
"2022-09-23";"P";"E";"I";"95.6166"
"2022-09-26";"P";"E";"I";"95.9989"
"2022-09-27";"P";"E";"I";"96.4535"
"2022-09-28";"P";"E";"I";"96.6739"
"2022-09-29";"P";"E";"I";"96.6482"
"2022-09-30";"P";"E";"I";"95.6896"
"2022-10-03";"P";"E";"I";"94.8672"
"2022-10-04";"P";"E";"I";"94.3563"
"2022-10-05";"P";"E";"I";"94.3695"
"2022-10-06";"P";"E";"I";"94.8853"
"2022-10-07";"P";"E";"I";"95.0333"
"2022-10-10";"P";"E";"I";"95.5325"
"2022-10-11";"P";"E";"I";"95.1772"
"2022-10-12";"P";"E";"I";"95.6815"
"2022-10-13";"P";"E";"I";"95.3553"
"2022-10-14";"P";"E";"I";"94.8376"
"2022-10-17";"P";"E";"I";"94.8561"
"2022-10-18";"P";"E";"I";"94.588"
"2022-10-19";"P";"E";"I";"94.4144"
"2022-10-20";"P";"E";"I";"94.1991"
"2022-10-21";"P";"E";"I";"94.1554"
"2022-10-24";"P";"E";"I";"94.2442"
"2022-10-25";"P";"E";"I";"93.8779"
"2022-10-26";"P";"E";"I";"93.7391"
"2022-10-27";"P";"E";"I";"93.3941"
"2022-10-28";"P";"E";"I";"93.7973"
"2022-10-31";"P";"E";"I";"93.3773"
"2022-11-01";"P";"E";"I";"94.0317"
"2022-11-02";"P";"E";"I";"93.9859"
"2022-11-03";"P";"E";"I";"93.9333"
"2022-11-04";"P";"E";"I";"93.9371"
"2022-11-07";"P";"E";"I";"93.571"
"2022-11-08";"P";"E";"I";"93.67"
"2022-11-09";"P";"E";"I";"93.4763"
"2022-11-10";"P";"E";"I";"94.0883"
"2022-11-11";"P";"E";"I";"93.9314"
"2022-11-14";"P";"E";"I";"94.8261"
"2022-11-15";"P";"E";"I";"94.6035"
"2022-11-16";"P";"E";"I";"94.2629"
"2022-11-17";"P";"E";"I";"94.0957"
"2022-11-18";"P";"E";"I";"93.5529"
"2022-11-21";"P";"E";"I";"94.0815"
"2022-11-22";"P";"E";"I";"94.0398"
"2022-11-23";"P";"E";"I";"93.9494"
"2022-11-24";"P";"E";"I";"93.8976"
"2022-11-25";"P";"E";"I";"93.8913"
"2022-11-28";"P";"E";"I";"93.65"
"2022-11-29";"P";"E";"I";"93.5089"
"2022-11-30";"P";"E";"I";"93.7168"
"2022-12-01";"P";"E";"I";"93.6276"
"2022-12-02";"P";"E";"I";"93.7254"
"2022-12-05";"P";"E";"I";"93.6172"
"2022-12-06";"P";"E";"I";"93.3461"
"2022-12-07";"P";"E";"I";"93.7373"
"2022-12-08";"P";"E";"I";"93.5356"
"2022-12-09";"P";"E";"I";"93.8766"
"2022-12-12";"P";"E";"I";"94.0673"
"2022-12-13";"P";"E";"I";"93.9594"
"2022-12-14";"P";"E";"I";"93.9368"
"2022-12-15";"P";"E";"I";"94.211"
"2022-12-16";"P";"E";"I";"94.2622"
"2022-12-19";"P";"E";"I";"94.2498"
"2022-12-20";"P";"E";"I";"94.6208"
"2022-12-21";"P";"E";"I";"94.8717"
"2022-12-22";"P";"E";"I";"95.0045"
"2022-12-23";"P";"E";"I";"94.619"
"2022-12-26";"P";"E";"I";"94.556"
"2022-12-27";"P";"E";"I";"94.6238"
"2022-12-28";"P";"E";"I";"94.7526"
"2022-12-29";"P";"E";"I";"95.3369"
"2022-12-30";"P";"E";"I";"95.4272"
"2023-01-02";"P";"E";"I";"95.1661"
"2023-01-03";"P";"E";"I";"95.1523"
"2023-01-04";"P";"E";"I";"95.6217"
"2023-01-05";"P";"E";"I";"95.6395"
"2023-01-06";"P";"E";"I";"95.3388"
"2023-01-09";"P";"E";"I";"95.4839"
"2023-01-10";"P";"E";"I";"95.3599"
"2023-01-11";"P";"E";"I";"95.1015"
"2023-01-12";"P";"E";"I";"94.0846"
"2023-01-13";"P";"E";"I";"93.7055"
"2023-01-16";"P";"E";"I";"94.2688"
"2023-01-17";"P";"E";"I";"94.5102"
"2023-01-18";"P";"E";"I";"95.1479"
"2023-01-19";"P";"E";"I";"95.2025"
"2023-01-20";"P";"E";"I";"94.7409"
"2023-01-23";"P";"E";"I";"94.3304"
"2023-01-24";"P";"E";"I";"94.3461"
"2023-01-25";"P";"E";"I";"94.0527"
"2023-01-26";"P";"E";"I";"94.3205"
"2023-01-27";"P";"E";"I";"94.2504"
"2023-01-30";"P";"E";"I";"94.2778"
"2023-01-31";"P";"E";"I";"94.1655"
"2023-02-01";"P";"E";"I";"94.794"
"2023-02-02";"P";"E";"I";"94.6654"
"2023-02-03";"P";"E";"I";"94.7703"
"2023-02-06";"P";"E";"I";"95.0863"
"2023-02-07";"P";"E";"I";"95.3545"
"2023-02-08";"P";"E";"I";"95.8114"
"2023-02-09";"P";"E";"I";"95.7324"
"2023-02-10";"P";"E";"I";"95.7937"
"2023-02-13";"P";"E";"I";"96.0309"
"2023-02-14";"P";"E";"I";"96.0473"
"2023-02-15";"P";"E";"I";"95.7446"
"2023-02-16";"P";"E";"I";"95.9778"
"2023-02-17";"P";"E";"I";"95.5848"
"2023-02-20";"P";"E";"I";"96.1281"
"2023-02-21";"P";"E";"I";"96.2385"
"2023-02-22";"P";"E";"I";"96.1668"
"2023-02-23";"P";"E";"I";"96.0816"
"2023-02-24";"P";"E";"I";"95.9862"
"2023-02-27";"P";"E";"I";"95.676"
"2023-02-28";"P";"E";"I";"95.5754"
"2023-03-01";"P";"E";"I";"95.3413"
"2023-03-02";"P";"E";"I";"95.1595"
"2023-03-03";"P";"E";"I";"95.6806"
"2023-03-06";"P";"E";"I";"95.9323"
"2023-03-07";"P";"E";"I";"95.8973"
"2023-03-08";"P";"E";"I";"96.02"
"2023-03-09";"P";"E";"I";"96.4238"
"2023-03-10";"P";"E";"I";"97.007"
"2023-03-13";"P";"E";"I";"98.0123"
"2023-03-14";"P";"E";"I";"97.8878"
"2023-03-15";"P";"E";"I";"97.5312"
"2023-03-16";"P";"E";"I";"97.2177"
"2023-03-17";"P";"E";"I";"97.1315"
"2023-03-20";"P";"E";"I";"96.5997"
"2023-03-21";"P";"E";"I";"96.2732"
"2023-03-22";"P";"E";"I";"96.4836"
"2023-03-23";"P";"E";"I";"96.3141"
"2023-03-24";"P";"E";"I";"97.5165"
"2023-03-27";"P";"E";"I";"97.4036"
"2023-03-28";"P";"E";"I";"96.9667"
"2023-03-29";"P";"E";"I";"96.5655"
"2023-03-30";"P";"E";"I";"96.6664"
"2023-03-31";"P";"E";"I";"96.5687"
"2023-04-03";"P";"E";"I";"96.8841"
"2023-04-04";"P";"E";"I";"96.9011"
"2023-04-05";"P";"E";"I";"97.4321"
"2023-04-06";"P";"E";"I";"97.9923"
"2023-04-07";"P";"E";"I";"97.948"
"2023-04-10";"P";"E";"I";"97.8937"
"2023-04-11";"P";"E";"I";"98.148"
"2023-04-12";"P";"E";"I";"98.1907"
"2023-04-13";"P";"E";"I";"98.6962"
"2023-04-14";"P";"E";"I";"98.7147"
"2023-04-17";"P";"E";"I";"98.8333"
"2023-04-18";"P";"E";"I";"98.637"
"2023-04-19";"P";"E";"I";"98.6746"
"2023-04-20";"P";"E";"I";"98.8422"
"2023-04-21";"P";"E";"I";"99.2336"
"2023-04-24";"P";"E";"I";"99.2829"
"2023-04-25";"P";"E";"I";"99.424"
"2023-04-26";"P";"E";"I";"99.0568"
"2023-04-27";"P";"E";"I";"98.7126"
"2023-04-28";"P";"E";"I";"98.9441"
"2023-05-01";"P";"E";"I";"99.0897"
"2023-05-02";"P";"E";"I";"98.8684"
"2023-05-03";"P";"E";"I";"99.4555"
"2023-05-04";"P";"E";"I";"99.4642"
"2023-05-05";"P";"E";"I";"99.1465"
"2023-05-08";"P";"E";"I";"99.4784"
"2023-05-09";"P";"E";"I";"99.5803"
"2023-05-10";"P";"E";"I";"100.0135"
"2023-05-11";"P";"E";"I";"99.785"
"2023-05-12";"P";"E";"I";"100.262"
"2023-05-15";"P";"E";"I";"100.1365"
"2023-05-16";"P";"E";"I";"100.3998"
"2023-05-17";"P";"E";"I";"100.1644"
"2023-05-18";"P";"E";"I";"100.2693"
"2023-05-19";"P";"E";"I";"100.2619"
"2023-05-22";"P";"E";"I";"100.9032"
"2023-05-23";"P";"E";"I";"100.5685"
"2023-05-24";"P";"E";"I";"100.5441"
"2023-05-25";"P";"E";"I";"100.6363"
"2023-05-26";"P";"E";"I";"100.8097"
"2023-05-29";"P";"E";"I";"100.9829"
"2023-05-30";"P";"E";"I";"101.0262"
"2023-05-31";"P";"E";"I";"100.7443"
"2023-06-01";"P";"E";"I";"100.665"
"2023-06-02";"P";"E";"I";"100.5314"
"2023-06-05";"P";"E";"I";"100.5879"
"2023-06-06";"P";"E";"I";"101.0999"
"2023-06-07";"P";"E";"I";"101.1733"
"2023-06-08";"P";"E";"I";"100.6852"
"2023-06-09";"P";"E";"I";"101.3138"
"2023-06-12";"P";"E";"I";"101.0244"
"2023-06-13";"P";"E";"I";"100.5284"
"2023-06-14";"P";"E";"I";"100.6861"
"2023-06-15";"P";"E";"I";"100.5675"
"2023-06-16";"P";"E";"I";"100.9164"
"2023-06-19";"P";"E";"I";"100.7403"
"2023-06-20";"P";"E";"I";"100.4495"
"2023-06-21";"P";"E";"I";"100.6074"
"2023-06-22";"P";"E";"I";"100.3653"
"2023-06-23";"P";"E";"I";"100.9711"
"2023-06-26";"P";"E";"I";"101.2345"
"2023-06-27";"P";"E";"I";"100.8714"
"2023-06-28";"P";"E";"I";"100.7597"
"2023-06-29";"P";"E";"I";"100.9021"
"2023-06-30";"P";"E";"I";"101.153"
"2023-07-03";"P";"E";"I";"100.9737"
"2023-07-04";"P";"E";"I";"101.2337"
"2023-07-05";"P";"E";"I";"101.041"
"2023-07-06";"P";"E";"I";"101.3137"
"2023-07-07";"P";"E";"I";"101.3635"
"2023-07-10";"P";"E";"I";"101.2687"
"2023-07-11";"P";"E";"I";"101.7584"
"2023-07-12";"P";"E";"I";"101.9744"
"2023-07-13";"P";"E";"I";"102.4252"
"2023-07-14";"P";"E";"I";"102.4216"
"2023-07-17";"P";"E";"I";"102.1209"
"2023-07-18";"P";"E";"I";"102.0692"
"2023-07-19";"P";"E";"I";"102.1116"
"2023-07-20";"P";"E";"I";"102.3784"
"2023-07-21";"P";"E";"I";"102.0696"
"2023-07-24";"P";"E";"I";"102.3889"
"2023-07-25";"P";"E";"I";"102.3453"
"2023-07-26";"P";"E";"I";"102.8554"
"2023-07-27";"P";"E";"I";"103.0103"
"2023-07-28";"P";"E";"I";"102.8077"
"2023-07-31";"P";"E";"I";"102.1393"
"2023-08-01";"P";"E";"I";"101.9485"
"2023-08-02";"P";"E";"I";"101.7644"
"2023-08-03";"P";"E";"I";"102.2683"
"2023-08-04";"P";"E";"I";"102.042"
"2023-08-07";"P";"E";"I";"101.8908"
"2023-08-08";"P";"E";"I";"101.9998"
"2023-08-09";"P";"E";"I";"101.8588"
"2023-08-10";"P";"E";"I";"101.6956"
"2023-08-11";"P";"E";"I";"101.4495"
"2023-08-14";"P";"E";"I";"101.8885"
"2023-08-15";"P";"E";"I";"102.1479"
"2023-08-16";"P";"E";"I";"101.894"
"2023-08-17";"P";"E";"I";"102.2283"
"2023-08-18";"P";"E";"I";"102.1463"
"2023-08-21";"P";"E";"I";"101.9598"
"2023-08-22";"P";"E";"I";"102.0341"
"2023-08-23";"P";"E";"I";"102.5408"
"2023-08-24";"P";"E";"I";"102.2547"
"2023-08-25";"P";"E";"I";"102.233"
"2023-08-28";"P";"E";"I";"102.2565"
"2023-08-29";"P";"E";"I";"102.0851"
"2023-08-30";"P";"E";"I";"102.174"
"2023-08-31";"P";"E";"I";"101.8978"
"2023-09-01";"P";"E";"I";"101.9597"
"2023-09-04";"P";"E";"I";"102.2617"
"2023-09-05";"P";"E";"I";"102.3117"
"2023-09-06";"P";"E";"I";"102.2288"
"2023-09-07";"P";"E";"I";"102.2047"
"2023-09-08";"P";"E";"I";"102.3248"
"2023-09-11";"P";"E";"I";"102.1047"
"2023-09-12";"P";"E";"I";"102.2174"
"2023-09-13";"P";"E";"I";"101.8754"
"2023-09-14";"P";"E";"I";"101.8475"
"2023-09-15";"P";"E";"I";"102.2664"
"2023-09-18";"P";"E";"I";"102.2058"
"2023-09-19";"P";"E";"I";"102.0072"
"2023-09-20";"P";"E";"I";"101.8053"
"2023-09-21";"P";"E";"I";"101.0836"
"2023-09-22";"P";"E";"I";"101.3259"
"2023-09-25";"P";"E";"I";"101.1019"
"2023-09-26";"P";"E";"I";"101.1054"
"2023-09-27";"P";"E";"I";"101.0049"
"2023-09-28";"P";"E";"I";"101.2142"
"2023-09-29";"P";"E";"I";"101.3141"
"2023-10-02";"P";"E";"I";"101.5701"
"2023-10-03";"P";"E";"I";"101.3991"
"2023-10-04";"P";"E";"I";"101.5387"
"2023-10-05";"P";"E";"I";"101.4815"
"2023-10-06";"P";"E";"I";"101.6055"
"2023-10-09";"P";"E";"I";"101.9529"
"2023-10-10";"P";"E";"I";"102.0777"
"2023-10-11";"P";"E";"I";"102.197"
"2023-10-12";"P";"E";"I";"102.362"
"2023-10-13";"P";"E";"I";"102.3182"
"2023-10-16";"P";"E";"I";"102.908"
"2023-10-17";"P";"E";"I";"102.9616"
"2023-10-18";"P";"E";"I";"102.9362"
"2023-10-19";"P";"E";"I";"103.3589"
"2023-10-20";"P";"E";"I";"103.7743"
"2023-10-23";"P";"E";"I";"103.5073"
"2023-10-24";"P";"E";"I";"103.1846"
"2023-10-25";"P";"E";"I";"103.4213"
"2023-10-26";"P";"E";"I";"103.2811"
"2023-10-27";"P";"E";"I";"103.0253"
"2023-10-30";"P";"E";"I";"102.5366"
"2023-10-31";"P";"E";"I";"101.908"
"2023-11-01";"P";"E";"I";"102.1428"
"2023-11-02";"P";"E";"I";"102.1687"
"2023-11-03";"P";"E";"I";"101.8127"
"2023-11-06";"P";"E";"I";"101.7836"
"2023-11-07";"P";"E";"I";"101.9275"
"2023-11-08";"P";"E";"I";"101.9166"
"2023-11-09";"P";"E";"I";"101.7573"
"2023-11-10";"P";"E";"I";"101.7712"
"2023-11-13";"P";"E";"I";"101.6758"
"2023-11-14";"P";"E";"I";"101.508"
"2023-11-15";"P";"E";"I";"101.6306"
"2023-11-16";"P";"E";"I";"101.6243"
"2023-11-17";"P";"E";"I";"101.7923"
"2023-11-20";"P";"E";"I";"101.5895"
"2023-11-21";"P";"E";"I";"101.3657"
"2023-11-22";"P";"E";"I";"101.7398"
"2023-11-23";"P";"E";"I";"101.7584"
"2023-11-24";"P";"E";"I";"101.7717"
"2023-11-27";"P";"E";"I";"101.6878"
"2023-11-28";"P";"E";"I";"101.8301"
"2023-11-29";"P";"E";"I";"102.0385"
"2023-11-30";"P";"E";"I";"102.7284"
"2023-12-01";"P";"E";"I";"103.132"
"2023-12-04";"P";"E";"I";"103.5333"
"2023-12-05";"P";"E";"I";"103.8289"
"2023-12-06";"P";"E";"I";"104.1615"
"2023-12-07";"P";"E";"I";"104.4218"
"2023-12-08";"P";"E";"I";"104.2561"
"2023-12-11";"P";"E";"I";"103.9522"
"2023-12-12";"P";"E";"I";"103.8277"
"2023-12-13";"P";"E";"I";"104.1451"
"2023-12-14";"P";"E";"I";"103.6444"
"2023-12-15";"P";"E";"I";"103.7042"
"2023-12-18";"P";"E";"I";"103.8736"
"2023-12-19";"P";"E";"I";"103.9942"
"2023-12-20";"P";"E";"I";"104.3825"
"2023-12-21";"P";"E";"I";"104.5522"
"2023-12-22";"P";"E";"I";"104.7974"
"2023-12-25";"P";"E";"I";"104.8289"
"2023-12-26";"P";"E";"I";"104.8631"
"2023-12-27";"P";"E";"I";"104.8966"
"2023-12-28";"P";"E";"I";"106.3073"
"2023-12-29";"P";"E";"I";"106.4881"
"2024-01-01";"P";"E";"I";"106.3998"
"2024-01-02";"P";"E";"I";"106.3112"
"2024-01-03";"P";"E";"I";"106.2218"
"2024-01-04";"P";"E";"I";"106.204"
"2024-01-05";"P";"E";"I";"106.307"
"2024-01-08";"P";"E";"I";"106.3708"
"2024-01-09";"P";"E";"I";"106.4801"
"2024-01-10";"P";"E";"I";"106.1602"
"2024-01-11";"P";"E";"I";"106.1719"
"2024-01-12";"P";"E";"I";"105.8474"
"2024-01-15";"P";"E";"I";"106.015"
"2024-01-16";"P";"E";"I";"105.7838"
"2024-01-17";"P";"E";"I";"105.734"
"2024-01-18";"P";"E";"I";"105.3772"
"2024-01-19";"P";"E";"I";"104.9096"
"2024-01-22";"P";"E";"I";"104.8754"
"2024-01-23";"P";"E";"I";"104.9406"
"2024-01-24";"P";"E";"I";"105.1619"
"2024-01-25";"P";"E";"I";"105.4464"
"2024-01-26";"P";"E";"I";"105.7734"
"2024-01-29";"P";"E";"I";"106.3604"
"2024-01-30";"P";"E";"I";"106.2032"
"2024-01-31";"P";"E";"I";"106.2802"
"2024-02-01";"P";"E";"I";"106.5355"
"2024-02-02";"P";"E";"I";"106.4448"
"2024-02-05";"P";"E";"I";"106.0782"
"2024-02-06";"P";"E";"I";"106.0848"
"2024-02-07";"P";"E";"I";"105.8266"
"2024-02-08";"P";"E";"I";"105.5108"
"2024-02-09";"P";"E";"I";"105.3155"
"2024-02-12";"P";"E";"I";"105.3444"
"2024-02-13";"P";"E";"I";"104.8494"
"2024-02-14";"P";"E";"I";"104.6169"
"2024-02-15";"P";"E";"I";"104.7849"
"2024-02-16";"P";"E";"I";"104.7045"
"2024-02-19";"P";"E";"I";"104.6448"
"2024-02-20";"P";"E";"I";"104.3571"
"2024-02-21";"P";"E";"I";"104.4641"
"2024-02-22";"P";"E";"I";"104.3709"
"2024-02-23";"P";"E";"I";"104.1795"
"2024-02-26";"P";"E";"I";"104.184"
"2024-02-27";"P";"E";"I";"104.113"
"2024-02-28";"P";"E";"I";"104.4161"
"2024-02-29";"P";"E";"I";"104.3423"
"2024-03-01";"P";"E";"I";"103.8425"
"2024-03-04";"P";"E";"I";"103.8485"
"2024-03-05";"P";"E";"I";"103.47"
"2024-03-06";"P";"E";"I";"103.3901"
"2024-03-07";"P";"E";"I";"103.6055"
"2024-03-08";"P";"E";"I";"103.809"
"2024-03-11";"P";"E";"I";"103.822"
"2024-03-12";"P";"E";"I";"103.9488"
"2024-03-13";"P";"E";"I";"103.7108"
"2024-03-14";"P";"E";"I";"103.4492"
"2024-03-15";"P";"E";"I";"103.4883"
"2024-03-18";"P";"E";"I";"103.3654"
"2024-03-19";"P";"E";"I";"103.5167"
"2024-03-20";"P";"E";"I";"103.1436"
"2024-03-21";"P";"E";"I";"102.0869"
"2024-03-22";"P";"E";"I";"102.2918"
"2024-03-25";"P";"E";"I";"102.5676"
"2024-03-26";"P";"E";"I";"101.8786"
"2024-03-27";"P";"E";"I";"101.6425"
"2024-03-28";"P";"E";"I";"102.0179"
"2024-03-29";"P";"E";"I";"102.0569"
"2024-04-01";"P";"E";"I";"102.0948"
"2024-04-02";"P";"E";"I";"102.1265"
"2024-04-03";"P";"E";"I";"101.7317"
"2024-04-04";"P";"E";"I";"101.1608"
"2024-04-05";"P";"E";"I";"101.6239"
"2024-04-08";"P";"E";"I";"101.4738"
"2024-04-09";"P";"E";"I";"101.2489"
"2024-04-10";"P";"E";"I";"101.2786"
"2024-04-11";"P";"E";"I";"101.239"
"2024-04-12";"P";"E";"I";"101.967"
"2024-04-15";"P";"E";"I";"102.0882"
"2024-04-16";"P";"E";"I";"102.3407"
"2024-04-17";"P";"E";"I";"102.4699"
"2024-04-18";"P";"E";"I";"102.2194"
"2024-04-19";"P";"E";"I";"102.503"
"2024-04-22";"P";"E";"I";"102.0977"
"2024-04-23";"P";"E";"I";"101.8127"
"2024-04-24";"P";"E";"I";"101.3857"
"2024-04-25";"P";"E";"I";"101.1219"
"2024-04-26";"P";"E";"I";"101.0901"
"2024-04-29";"P";"E";"I";"101.364"
"2024-04-30";"P";"E";"I";"101.2192"
"2024-05-01";"P";"E";"I";"101.2001"
"2024-05-02";"P";"E";"I";"101.1854"
"2024-05-03";"P";"E";"I";"101.3805"
"2024-05-06";"P";"E";"I";"101.4737"
"2024-05-07";"P";"E";"I";"101.1486"
"2024-05-08";"P";"E";"I";"101.2656"
"2024-05-09";"P";"E";"I";"101.2093"
"2024-05-10";"P";"E";"I";"101.1523"
"2024-05-13";"P";"E";"I";"101.0928"
"2024-05-14";"P";"E";"I";"100.9768"
"2024-05-15";"P";"E";"I";"100.8317"
"2024-05-16";"P";"E";"I";"100.7699"
"2024-05-17";"P";"E";"I";"100.2784"
"2024-05-20";"P";"E";"I";"100.1299"
"2024-05-21";"P";"E";"I";"99.9826"
"2024-05-22";"P";"E";"I";"99.8279"
"2024-05-23";"P";"E";"I";"99.7392"
"2024-05-24";"P";"E";"I";"99.8465"
"2024-05-27";"P";"E";"I";"99.6757"
"2024-05-28";"P";"E";"I";"99.7631"
"2024-05-29";"P";"E";"I";"99.996"
"2024-05-30";"P";"E";"I";"100.8111"
"2024-05-31";"P";"E";"I";"100.7669"
"2024-06-03";"P";"E";"I";"101.0914"
"2024-06-04";"P";"E";"I";"101.5771"
"2024-06-05";"P";"E";"I";"101.9211"
"2024-06-06";"P";"E";"I";"101.9373"
"2024-06-07";"P";"E";"I";"102.1501"
"2024-06-10";"P";"E";"I";"102.5235"
"2024-06-11";"P";"E";"I";"102.6144"
"2024-06-12";"P";"E";"I";"102.6437"
"2024-06-13";"P";"E";"I";"102.2138"
"2024-06-14";"P";"E";"I";"103.6728"
"2024-06-17";"P";"E";"I";"103.5816"
"2024-06-18";"P";"E";"I";"103.7818"
"2024-06-19";"P";"E";"I";"104.1202"
"2024-06-20";"P";"E";"I";"103.7199"
"2024-06-21";"P";"E";"I";"103.6975"
"2024-06-24";"P";"E";"I";"103.251"
"2024-06-25";"P";"E";"I";"103.1072"
"2024-06-26";"P";"E";"I";"103.0914"
"2024-06-27";"P";"E";"I";"103.0744"
"2024-06-28";"P";"E";"I";"102.7724"
"2024-07-01";"P";"E";"I";"102.0495"
"2024-07-02";"P";"E";"I";"102.0592"
"2024-07-03";"P";"E";"I";"101.7711"
"2024-07-04";"P";"E";"I";"101.6511"
"2024-07-05";"P";"E";"I";"101.7512"
"2024-07-08";"P";"E";"I";"102.0004"
"2024-07-09";"P";"E";"I";"101.8221"
"2024-07-10";"P";"E";"I";"102.0696"
"2024-07-11";"P";"E";"I";"101.674"
"2024-07-12";"P";"E";"I";"101.6159"
"2024-07-15";"P";"E";"I";"101.6448"
"2024-07-16";"P";"E";"I";"101.6254"
"2024-07-17";"P";"E";"I";"102.1703"
"2024-07-18";"P";"E";"I";"102.6363"
"2024-07-19";"P";"E";"I";"102.6997"
"2024-07-22";"P";"E";"I";"102.7122"
"2024-07-23";"P";"E";"I";"102.5744"
"2024-07-24";"P";"E";"I";"103.1225"
"2024-07-25";"P";"E";"I";"104.0373"
"2024-07-26";"P";"E";"I";"103.7082"
"2024-07-29";"P";"E";"I";"103.7202"
"2024-07-30";"P";"E";"I";"103.7366"
"2024-07-31";"P";"E";"I";"104.3426"
"2024-08-01";"P";"E";"I";"104.9919"
"2024-08-02";"P";"E";"I";"105.6499"
"2024-08-05";"P";"E";"I";"107.0137"
"2024-08-06";"P";"E";"I";"106.7178"
"2024-08-07";"P";"E";"I";"106.3482"
"2024-08-08";"P";"E";"I";"106.2061"
"2024-08-09";"P";"E";"I";"105.5921"
"2024-08-12";"P";"E";"I";"105.2105"
"2024-08-13";"P";"E";"I";"105.3479"
"2024-08-14";"P";"E";"I";"105.0472"
"2024-08-15";"P";"E";"I";"104.7619"
"2024-08-16";"P";"E";"I";"104.7234"
"2024-08-19";"P";"E";"I";"104.6871"
"2024-08-20";"P";"E";"I";"104.8764"
"2024-08-21";"P";"E";"I";"105.1294"
"2024-08-22";"P";"E";"I";"105.3979"
"2024-08-23";"P";"E";"I";"105.5101"
"2024-08-26";"P";"E";"I";"105.7392"
"2024-08-27";"P";"E";"I";"105.6395"
"2024-08-28";"P";"E";"I";"106.4595"
"2024-08-29";"P";"E";"I";"106.8401"
"2024-08-30";"P";"E";"I";"106.4011"
"2024-09-02";"P";"E";"I";"106.3524"
"2024-09-03";"P";"E";"I";"106.1627"
"2024-09-04";"P";"E";"I";"106.6436"
"2024-09-05";"P";"E";"I";"106.5047"
"2024-09-06";"P";"E";"I";"106.9623"
"2024-09-09";"P";"E";"I";"106.6743"
"2024-09-10";"P";"E";"I";"106.7865"
"2024-09-11";"P";"E";"I";"107.0307"
"2024-09-12";"P";"E";"I";"106.1898"
"2024-09-13";"P";"E";"I";"106.1729"
"2024-09-16";"P";"E";"I";"106.3326"
"2024-09-17";"P";"E";"I";"106.2389"
"2024-09-18";"P";"E";"I";"106.2897"
"2024-09-19";"P";"E";"I";"105.6689"
"2024-09-20";"P";"E";"I";"105.4204"
"2024-09-23";"P";"E";"I";"105.6153"
"2024-09-24";"P";"E";"I";"105.4993"
"2024-09-25";"P";"E";"I";"105.2316"
"2024-09-26";"P";"E";"I";"105.1967"
"2024-09-27";"P";"E";"I";"105.6955"
"2024-09-30";"P";"E";"I";"105.2891"
"2024-10-01";"P";"E";"I";"105.6981"
"2024-10-02";"P";"E";"I";"106.0488"
"2024-10-03";"P";"E";"I";"105.7641"
"2024-10-04";"P";"E";"I";"105.7249"
"2024-10-07";"P";"E";"I";"105.3905"
"2024-10-08";"P";"E";"I";"105.5765"
"2024-10-09";"P";"E";"I";"105.4992"
"2024-10-10";"P";"E";"I";"105.2827"
"2024-10-11";"P";"E";"I";"105.6205"
"2024-10-14";"P";"E";"I";"105.3074"
"2024-10-15";"P";"E";"I";"105.1921"
"2024-10-16";"P";"E";"I";"105.3155"
"2024-10-17";"P";"E";"I";"105.2118"
"2024-10-18";"P";"E";"I";"105.1525"
"2024-10-21";"P";"E";"I";"105.0796"
"2024-10-22";"P";"E";"I";"105.2108"
"2024-10-23";"P";"E";"I";"105.4131"
"2024-10-24";"P";"E";"I";"105.3442"
"2024-10-25";"P";"E";"I";"104.9555"
"2024-10-28";"P";"E";"I";"104.9343"
"2024-10-29";"P";"E";"I";"104.9826"
"2024-10-30";"P";"E";"I";"104.622"
"2024-10-31";"P";"E";"I";"104.5181"
"2024-11-01";"P";"E";"I";"104.2211"
"2024-11-04";"P";"E";"I";"104.3479"
"2024-11-05";"P";"E";"I";"104.5351"
"2024-11-06";"P";"E";"I";"104.3451"
"2024-11-07";"P";"E";"I";"104.1545"
"2024-11-08";"P";"E";"I";"104.3625"
"2024-11-11";"P";"E";"I";"104.4833"
"2024-11-12";"P";"E";"I";"104.4871"
"2024-11-13";"P";"E";"I";"104.4349"
"2024-11-14";"P";"E";"I";"104.6688"
"2024-11-15";"P";"E";"I";"104.3692"
"2024-11-18";"P";"E";"I";"104.589"
"2024-11-19";"P";"E";"I";"105.004"
"2024-11-20";"P";"E";"I";"104.6884"
"2024-11-21";"P";"E";"I";"105.2695"
"2024-11-22";"P";"E";"I";"105.7295"
"2024-11-25";"P";"E";"I";"104.8812"
"2024-11-26";"P";"E";"I";"105.0702"
"2024-11-27";"P";"E";"I";"105.3301"
"2024-11-28";"P";"E";"I";"104.9326"
"2024-11-29";"P";"E";"I";"105.0847"
"2024-12-02";"P";"E";"I";"104.9277"
"2024-12-03";"P";"E";"I";"104.9567"
"2024-12-04";"P";"E";"I";"104.8872"
"2024-12-05";"P";"E";"I";"104.8781"
"2024-12-06";"P";"E";"I";"105.0927"
"2024-12-09";"P";"E";"I";"105.11"
"2024-12-10";"P";"E";"I";"105.36"
"2024-12-11";"P";"E";"I";"105.1682"
"2024-12-12";"P";"E";"I";"104.7702"
"2024-12-13";"P";"E";"I";"104.1312"
"2024-12-16";"P";"E";"I";"104.3659"
"2024-12-17";"P";"E";"I";"103.7519"
"2024-12-18";"P";"E";"I";"104.0616"
"2024-12-19";"P";"E";"I";"104.5737"
"2024-12-20";"P";"E";"I";"104.9631"
"2024-12-23";"P";"E";"I";"104.6692"
"2024-12-24";"P";"E";"I";"104.2088"
"2024-12-25";"P";"E";"I";"104.1515"
"2024-12-26";"P";"E";"I";"104.0944"
"2024-12-27";"P";"E";"I";"104.0372"
"2024-12-30";"P";"E";"I";"103.5967"
"2024-12-31";"P";"E";"I";"103.5152"
"2025-01-01";"P";"E";"I";"103.7289"
"2025-01-02";"P";"E";"I";"103.9473"
"2025-01-03";"P";"E";"I";"104.1666"
"2025-01-06";"P";"E";"I";"103.8633"
"2025-01-07";"P";"E";"I";"103.3379"
"2025-01-08";"P";"E";"I";"103.5494"
"2025-01-09";"P";"E";"I";"103.7011"
"2025-01-10";"P";"E";"I";"103.5291"
"2025-01-13";"P";"E";"I";"104.2096"
"2025-01-14";"P";"E";"I";"103.6501"
"2025-01-15";"P";"E";"I";"103.5905"
"2025-01-16";"P";"E";"I";"103.9089"
"2025-01-17";"P";"E";"I";"103.782"
"2025-01-20";"P";"E";"I";"103.393"
"2025-01-21";"P";"E";"I";"103.278"
"2025-01-22";"P";"E";"I";"103.0917"
"2025-01-23";"P";"E";"I";"103.0729"
"2025-01-24";"P";"E";"I";"102.6184"
"2025-01-27";"P";"E";"I";"102.9916"
"2025-01-28";"P";"E";"I";"103.0351"
"2025-01-29";"P";"E";"I";"103.3002"
"2025-01-30";"P";"E";"I";"103.1162"
"2025-01-31";"P";"E";"I";"103.015"
"2025-02-03";"P";"E";"I";"103.813"
"2025-02-04";"P";"E";"I";"103.6154"
"2025-02-05";"P";"E";"I";"103.8099"
"2025-02-06";"P";"E";"I";"103.9672"
"2025-02-07";"P";"E";"I";"103.5972"
"2025-02-10";"P";"E";"I";"103.8001"
"2025-02-11";"P";"E";"I";"103.7299"
"2025-02-12";"P";"E";"I";"103.389"
"2025-02-13";"P";"E";"I";"103.2156"
"2025-02-14";"P";"E";"I";"103.3817"
"2025-02-17";"P";"E";"I";"103.6572"
"2025-02-18";"P";"E";"I";"103.822"
"2025-02-19";"P";"E";"I";"103.7176"
"2025-02-20";"P";"E";"I";"103.9955"
"2025-02-21";"P";"E";"I";"104.0984"
"2025-02-24";"P";"E";"I";"104.1038"
"2025-02-25";"P";"E";"I";"104.4909"
"2025-02-26";"P";"E";"I";"104.4961"
"2025-02-27";"P";"E";"I";"104.355"
"2025-02-28";"P";"E";"I";"104.8058"
"2025-03-03";"P";"E";"I";"104.6745"
"2025-03-04";"P";"E";"I";"105.0022"
"2025-03-05";"P";"E";"I";"103.7416"
"2025-03-06";"P";"E";"I";"102.9736"
"2025-03-07";"P";"E";"I";"103.2978"
"2025-03-10";"P";"E";"I";"103.6626"
"2025-03-11";"P";"E";"I";"102.6712"
"2025-03-12";"P";"E";"I";"102.4262"
"2025-03-13";"P";"E";"I";"103.0254"
"2025-03-14";"P";"E";"I";"103.0577"
"2025-03-17";"P";"E";"I";"102.9113"
"2025-03-18";"P";"E";"I";"102.8532"
"2025-03-19";"P";"E";"I";"103.5105"
"2025-03-20";"P";"E";"I";"103.6208"
"2025-03-21";"P";"E";"I";"103.775"
"2025-03-24";"P";"E";"I";"103.8568"
"2025-03-25";"P";"E";"I";"104.0856"
"2025-03-26";"P";"E";"I";"104.157"
"2025-03-27";"P";"E";"I";"104.3917"
"2025-03-28";"P";"E";"I";"104.5932"
"2025-03-31";"P";"E";"I";"104.3372"
"2025-04-01";"P";"E";"I";
"2025-04-02";"P";"E";"I";
"2025-04-03";"P";"E";"I";
"2025-04-04";"P";"E";"I";
"2025-04-07";"P";"E";"I";
"2025-04-08";"P";"E";"I";
"2025-04-09";"P";"E";"I";
"2025-04-10";"P";"E";"I";
"2025-04-11";"P";"E";"I";
"2025-04-14";"P";"E";"I";
"2025-04-15";"P";"E";"I";
"2025-04-16";"P";"E";"I";
"2025-04-17";"P";"E";"I";
"2025-04-18";"P";"E";"I";
"2025-04-21";"P";"E";"I";
"2025-04-22";"P";"E";"I";
"2025-04-23";"P";"E";"I";
"2025-04-24";"P";"E";"I";
"2025-04-25";"P";"E";"I";
"2025-04-28";"P";"E";"I";
"2025-04-29";"P";"E";"I";
"2025-04-30";"P";"E";"I";
"2025-05-01";"P";"E";"I";
"2025-05-02";"P";"E";"I";
"2025-05-05";"P";"E";"I";
"2025-05-06";"P";"E";"I";
"2025-05-07";"P";"E";"I";
"2025-05-08";"P";"E";"I";
"2025-05-09";"P";"E";"I";
"2025-05-12";"P";"E";"I";
"2025-05-13";"P";"E";"I";
"2025-05-14";"P";"E";"I";
"2025-05-15";"P";"E";"I";
"2025-05-16";"P";"E";"I";
"2025-05-19";"P";"E";"I";
"2025-05-20";"P";"E";"I";
"2025-05-21";"P";"E";"I";
"2025-05-22";"P";"E";"I";
"2025-05-23";"P";"E";"I";
"2025-05-26";"P";"E";"I";
"2025-05-27";"P";"E";"I";
"2025-05-28";"P";"E";"I";
"2025-05-29";"P";"E";"I";
"2025-05-30";"P";"E";"I";
"2025-06-02";"P";"E";"I";
"2025-06-03";"P";"E";"I";
"2025-06-04";"P";"E";"I";
"2025-06-05";"P";"E";"I";
"2025-06-06";"P";"E";"I";
"2025-06-09";"P";"E";"I";
"2025-06-10";"P";"E";"I";
"2025-06-11";"P";"E";"I";
"2025-06-12";"P";"E";"I";
"2025-06-13";"P";"E";"I";
"2025-06-16";"P";"E";"I";
"2025-06-17";"P";"E";"I";
"2025-06-18";"P";"E";"I";
"2025-06-19";"P";"E";"I";
"2025-06-20";"P";"E";"I";
"2025-06-23";"P";"E";"I";
"2025-06-24";"P";"E";"I";
"2025-06-25";"P";"E";"I";
"2025-06-26";"P";"E";"I";
"2025-06-27";"P";"E";"I";
"2025-06-30";"P";"E";"I";
"2025-07-01";"P";"E";"I";
"2025-07-02";"P";"E";"I";
"2025-07-03";"P";"E";"I";
"2025-07-04";"P";"E";"I";
"2025-07-07";"P";"E";"I";
"2025-07-08";"P";"E";"I";
"2025-07-09";"P";"E";"I";
"2025-07-10";"P";"E";"I";
"2025-07-11";"P";"E";"I";
"2025-07-14";"P";"E";"I";
"2025-07-15";"P";"E";"I";
"2025-07-16";"P";"E";"I";
"2025-07-17";"P";"E";"I";
"2025-07-18";"P";"E";"I";
"2025-07-21";"P";"E";"I";
"2025-07-22";"P";"E";"I";
"2025-07-23";"P";"E";"I";
"2025-07-24";"P";"E";"I";
"2025-07-25";"P";"E";"I";
"2025-07-28";"P";"E";"I";
"2025-07-29";"P";"E";"I";
"2025-07-30";"P";"E";"I";
"2025-07-31";"P";"E";"I";
"2025-08-01";"P";"E";"I";
"2025-08-04";"P";"E";"I";
"2025-08-05";"P";"E";"I";
"2025-08-06";"P";"E";"I";
"2025-08-07";"P";"E";"I";
"2025-08-08";"P";"E";"I";
"2025-08-11";"P";"E";"I";
"2025-08-12";"P";"E";"I";
"2025-08-13";"P";"E";"I";
"2025-08-14";"P";"E";"I";
"2025-08-15";"P";"E";"I";
"2025-08-18";"P";"E";"I";
"2025-08-19";"P";"E";"I";
"2025-08-20";"P";"E";"I";
"2025-08-21";"P";"E";"I";
"2025-08-22";"P";"E";"I";
"2025-08-25";"P";"E";"I";
"2025-08-26";"P";"E";"I";
"2025-08-27";"P";"E";"I";
"2025-08-28";"P";"E";"I";
"2025-08-29";"P";"E";"I";
"2025-09-01";"P";"E";"I";
"2025-09-02";"P";"E";"I";
"2025-09-03";"P";"E";"I";
"2025-09-04";"P";"E";"I";
"2025-09-05";"P";"E";"I";
"2025-09-08";"P";"E";"I";
"2025-09-09";"P";"E";"I";
"2025-09-10";"P";"E";"I";
"2025-09-11";"P";"E";"I";
"2025-09-12";"P";"E";"I";
"2025-09-15";"P";"E";"I";
"2025-09-16";"P";"E";"I";
"2025-09-17";"P";"E";"I";
"2025-09-18";"P";"E";"I";
"2025-09-19";"P";"E";"I";
"2025-09-22";"P";"E";"I";
"2025-09-23";"P";"E";"I";
"2025-09-24";"P";"E";"I";
"2025-09-25";"P";"E";"I";
"2025-09-26";"P";"E";"I";
"2025-09-29";"P";"E";"I";
"2025-09-30";"P";"E";"I";
"2025-10-01";"P";"E";"I";
"2025-10-02";"P";"E";"I";
"2025-10-03";"P";"E";"I";
"2025-10-06";"P";"E";"I";
"2025-10-07";"P";"E";"I";
"2025-10-08";"P";"E";"I";
"2025-10-09";"P";"E";"I";
"2025-10-10";"P";"E";"I";
"2025-10-13";"P";"E";"I";
"2025-10-14";"P";"E";"I";
"2025-10-15";"P";"E";"I";
"2025-10-16";"P";"E";"I";
"2025-10-17";"P";"E";"I";
"2025-10-20";"P";"E";"I";
"2025-10-21";"P";"E";"I";
"2025-10-22";"P";"E";"I";
"2025-10-23";"P";"E";"I";
"2025-10-24";"P";"E";"I";
"2025-10-27";"P";"E";"I";
"2025-10-28";"P";"E";"I";
"2025-10-29";"P";"E";"I";
"2025-10-30";"P";"E";"I";
"2025-10-31";"P";"E";"I";
"2025-11-03";"P";"E";"I";
"2025-11-04";"P";"E";"I";
"2025-11-05";"P";"E";"I";
"2025-11-06";"P";"E";"I";
"2025-11-07";"P";"E";"I";
"2025-11-10";"P";"E";"I";
"2025-11-11";"P";"E";"I";
"2025-11-12";"P";"E";"I";
"2025-11-13";"P";"E";"I";
"2025-11-14";"P";"E";"I";
"2025-11-17";"P";"E";"I";
"2025-11-18";"P";"E";"I";
"2025-11-19";"P";"E";"I";
"2025-11-20";"P";"E";"I";
"2025-11-21";"P";"E";"I";
"2025-11-24";"P";"E";"I";
"2025-11-25";"P";"E";"I";
"2025-11-26";"P";"E";"I";
"2025-11-27";"P";"E";"I";
"2025-11-28";"P";"E";"I";
"2025-12-01";"P";"E";"I";
"2025-12-02";"P";"E";"I";
"2025-12-03";"P";"E";"I";
"2025-12-04";"P";"E";"I";
"2025-12-05";"P";"E";"I";
"2025-12-08";"P";"E";"I";
"2025-12-09";"P";"E";"I";
"2025-12-10";"P";"E";"I";
"2025-12-11";"P";"E";"I";
"2025-12-12";"P";"E";"I";
"2025-12-15";"P";"E";"I";
"2025-12-16";"P";"E";"I";
"2025-12-17";"P";"E";"I";
"2025-12-18";"P";"E";"I";
"2025-12-19";"P";"E";"I";
"2025-12-22";"P";"E";"I";
"2025-12-23";"P";"E";"I";
"2025-12-24";"P";"E";"I";
"2025-12-25";"P";"E";"I";
"2025-12-26";"P";"E";"I";
"2025-12-29";"P";"E";"I";
"2025-12-30";"P";"E";"I";
"2025-12-31";"P";"E";"I";
"2026-01-01";"P";"E";"I";
"2026-01-02";"P";"E";"I";
"2026-01-05";"P";"E";"I";
"2026-01-06";"P";"E";"I";
"2026-01-07";"P";"E";"I";
"2026-01-08";"P";"E";"I";
"2026-01-09";"P";"E";"I";
"2026-01-12";"P";"E";"I";
"2026-01-13";"P";"E";"I";
"2026-01-14";"P";"E";"I";
"2026-01-15";"P";"E";"I";
"2026-01-16";"P";"E";"I";
"2026-01-19";"P";"E";"I";
"2026-01-20";"P";"E";"I";
"2026-01-21";"P";"E";"I";
"2026-01-22";"P";"E";"I";
"2026-01-23";"P";"E";"I";
"2026-01-26";"P";"E";"I";
"2026-01-27";"P";"E";"I";
"2026-01-28";"P";"E";"I";
"2026-01-29";"P";"E";"I";
"2026-01-30";"P";"E";"I";
"2026-02-02";"P";"E";"I";
"2026-02-03";"P";"E";"I";
"2026-02-04";"P";"E";"I";
"2026-02-05";"P";"E";"I";
"2026-02-06";"P";"E";"I";
"2026-02-09";"P";"E";"I";
"2026-02-10";"P";"E";"I";
"2026-02-11";"P";"E";"I";
"2026-02-12";"P";"E";"I";
"2026-02-13";"P";"E";"I";
"2026-02-16";"P";"E";"I";
"2026-02-17";"P";"E";"I";
"2026-02-18";"P";"E";"I";
"2026-02-19";"P";"E";"I";
"2026-02-20";"P";"E";"I";
"2026-02-23";"P";"E";"I";
"2026-02-24";"P";"E";"I";
"2026-02-25";"P";"E";"I";
"2026-02-26";"P";"E";"I";
"2026-02-27";"P";"E";"I";
"2026-03-02";"P";"E";"I";
"2026-03-03";"P";"E";"I";
"2026-03-04";"P";"E";"I";
"2026-03-05";"P";"E";"I";
"2026-03-06";"P";"E";"I";
"2026-03-09";"P";"E";"I";
"2026-03-10";"P";"E";"I";
"2026-03-11";"P";"E";"I";
"2026-03-12";"P";"E";"I";
"2026-03-13";"P";"E";"I";
"2026-03-16";"P";"E";"I";
"2026-03-17";"P";"E";"I";
"2026-03-18";"P";"E";"I";
"2026-03-19";"P";"E";"I";
"2026-03-20";"P";"E";"I";
"2026-03-23";"P";"E";"I";
"2026-03-24";"P";"E";"I";
"2026-03-25";"P";"E";"I";
"2026-03-26";"P";"E";"I";
"2026-03-27";"P";"E";"I";
"2026-03-30";"P";"E";"I";
"2026-03-31";"P";"E";"I";
