"REGION","CANTON","PERIOD","VALUE","STATUS","OBS_COEF"
"Total","Total","2026-04","3.02939665871171","A","A"
"1","Total","2026-04","4.59362070017528","A","A"
"1","22","2026-04","4.79868568045452","A","A"
"1","23","2026-04","3.38216759521264","A","A"
"1","25","2026-04","5.12254691656024","A","A"
"2","Total","2026-04","2.72687115446896","A","A"
"2","2","2026-04","2.20721264021228","B","A"
"2","10","2026-04","2.71439226435751","A","A"
"2","11","2026-04","3.14537518373966","A","A"
"2","24","2026-04","4.46707556484254","A","B"
"2","26","2026-04","4.63564396630468","B","B"
"3","Total","2026-04","3.43639935483922","A","A"
"3","12","2026-04","4.55392113926317","A","A"
"3","13","2026-04","3.068888632016","A","A"
"3","19","2026-04","3.28187402331657","A","A"
"4","Total","2026-04","2.8929814155219","A","A"
"4","1","2026-04","2.8929814155219","A","A"
"5","Total","2026-04","2.1022151830739","A","A"
"5","8","2026-04","1.95250575373337","A","B"
"5","14","2026-04","3.11704095504157","A","B"
"5","15","2026-04","1.68344285232342","A","B"
"5","16","2026-04","0.733538004819776","A","C"
"5","17","2026-04","2.11707791249671","A","A"
"5","18","2026-04","1.62449983709241","A","A"
"5","20","2026-04","2.29874367019566","A","A"
"6","Total","2026-04","1.88031448217019","A","A"
"6","3","2026-04","2.1021656725394","A","A"
"6","4","2026-04","1.01380661969872","A","C"
"6","5","2026-04","1.13890318220787","A","B"
"6","6","2026-04","1.08156810446255","A","B"
"6","7","2026-04","1.2437394075197","A","B"
"6","9","2026-04","2.78448882734186","A","B"
"7","Total","2026-04","2.84037438393223","A","A"
"7","21","2026-04","2.84037438393223","A","A"
"Total","Total","2026-03","3.10047730836434","A","A"
"1","Total","2026-03","4.63682343646286","A","A"
"1","22","2026-03","4.85712356930023","A","A"
"1","23","2026-03","3.40241026765244","A","A"
"1","25","2026-03","5.15656800195866","A","A"
"2","Total","2026-03","2.82568215448051","A","A"
"2","2","2026-03","2.2749686052204","B","A"
"2","10","2026-03","2.8447007619955","A","A"
"2","11","2026-03","3.27659986147762","A","A"
"2","24","2026-03","4.57314513056722","A","B"
"2","26","2026-03","4.89444839135289","B","B"
"3","Total","2026-03","3.51396588481003","A","A"
"3","12","2026-03","4.6886009346584","A","A"
"3","13","2026-03","3.09561529112348","A","A"
"3","19","2026-03","3.36383123320117","A","A"
"4","Total","2026-03","2.96391363987118","A","A"
"4","1","2026-03","2.96391363987118","A","A"
"5","Total","2026-03","2.13317027888356","A","A"
"5","8","2026-03","1.99356311771374","A","B"
"5","14","2026-03","3.31031097820925","A","B"
"5","15","2026-03","1.70696400994071","A","B"
"5","16","2026-03","0.668814063218031","A","C"
"5","17","2026-03","2.2025739420646","A","A"
"5","18","2026-03","1.32522578259708","A","A"
"5","20","2026-03","2.41893530474463","A","A"
"6","Total","2026-03","1.94051528643585","A","A"
"6","3","2026-03","2.16529377081386","A","A"
"6","4","2026-03","1.09022420409812","A","C"
"6","5","2026-03","1.17564199453715","A","B"
"6","6","2026-03","1.15210515475359","A","B"
"6","7","2026-03","1.33661605158773","A","B"
"6","9","2026-03","2.84645816326193","A","B"
"7","Total","2026-03","3.05063898511164","A","A"
"7","21","2026-03","3.05063898511164","A","A"
"Total","Total","2026-02","3.20267826630509","A","A"
"1","Total","2026-02","4.80419060519088","A","A"
"1","22","2026-02","4.98475191853927","A","A"
"1","23","2026-02","3.75419508870093","A","A"
"1","25","2026-02","5.25784007012141","A","A"
"2","Total","2026-02","2.93992016832786","A","A"
"2","2","2026-02","2.34059611059476","B","A"
"2","10","2026-02","2.93414981545887","A","A"
"2","11","2026-02","3.45803806386022","A","A"
"2","24","2026-02","4.76981578368173","A","B"
"2","26","2026-02","5.37399776717751","B","B"
"3","Total","2026-02","3.59401951794624","A","A"
"3","12","2026-02","4.72348203274638","A","A"
"3","13","2026-02","3.16443643832523","A","A"
"3","19","2026-02","3.46013095481558","A","A"
"4","Total","2026-02","2.99528966328002","A","A"
"4","1","2026-02","2.99528966328002","A","A"
"5","Total","2026-02","2.25319714547887","A","A"
"5","8","2026-02","2.13498292697948","A","B"
"5","14","2026-02","3.34177354012027","A","B"
"5","15","2026-02","1.7506461598014","A","B"
"5","16","2026-02","0.77668729922094","A","C"
"5","17","2026-02","2.31750303099193","A","A"
"5","18","2026-02","1.48447252719092","A","A"
"5","20","2026-02","2.55800520650024","A","A"
"6","Total","2026-02","2.00776086566878","A","A"
"6","3","2026-02","2.2414683427317","A","A"
"6","4","2026-02","1.09531870972475","A","C"
"6","5","2026-02","1.24587795928432","A","B"
"6","6","2026-02","1.16151009479239","A","B"
"6","7","2026-02","1.36892097126356","A","B"
"6","9","2026-02","2.92632975178114","A","B"
"7","Total","2026-02","3.23386956613942","A","A"
"7","21","2026-02","3.23386956613942","A","A"
"Total","Total","2026-01","3.22820200689017","A","A"
"1","Total","2026-01","4.83326268778654","A","A"
"1","22","2026-01","4.92257400480743","A","A"
"1","23","2026-01","4.06713586263519","A","A"
"1","25","2026-01","5.23608239922707","A","A"
"2","Total","2026-01","2.96276777109733","A","A"
"2","2","2026-01","2.3585106458456","B","A"
"2","10","2026-01","2.92973257825081","A","A"
"2","11","2026-01","3.49017471963279","A","A"
"2","24","2026-01","4.82947991440186","A","B"
"2","26","2026-01","5.47295240028418","B","B"
"3","Total","2026-01","3.61282823563456","A","A"
"3","12","2026-01","4.75061177570369","A","A"
"3","13","2026-01","3.14906860933843","A","A"
"3","19","2026-01","3.48984044339875","A","A"
"4","Total","2026-01","3.01187413279613","A","A"
"4","1","2026-01","3.01187413279613","A","A"
"5","Total","2026-01","2.28733879526894","A","A"
"5","8","2026-01","2.08936363366795","A","B"
"5","14","2026-01","3.36649412447893","A","B"
"5","15","2026-01","1.78088764816649","A","B"
"5","16","2026-01","0.873773211623557","A","C"
"5","17","2026-01","2.32766444434221","A","A"
"5","18","2026-01","1.58240012300438","A","A"
"5","20","2026-01","2.60205449664908","A","A"
"6","Total","2026-01","2.02547954210158","A","A"
"6","3","2026-01","2.26040677221404","A","A"
"6","4","2026-01","1.15645277724427","A","C"
"6","5","2026-01","1.30098617777825","A","B"
"6","6","2026-01","1.1709150348312","A","B"
"6","7","2026-01","1.34065416654721","A","B"
"6","9","2026-01","2.89878782470555","A","B"
"7","Total","2026-01","3.31917691861793","A","A"
"7","21","2026-01","3.31917691861793","A","A"
"Total","Total","2025-12","3.1","A","A"
"1","Total","2025-12","4.7","A","A"
"1","22","2025-12","4.8","A","A"
"1","23","2025-12","3.9","A","A"
"1","25","2025-12","5","A","A"
"2","Total","2025-12","2.9","A","A"
"2","2","2025-12","2.3","R","A"
"2","10","2025-12","2.9","A","A"
"2","11","2025-12","3.3","A","A"
"2","24","2025-12","4.8","A","B"
"2","26","2025-12","5.4","R","B"
"3","Total","2025-12","3.5","A","A"
"3","12","2025-12","4.6","A","A"
"3","13","2025-12","3","A","A"
"3","19","2025-12","3.4","A","A"
"4","Total","2025-12","2.9","A","A"
"4","1","2025-12","2.9","A","A"
"5","Total","2025-12","2.2","A","A"
"5","8","2025-12","2","A","B"
"5","14","2025-12","3.2","A","B"
"5","15","2025-12","1.8","A","B"
"5","16","2025-12","0.9","A","C"
"5","17","2025-12","2.3","A","A"
"5","18","2025-12","1.6","A","A"
"5","20","2025-12","2.6","A","A"
"6","Total","2025-12","2","A","A"
"6","3","2025-12","2.2","A","A"
"6","4","2025-12","1.2","A","C"
"6","5","2025-12","1.3","A","B"
"6","6","2025-12","1.1","A","B"
"6","7","2025-12","1.3","A","B"
"6","9","2025-12","2.8","A","B"
"7","Total","2025-12","3.2","A","A"
"7","21","2025-12","3.2","A","A"
"Total","Total","2025-11","2.9","A","A"
"1","Total","2025-11","4.4","A","A"
"1","22","2025-11","4.6","A","A"
"1","23","2025-11","3.3","A","A"
"1","25","2025-11","4.9","A","A"
"2","Total","2025-11","2.7","A","A"
"2","2","2025-11","2.2","R","A"
"2","10","2025-11","2.6","A","A"
"2","11","2025-11","3.1","A","A"
"2","24","2025-11","4.6","A","B"
"2","26","2025-11","5.1","R","B"
"3","Total","2025-11","3.3","A","A"
"3","12","2025-11","4.4","A","A"
"3","13","2025-11","2.9","A","A"
"3","19","2025-11","3.2","A","A"
"4","Total","2025-11","2.7","A","A"
"4","1","2025-11","2.7","A","A"
"5","Total","2025-11","2.1","A","A"
"5","8","2025-11","1.8","A","B"
"5","14","2025-11","3.1","A","B"
"5","15","2025-11","1.7","A","B"
"5","16","2025-11","0.8","A","C"
"5","17","2025-11","2.1","A","A"
"5","18","2025-11","1.5","A","A"
"5","20","2025-11","2.4","A","A"
"6","Total","2025-11","1.9","A","A"
"6","3","2025-11","2.1","A","A"
"6","4","2025-11","1.1","A","C"
"6","5","2025-11","1.2","A","B"
"6","6","2025-11","1.1","A","B"
"6","7","2025-11","1.3","A","B"
"6","9","2025-11","2.6","A","B"
"7","Total","2025-11","3","A","A"
"7","21","2025-11","3","A","A"
"Total","Total","2025-10","2.9","A","A"
"1","Total","2025-10","4.3","A","A"
"1","22","2025-10","4.5","A","A"
"1","23","2025-10","3.1","A","A"
"1","25","2025-10","4.9","A","A"
"2","Total","2025-10","2.6","A","A"
"2","2","2025-10","2.1","R","A"
"2","10","2025-10","2.5","A","A"
"2","11","2025-10","3.1","A","A"
"2","24","2025-10","4.6","A","B"
"2","26","2025-10","5.1","R","B"
"3","Total","2025-10","3.2","A","A"
"3","12","2025-10","4.3","A","A"
"3","13","2025-10","2.8","A","A"
"3","19","2025-10","3.1","A","A"
"4","Total","2025-10","2.7","A","A"
"4","1","2025-10","2.7","A","A"
"5","Total","2025-10","2","A","A"
"5","8","2025-10","1.8","A","B"
"5","14","2025-10","3","A","B"
"5","15","2025-10","1.6","A","B"
"5","16","2025-10","0.8","A","C"
"5","17","2025-10","2","A","A"
"5","18","2025-10","1.4","A","A"
"5","20","2025-10","2.3","A","A"
"6","Total","2025-10","1.8","A","A"
"6","3","2025-10","2","A","A"
"6","4","2025-10","1","A","C"
"6","5","2025-10","1.2","A","B"
"6","6","2025-10","1","A","B"
"6","7","2025-10","1.1","A","B"
"6","9","2025-10","2.7","A","B"
"7","Total","2025-10","2.7","A","A"
"7","21","2025-10","2.7","A","A"
"Total","Total","2025-09","2.8","A","A"
"1","Total","2025-09","4.3","A","A"
"1","22","2025-09","4.5","A","A"
"1","23","2025-09","2.9","A","A"
"1","25","2025-09","4.9","A","A"
"2","Total","2025-09","2.6","A","A"
"2","2","2025-09","2","R","A"
"2","10","2025-09","2.5","A","A"
"2","11","2025-09","3.1","A","A"
"2","24","2025-09","4.6","A","B"
"2","26","2025-09","5.1","R","B"
"3","Total","2025-09","3.2","A","A"
"3","12","2025-09","4.3","A","A"
"3","13","2025-09","2.8","A","A"
"3","19","2025-09","3.1","A","A"
"4","Total","2025-09","2.6","A","A"
"4","1","2025-09","2.6","A","A"
"5","Total","2025-09","2","A","A"
"5","8","2025-09","1.8","A","B"
"5","14","2025-09","2.8","A","B"
"5","15","2025-09","1.6","A","B"
"5","16","2025-09","0.8","A","C"
"5","17","2025-09","2","A","A"
"5","18","2025-09","1.2","A","A"
"5","20","2025-09","2.3","A","A"
"6","Total","2025-09","1.8","A","A"
"6","3","2025-09","2","A","A"
"6","4","2025-09","1","A","C"
"6","5","2025-09","1.1","A","B"
"6","6","2025-09","0.9","A","B"
"6","7","2025-09","1.1","A","B"
"6","9","2025-09","2.6","A","B"
"7","Total","2025-09","2.6","A","A"
"7","21","2025-09","2.6","A","A"
"Total","Total","2025-08","2.8","A","A"
"1","Total","2025-08","4.2","A","A"
"1","22","2025-08","4.5","A","A"
"1","23","2025-08","2.8","A","A"
"1","25","2025-08","4.7","A","A"
"2","Total","2025-08","2.6","A","A"
"2","2","2025-08","2","R","A"
"2","10","2025-08","2.5","A","A"
"2","11","2025-08","3.1","A","A"
"2","24","2025-08","4.6","A","B"
"2","26","2025-08","5.1","R","B"
"3","Total","2025-08","3.2","A","A"
"3","12","2025-08","4.3","A","A"
"3","13","2025-08","2.7","A","A"
"3","19","2025-08","3.1","A","A"
"4","Total","2025-08","2.6","A","A"
"4","1","2025-08","2.6","A","A"
"5","Total","2025-08","1.9","A","A"
"5","8","2025-08","1.7","A","B"
"5","14","2025-08","2.8","A","B"
"5","15","2025-08","1.6","A","B"
"5","16","2025-08","0.8","A","C"
"5","17","2025-08","2","A","A"
"5","18","2025-08","1","A","A"
"5","20","2025-08","2.3","A","A"
"6","Total","2025-08","1.8","A","A"
"6","3","2025-08","2","A","A"
"6","4","2025-08","1","A","C"
"6","5","2025-08","1.1","A","B"
"6","6","2025-08","0.9","A","B"
"6","7","2025-08","1.1","A","B"
"6","9","2025-08","2.6","A","B"
"7","Total","2025-08","2.6","A","A"
"7","21","2025-08","2.6","A","A"
"Total","Total","2025-07","2.7","A","A"
"1","Total","2025-07","4.1","A","A"
"1","22","2025-07","4.3","A","A"
"1","23","2025-07","2.8","A","A"
"1","25","2025-07","4.6","A","A"
"2","Total","2025-07","2.5","A","A"
"2","2","2025-07","1.9","R","A"
"2","10","2025-07","2.4","A","A"
"2","11","2025-07","3","A","A"
"2","24","2025-07","4.5","A","B"
"2","26","2025-07","5.2","R","B"
"3","Total","2025-07","3.2","A","A"
"3","12","2025-07","4.3","A","A"
"3","13","2025-07","2.6","A","A"
"3","19","2025-07","3.1","A","A"
"4","Total","2025-07","2.5","A","A"
"4","1","2025-07","2.5","A","A"
"5","Total","2025-07","1.9","A","A"
"5","8","2025-07","1.7","A","B"
"5","14","2025-07","2.8","A","B"
"5","15","2025-07","1.5","A","B"
"5","16","2025-07","0.9","A","C"
"5","17","2025-07","2","A","A"
"5","18","2025-07","1.1","A","A"
"5","20","2025-07","2.3","A","A"
"6","Total","2025-07","1.7","A","A"
"6","3","2025-07","1.9","A","A"
"6","4","2025-07","1","A","C"
"6","5","2025-07","1.1","A","B"
"6","6","2025-07","0.8","A","B"
"6","7","2025-07","1.1","A","B"
"6","9","2025-07","2.6","A","B"
"7","Total","2025-07","2.5","A","A"
"7","21","2025-07","2.5","A","A"
"Total","Total","2025-06","2.7","A","A"
"1","Total","2025-06","4","A","A"
"1","22","2025-06","4.2","A","A"
"1","23","2025-06","2.7","A","A"
"1","25","2025-06","4.5","A","A"
"2","Total","2025-06","2.5","A","A"
"2","2","2025-06","1.9","R","A"
"2","10","2025-06","2.4","A","A"
"2","11","2025-06","3","A","A"
"2","24","2025-06","4.3","A","B"
"2","26","2025-06","5","R","B"
"3","Total","2025-06","3.2","A","A"
"3","12","2025-06","4.1","A","A"
"3","13","2025-06","2.6","A","A"
"3","19","2025-06","3.1","A","A"
"4","Total","2025-06","2.5","A","A"
"4","1","2025-06","2.5","A","A"
"5","Total","2025-06","1.9","A","A"
"5","8","2025-06","1.7","A","B"
"5","14","2025-06","2.8","A","B"
"5","15","2025-06","1.4","A","B"
"5","16","2025-06","0.8","A","C"
"5","17","2025-06","1.9","A","A"
"5","18","2025-06","1.1","A","A"
"5","20","2025-06","2.3","A","A"
"6","Total","2025-06","1.7","A","A"
"6","3","2025-06","1.9","A","A"
"6","4","2025-06","1","A","C"
"6","5","2025-06","1.1","A","B"
"6","6","2025-06","0.9","A","B"
"6","7","2025-06","1.1","A","B"
"6","9","2025-06","2.5","A","B"
"7","Total","2025-06","2.4","A","A"
"7","21","2025-06","2.4","A","A"
"Total","Total","2025-05","2.7","A","A"
"1","Total","2025-05","4","A","A"
"1","22","2025-05","4.3","A","A"
"1","23","2025-05","2.8","A","A"
"1","25","2025-05","4.5","A","A"
"2","Total","2025-05","2.5","A","A"
"2","2","2025-05","2","R","A"
"2","10","2025-05","2.4","A","A"
"2","11","2025-05","2.9","A","A"
"2","24","2025-05","4.4","A","B"
"2","26","2025-05","4.9","R","B"
"3","Total","2025-05","3.2","A","A"
"3","12","2025-05","4.2","A","A"
"3","13","2025-05","2.7","A","A"
"3","19","2025-05","3.1","A","A"
"4","Total","2025-05","2.5","A","A"
"4","1","2025-05","2.5","A","A"
"5","Total","2025-05","1.9","A","A"
"5","8","2025-05","1.6","A","B"
"5","14","2025-05","2.8","A","B"
"5","15","2025-05","1.4","A","B"
"5","16","2025-05","0.7","A","C"
"5","17","2025-05","1.9","A","A"
"5","18","2025-05","1.3","A","A"
"5","20","2025-05","2.3","A","A"
"6","Total","2025-05","1.7","A","A"
"6","3","2025-05","1.9","A","A"
"6","4","2025-05","1","A","C"
"6","5","2025-05","1.1","A","B"
"6","6","2025-05","0.9","A","B"
"6","7","2025-05","1.1","A","B"
"6","9","2025-05","2.5","A","B"
"7","Total","2025-05","2.6","A","A"
"7","21","2025-05","2.6","A","A"
"Total","Total","2025-04","2.8","A","A"
"1","Total","2025-04","4.1","A","A"
"1","22","2025-04","4.3","A","A"
"1","23","2025-04","2.9","A","A"
"1","25","2025-04","4.6","A","A"
"2","Total","2025-04","2.6","A","A"
"2","2","2025-04","2","R","A"
"2","10","2025-04","2.6","A","A"
"2","11","2025-04","3","A","A"
"2","24","2025-04","4.4","A","B"
"2","26","2025-04","4.9","R","B"
"3","Total","2025-04","3.2","A","A"
"3","12","2025-04","4.2","A","A"
"3","13","2025-04","2.7","A","A"
"3","19","2025-04","3.1","A","A"
"4","Total","2025-04","2.5","A","A"
"4","1","2025-04","2.5","A","A"
"5","Total","2025-04","1.9","A","A"
"5","8","2025-04","1.5","A","B"
"5","14","2025-04","2.9","A","B"
"5","15","2025-04","1.5","A","B"
"5","16","2025-04","0.8","A","C"
"5","17","2025-04","1.9","A","A"
"5","18","2025-04","1.4","A","A"
"5","20","2025-04","2.3","A","A"
"6","Total","2025-04","1.7","A","A"
"6","3","2025-04","1.9","A","A"
"6","4","2025-04","1.1","A","C"
"6","5","2025-04","1.1","A","B"
"6","6","2025-04","0.9","A","B"
"6","7","2025-04","1.3","A","B"
"6","9","2025-04","2.5","A","B"
"7","Total","2025-04","2.7","A","A"
"7","21","2025-04","2.7","A","A"
"Total","Total","2025-03","2.8","A","A"
"1","Total","2025-03","4.1","A","A"
"1","22","2025-03","4.4","A","A"
"1","23","2025-03","2.9","A","A"
"1","25","2025-03","4.6","A","A"
"2","Total","2025-03","2.7","A","A"
"2","2","2025-03","2.1","R","A"
"2","10","2025-03","2.7","A","A"
"2","11","2025-03","3.1","A","A"
"2","24","2025-03","4.5","A","B"
"2","26","2025-03","5","R","B"
"3","Total","2025-03","3.2","A","A"
"3","12","2025-03","4.2","A","A"
"3","13","2025-03","2.7","A","A"
"3","19","2025-03","3.2","A","A"
"4","Total","2025-03","2.6","A","A"
"4","1","2025-03","2.6","A","A"
"5","Total","2025-03","2","A","A"
"5","8","2025-03","1.5","A","B"
"5","14","2025-03","3.1","A","B"
"5","15","2025-03","1.5","A","B"
"5","16","2025-03","0.7","A","C"
"5","17","2025-03","2","A","A"
"5","18","2025-03","1.2","A","A"
"5","20","2025-03","2.3","A","A"
"6","Total","2025-03","1.8","A","A"
"6","3","2025-03","2","A","A"
"6","4","2025-03","1.2","A","C"
"6","5","2025-03","1.1","A","B"
"6","6","2025-03","0.9","A","B"
"6","7","2025-03","1.3","A","B"
"6","9","2025-03","2.5","A","B"
"7","Total","2025-03","2.9","A","A"
"7","21","2025-03","2.9","A","A"
"Total","Total","2025-02","2.9","A","A"
"1","Total","2025-02","4.3","A","A"
"1","22","2025-02","4.5","A","A"
"1","23","2025-02","3.3","A","A"
"1","25","2025-02","4.7","A","A"
"2","Total","2025-02","2.7","A","A"
"2","2","2025-02","2.1","R","A"
"2","10","2025-02","2.7","A","A"
"2","11","2025-02","3.1","A","A"
"2","24","2025-02","4.5","A","B"
"2","26","2025-02","5.2","R","B"
"3","Total","2025-02","3.2","A","A"
"3","12","2025-02","4.3","A","A"
"3","13","2025-02","2.7","A","A"
"3","19","2025-02","3.2","A","A"
"4","Total","2025-02","2.6","A","A"
"4","1","2025-02","2.6","A","A"
"5","Total","2025-02","2","A","A"
"5","8","2025-02","1.5","A","B"
"5","14","2025-02","3.1","A","B"
"5","15","2025-02","1.6","A","B"
"5","16","2025-02","0.7","A","C"
"5","17","2025-02","2.1","A","A"
"5","18","2025-02","1.2","A","A"
"5","20","2025-02","2.4","A","A"
"6","Total","2025-02","1.8","A","A"
"6","3","2025-02","2","A","A"
"6","4","2025-02","1.2","A","C"
"6","5","2025-02","1.2","A","B"
"6","6","2025-02","1","A","B"
"6","7","2025-02","1.2","A","B"
"6","9","2025-02","2.4","A","B"
"7","Total","2025-02","3.2","A","A"
"7","21","2025-02","3.2","A","A"
"Total","Total","2025-01","2.9","A","A"
"1","Total","2025-01","4.4","A","A"
"1","22","2025-01","4.6","A","A"
"1","23","2025-01","3.6","A","A"
"1","25","2025-01","4.7","A","A"
"2","Total","2025-01","2.7","A","A"
"2","2","2025-01","2.1","R","A"
"2","10","2025-01","2.7","A","A"
"2","11","2025-01","3.1","A","A"
"2","24","2025-01","4.4","A","B"
"2","26","2025-01","5.1","R","B"
"3","Total","2025-01","3.2","A","A"
"3","12","2025-01","4.4","A","A"
"3","13","2025-01","2.7","A","A"
"3","19","2025-01","3.1","A","A"
"4","Total","2025-01","2.5","A","A"
"4","1","2025-01","2.5","A","A"
"5","Total","2025-01","2","A","A"
"5","8","2025-01","1.6","A","B"
"5","14","2025-01","3.1","A","B"
"5","15","2025-01","1.6","A","B"
"5","16","2025-01","0.8","A","C"
"5","17","2025-01","2.1","A","A"
"5","18","2025-01","1.4","A","A"
"5","20","2025-01","2.4","A","A"
"6","Total","2025-01","1.7","A","A"
"6","3","2025-01","1.9","A","A"
"6","4","2025-01","1.3","A","C"
"6","5","2025-01","1.2","A","B"
"6","6","2025-01","1","A","B"
"6","7","2025-01","1.1","A","B"
"6","9","2025-01","2.4","A","B"
"7","Total","2025-01","3.3","A","A"
"7","21","2025-01","3.3","A","A"
"Total","Total","2024-12","2.8","A","A"
"1","Total","2024-12","4.2","A","A"
"1","22","2024-12","4.4","A","A"
"1","23","2024-12","3.6","A","A"
"1","25","2024-12","4.5","A","A"
"2","Total","2024-12","2.6","A","A"
"2","2","2024-12","2","R","A"
"2","10","2024-12","2.7","A","A"
"2","11","2024-12","2.9","A","A"
"2","24","2024-12","4.1","A","B"
"2","26","2024-12","5","R","B"
"3","Total","2024-12","3.1","A","A"
"3","12","2024-12","4.2","A","A"
"3","13","2024-12","2.5","A","A"
"3","19","2024-12","3","A","A"
"4","Total","2024-12","2.4","A","A"
"4","1","2024-12","2.4","A","A"
"5","Total","2024-12","2","A","A"
"5","8","2024-12","1.5","A","B"
"5","14","2024-12","2.8","A","B"
"5","15","2024-12","1.4","A","B"
"5","16","2024-12","0.6","A","C"
"5","17","2024-12","2","A","A"
"5","18","2024-12","1.4","A","A"
"5","20","2024-12","2.3","A","A"
"6","Total","2024-12","1.7","A","A"
"6","3","2024-12","1.9","A","A"
"6","4","2024-12","1.3","A","C"
"6","5","2024-12","1.1","A","B"
"6","6","2024-12","0.8","A","B"
"6","7","2024-12","1.1","A","B"
"6","9","2024-12","2.2","A","B"
"7","Total","2024-12","3.1","A","A"
"7","21","2024-12","3.1","A","A"
"Total","Total","2024-11","2.6","A","A"
"1","Total","2024-11","3.9","A","A"
"1","22","2024-11","4.1","A","A"
"1","23","2024-11","2.9","A","A"
"1","25","2024-11","4.3","A","A"
"2","Total","2024-11","2.4","A","A"
"2","2","2024-11","1.9","R","A"
"2","10","2024-11","2.4","A","A"
"2","11","2024-11","2.7","A","A"
"2","24","2024-11","4","A","B"
"2","26","2024-11","4.7","R","B"
"3","Total","2024-11","2.8","A","A"
"3","12","2024-11","3.9","A","A"
"3","13","2024-11","2.3","A","A"
"3","19","2024-11","2.8","A","A"
"4","Total","2024-11","2.3","A","A"
"4","1","2024-11","2.3","A","A"
"5","Total","2024-11","1.8","A","A"
"5","8","2024-11","1.4","A","B"
"5","14","2024-11","2.7","A","B"
"5","15","2024-11","1.4","A","B"
"5","16","2024-11","0.6","A","C"
"5","17","2024-11","1.9","A","A"
"5","18","2024-11","1.3","A","A"
"5","20","2024-11","2.2","A","A"
"6","Total","2024-11","1.6","A","A"
"6","3","2024-11","1.7","A","A"
"6","4","2024-11","1.2","A","C"
"6","5","2024-11","1.1","A","B"
"6","6","2024-11","0.8","A","B"
"6","7","2024-11","1","A","B"
"6","9","2024-11","2.1","A","B"
"7","Total","2024-11","3","A","A"
"7","21","2024-11","3","A","A"
"Total","Total","2024-10","2.5","A","A"
"1","Total","2024-10","3.8","A","A"
"1","22","2024-10","3.9","A","A"
"1","23","2024-10","2.6","A","A"
"1","25","2024-10","4.4","A","A"
"2","Total","2024-10","2.3","A","A"
"2","2","2024-10","1.8","R","A"
"2","10","2024-10","2.3","A","A"
"2","11","2024-10","2.6","A","A"
"2","24","2024-10","3.9","A","B"
"2","26","2024-10","4.4","R","B"
"3","Total","2024-10","2.7","A","A"
"3","12","2024-10","3.7","A","A"
"3","13","2024-10","2.2","A","A"
"3","19","2024-10","2.7","A","A"
"4","Total","2024-10","2.2","A","A"
"4","1","2024-10","2.2","A","A"
"5","Total","2024-10","1.8","A","A"
"5","8","2024-10","1.4","A","B"
"5","14","2024-10","2.7","A","B"
"5","15","2024-10","1.4","A","B"
"5","16","2024-10","0.6","A","C"
"5","17","2024-10","1.8","A","A"
"5","18","2024-10","1.2","A","A"
"5","20","2024-10","2.1","A","A"
"6","Total","2024-10","1.5","A","A"
"6","3","2024-10","1.7","A","A"
"6","4","2024-10","1.1","A","C"
"6","5","2024-10","1","A","B"
"6","6","2024-10","0.8","A","B"
"6","7","2024-10","0.9","A","B"
"6","9","2024-10","2.1","A","B"
"7","Total","2024-10","2.6","A","A"
"7","21","2024-10","2.6","A","A"
"Total","Total","2024-09","2.4","A","A"
"1","Total","2024-09","3.7","A","A"
"1","22","2024-09","3.8","A","A"
"1","23","2024-09","2.4","A","A"
"1","25","2024-09","4.3","A","A"
"2","Total","2024-09","2.2","A","A"
"2","2","2024-09","1.7","R","A"
"2","10","2024-09","2.3","A","A"
"2","11","2024-09","2.5","A","A"
"2","24","2024-09","3.9","A","B"
"2","26","2024-09","4.2","R","B"
"3","Total","2024-09","2.7","A","A"
"3","12","2024-09","3.7","A","A"
"3","13","2024-09","2.3","A","A"
"3","19","2024-09","2.6","A","A"
"4","Total","2024-09","2.2","A","A"
"4","1","2024-09","2.2","A","A"
"5","Total","2024-09","1.7","A","A"
"5","8","2024-09","1.3","A","B"
"5","14","2024-09","2.7","A","B"
"5","15","2024-09","1.4","A","B"
"5","16","2024-09","0.5","A","C"
"5","17","2024-09","1.7","A","A"
"5","18","2024-09","0.9","A","A"
"5","20","2024-09","2.1","A","A"
"6","Total","2024-09","1.4","A","A"
"6","3","2024-09","1.6","A","A"
"6","4","2024-09","1","A","C"
"6","5","2024-09","1","A","B"
"6","6","2024-09","0.7","A","B"
"6","7","2024-09","0.8","A","B"
"6","9","2024-09","2.1","A","B"
"7","Total","2024-09","2.4","A","A"
"7","21","2024-09","2.4","A","A"
"Total","Total","2024-08","2.4","A","A"
"1","Total","2024-08","3.6","A","A"
"1","22","2024-08","3.7","A","A"
"1","23","2024-08","2.4","A","A"
"1","25","2024-08","4.2","A","A"
"2","Total","2024-08","2.2","A","A"
"2","2","2024-08","1.7","R","A"
"2","10","2024-08","2.2","A","A"
"2","11","2024-08","2.4","A","A"
"2","24","2024-08","3.8","A","B"
"2","26","2024-08","4.2","R","B"
"3","Total","2024-08","2.7","A","A"
"3","12","2024-08","3.7","A","A"
"3","13","2024-08","2.3","A","A"
"3","19","2024-08","2.6","A","A"
"4","Total","2024-08","2.1","A","A"
"4","1","2024-08","2.1","A","A"
"5","Total","2024-08","1.7","A","A"
"5","8","2024-08","1.3","A","B"
"5","14","2024-08","2.6","A","B"
"5","15","2024-08","1.4","A","B"
"5","16","2024-08","0.5","A","C"
"5","17","2024-08","1.7","A","A"
"5","18","2024-08","0.8","A","A"
"5","20","2024-08","2.1","A","A"
"6","Total","2024-08","1.4","A","A"
"6","3","2024-08","1.6","A","A"
"6","4","2024-08","0.9","A","C"
"6","5","2024-08","1","A","B"
"6","6","2024-08","0.7","A","B"
"6","7","2024-08","0.8","A","B"
"6","9","2024-08","2.1","A","B"
"7","Total","2024-08","2.4","A","A"
"7","21","2024-08","2.4","A","A"
"Total","Total","2024-07","2.3","A","A"
"1","Total","2024-07","3.5","A","A"
"1","22","2024-07","3.6","A","A"
"1","23","2024-07","2.3","A","A"
"1","25","2024-07","4.1","A","A"
"2","Total","2024-07","2.1","A","A"
"2","2","2024-07","1.6","R","A"
"2","10","2024-07","2.1","A","A"
"2","11","2024-07","2.3","A","A"
"2","24","2024-07","3.6","A","B"
"2","26","2024-07","4.1","R","B"
"3","Total","2024-07","2.6","A","A"
"3","12","2024-07","3.7","A","A"
"3","13","2024-07","2.2","A","A"
"3","19","2024-07","2.5","A","A"
"4","Total","2024-07","2.1","A","A"
"4","1","2024-07","2.1","A","A"
"5","Total","2024-07","1.6","A","A"
"5","8","2024-07","1.2","A","B"
"5","14","2024-07","2.4","A","B"
"5","15","2024-07","1.3","A","B"
"5","16","2024-07","0.5","A","C"
"5","17","2024-07","1.7","A","A"
"5","18","2024-07","0.8","A","A"
"5","20","2024-07","2.1","A","A"
"6","Total","2024-07","1.3","A","A"
"6","3","2024-07","1.5","A","A"
"6","4","2024-07","0.8","A","C"
"6","5","2024-07","0.9","A","B"
"6","6","2024-07","0.7","A","B"
"6","7","2024-07","0.8","A","B"
"6","9","2024-07","2","A","B"
"7","Total","2024-07","2.3","A","A"
"7","21","2024-07","2.3","A","A"
"Total","Total","2024-06","2.2","A","A"
"1","Total","2024-06","3.4","A","A"
"1","22","2024-06","3.5","A","A"
"1","23","2024-06","2.3","A","A"
"1","25","2024-06","4","A","A"
"2","Total","2024-06","2","A","A"
"2","2","2024-06","1.6","R","A"
"2","10","2024-06","2.1","A","A"
"2","11","2024-06","2.2","A","A"
"2","24","2024-06","3.3","A","B"
"2","26","2024-06","3.9","R","B"
"3","Total","2024-06","2.6","A","A"
"3","12","2024-06","3.5","A","A"
"3","13","2024-06","2.1","A","A"
"3","19","2024-06","2.5","A","A"
"4","Total","2024-06","2","A","A"
"4","1","2024-06","2","A","A"
"5","Total","2024-06","1.6","A","A"
"5","8","2024-06","1.3","A","B"
"5","14","2024-06","2.4","A","B"
"5","15","2024-06","1.3","A","B"
"5","16","2024-06","0.5","A","C"
"5","17","2024-06","1.6","A","A"
"5","18","2024-06","0.8","A","A"
"5","20","2024-06","2","A","A"
"6","Total","2024-06","1.3","A","A"
"6","3","2024-06","1.4","A","A"
"6","4","2024-06","0.8","A","C"
"6","5","2024-06","0.9","A","B"
"6","6","2024-06","0.7","A","B"
"6","7","2024-06","0.8","A","B"
"6","9","2024-06","2","A","B"
"7","Total","2024-06","2.3","A","A"
"7","21","2024-06","2.3","A","A"
"Total","Total","2024-05","2.2","A","A"
"1","Total","2024-05","3.4","A","A"
"1","22","2024-05","3.5","A","A"
"1","23","2024-05","2.4","A","A"
"1","25","2024-05","4.1","A","A"
"2","Total","2024-05","2","A","A"
"2","2","2024-05","1.6","R","A"
"2","10","2024-05","2.1","A","A"
"2","11","2024-05","2.2","A","A"
"2","24","2024-05","3.2","A","B"
"2","26","2024-05","4","R","B"
"3","Total","2024-05","2.6","A","A"
"3","12","2024-05","3.5","A","A"
"3","13","2024-05","2.1","A","A"
"3","19","2024-05","2.5","A","A"
"4","Total","2024-05","2","A","A"
"4","1","2024-05","2","A","A"
"5","Total","2024-05","1.7","A","A"
"5","8","2024-05","1.2","A","B"
"5","14","2024-05","2.4","A","B"
"5","15","2024-05","1.3","A","B"
"5","16","2024-05","0.6","A","C"
"5","17","2024-05","1.6","A","A"
"5","18","2024-05","1.1","A","A"
"5","20","2024-05","2","A","A"
"6","Total","2024-05","1.3","A","A"
"6","3","2024-05","1.4","A","A"
"6","4","2024-05","0.9","A","C"
"6","5","2024-05","0.9","A","B"
"6","6","2024-05","0.7","A","B"
"6","7","2024-05","0.8","A","B"
"6","9","2024-05","2","A","B"
"7","Total","2024-05","2.3","A","A"
"7","21","2024-05","2.3","A","A"
"Total","Total","2024-04","2.3","A","A"
"1","Total","2024-04","3.5","A","A"
"1","22","2024-04","3.6","A","A"
"1","23","2024-04","2.4","A","A"
"1","25","2024-04","4.2","A","A"
"2","Total","2024-04","2","A","A"
"2","2","2024-04","1.6","R","A"
"2","10","2024-04","2.2","A","A"
"2","11","2024-04","2.2","A","A"
"2","24","2024-04","3.2","A","B"
"2","26","2024-04","3.9","R","B"
"3","Total","2024-04","2.6","A","A"
"3","12","2024-04","3.7","A","A"
"3","13","2024-04","2.1","A","A"
"3","19","2024-04","2.4","A","A"
"4","Total","2024-04","2","A","A"
"4","1","2024-04","2","A","A"
"5","Total","2024-04","1.7","A","A"
"5","8","2024-04","1.3","A","B"
"5","14","2024-04","2.6","A","B"
"5","15","2024-04","1.3","A","B"
"5","16","2024-04","0.7","A","C"
"5","17","2024-04","1.7","A","A"
"5","18","2024-04","1.2","A","A"
"5","20","2024-04","2.1","A","A"
"6","Total","2024-04","1.3","A","A"
"6","3","2024-04","1.4","A","A"
"6","4","2024-04","0.9","A","C"
"6","5","2024-04","0.9","A","B"
"6","6","2024-04","0.7","A","B"
"6","7","2024-04","0.8","A","B"
"6","9","2024-04","2","A","B"
"7","Total","2024-04","2.5","A","A"
"7","21","2024-04","2.5","A","A"
"Total","Total","2024-03","2.3","A","A"
"1","Total","2024-03","3.5","A","A"
"1","22","2024-03","3.6","A","A"
"1","23","2024-03","2.5","A","A"
"1","25","2024-03","4.2","A","A"
"2","Total","2024-03","2.1","A","A"
"2","2","2024-03","1.7","R","A"
"2","10","2024-03","2.3","A","A"
"2","11","2024-03","2.2","A","A"
"2","24","2024-03","3.2","A","B"
"2","26","2024-03","3.9","R","B"
"3","Total","2024-03","2.6","A","A"
"3","12","2024-03","3.7","A","A"
"3","13","2024-03","2.1","A","A"
"3","19","2024-03","2.5","A","A"
"4","Total","2024-03","2","A","A"
"4","1","2024-03","2","A","A"
"5","Total","2024-03","1.7","A","A"
"5","8","2024-03","1.4","A","B"
"5","14","2024-03","2.7","A","B"
"5","15","2024-03","1.4","A","B"
"5","16","2024-03","0.6","A","C"
"5","17","2024-03","1.7","A","A"
"5","18","2024-03","0.9","A","A"
"5","20","2024-03","2.1","A","A"
"6","Total","2024-03","1.4","A","A"
"6","3","2024-03","1.5","A","A"
"6","4","2024-03","1","A","C"
"6","5","2024-03","0.9","A","B"
"6","6","2024-03","0.8","A","B"
"6","7","2024-03","0.8","A","B"
"6","9","2024-03","2","A","B"
"7","Total","2024-03","2.7","A","A"
"7","21","2024-03","2.7","A","A"
"Total","Total","2024-02","2.4","A","A"
"1","Total","2024-02","3.7","A","A"
"1","22","2024-02","3.7","A","A"
"1","23","2024-02","2.8","A","A"
"1","25","2024-02","4.2","A","A"
"2","Total","2024-02","2.1","A","A"
"2","2","2024-02","1.7","R","A"
"2","10","2024-02","2.4","A","A"
"2","11","2024-02","2.3","A","A"
"2","24","2024-02","3.3","A","B"
"2","26","2024-02","4","R","B"
"3","Total","2024-02","2.6","A","A"
"3","12","2024-02","3.7","A","A"
"3","13","2024-02","2.1","A","A"
"3","19","2024-02","2.5","A","A"
"4","Total","2024-02","2.1","A","A"
"4","1","2024-02","2.1","A","A"
"5","Total","2024-02","1.8","A","A"
"5","8","2024-02","1.4","A","B"
"5","14","2024-02","2.8","A","B"
"5","15","2024-02","1.4","A","B"
"5","16","2024-02","0.6","A","C"
"5","17","2024-02","1.8","A","A"
"5","18","2024-02","1","A","A"
"5","20","2024-02","2.2","A","A"
"6","Total","2024-02","1.4","A","A"
"6","3","2024-02","1.5","A","A"
"6","4","2024-02","1.1","A","C"
"6","5","2024-02","1","A","B"
"6","6","2024-02","0.8","A","B"
"6","7","2024-02","0.8","A","B"
"6","9","2024-02","2","A","B"
"7","Total","2024-02","3","A","A"
"7","21","2024-02","3","A","A"
"Total","Total","2024-01","2.4","A","A"
"1","Total","2024-01","3.8","A","A"
"1","22","2024-01","3.7","A","A"
"1","23","2024-01","3.2","A","A"
"1","25","2024-01","4.2","A","A"
"2","Total","2024-01","2.2","A","A"
"2","2","2024-01","1.7","R","A"
"2","10","2024-01","2.4","A","A"
"2","11","2024-01","2.3","A","A"
"2","24","2024-01","3.2","A","B"
"2","26","2024-01","4","R","B"
"3","Total","2024-01","2.6","A","A"
"3","12","2024-01","3.8","A","A"
"3","13","2024-01","2.1","A","A"
"3","19","2024-01","2.5","A","A"
"4","Total","2024-01","2","A","A"
"4","1","2024-01","2","A","A"
"5","Total","2024-01","1.8","A","A"
"5","8","2024-01","1.4","A","B"
"5","14","2024-01","2.8","A","B"
"5","15","2024-01","1.4","A","B"
"5","16","2024-01","0.6","A","C"
"5","17","2024-01","1.8","A","A"
"5","18","2024-01","1.2","A","A"
"5","20","2024-01","2.2","A","A"
"6","Total","2024-01","1.4","A","A"
"6","3","2024-01","1.5","A","A"
"6","4","2024-01","1.3","A","C"
"6","5","2024-01","1","A","B"
"6","6","2024-01","0.8","A","B"
"6","7","2024-01","0.8","A","B"
"6","9","2024-01","1.9","A","B"
"7","Total","2024-01","3.1","A","A"
"7","21","2024-01","3.1","A","A"
"Total","Total","2023-12","2.3","A","A"
"1","Total","2023-12","3.6","A","A"
"1","22","2023-12","3.5","A","A"
"1","23","2023-12","3.1","A","A"
"1","25","2023-12","4","A","A"
"2","Total","2023-12","2","A","A"
"2","2","2023-12","1.6","R","A"
"2","10","2023-12","2.3","A","A"
"2","11","2023-12","2.2","A","A"
"2","24","2023-12","3","A","A"
"2","26","2023-12","3.8","R","B"
"3","Total","2023-12","2.5","A","A"
"3","12","2023-12","3.5","A","A"
"3","13","2023-12","2","A","A"
"3","19","2023-12","2.4","A","A"
"4","Total","2023-12","2","A","A"
"4","1","2023-12","2","A","A"
"5","Total","2023-12","1.7","A","A"
"5","8","2023-12","1.2","A","B"
"5","14","2023-12","2.6","A","B"
"5","15","2023-12","1.3","A","B"
"5","16","2023-12","0.6","A","C"
"5","17","2023-12","1.7","A","A"
"5","18","2023-12","1.2","A","A"
"5","20","2023-12","2","A","A"
"6","Total","2023-12","1.3","A","A"
"6","3","2023-12","1.4","A","A"
"6","4","2023-12","1","A","C"
"6","5","2023-12","0.9","A","A"
"6","6","2023-12","0.7","A","C"
"6","7","2023-12","0.8","A","B"
"6","9","2023-12","1.9","A","B"
"7","Total","2023-12","2.9","A","A"
"7","21","2023-12","2.9","A","A"
"Total","Total","2023-11","2.1","A","A"
"1","Total","2023-11","3.3","A","A"
"1","22","2023-11","3.3","A","A"
"1","23","2023-11","2.4","A","A"
"1","25","2023-11","3.9","A","A"
"2","Total","2023-11","1.8","A","A"
"2","2","2023-11","1.5","R","A"
"2","10","2023-11","2","A","A"
"2","11","2023-11","2","A","A"
"2","24","2023-11","2.8","A","A"
"2","26","2023-11","3.6","R","B"
"3","Total","2023-11","2.3","A","A"
"3","12","2023-11","3.2","A","A"
"3","13","2023-11","1.8","A","A"
"3","19","2023-11","2.2","A","A"
"4","Total","2023-11","1.8","A","A"
"4","1","2023-11","1.8","A","A"
"5","Total","2023-11","1.6","A","A"
"5","8","2023-11","1.1","A","B"
"5","14","2023-11","2.6","A","B"
"5","15","2023-11","1.2","A","B"
"5","16","2023-11","0.5","A","C"
"5","17","2023-11","1.5","A","A"
"5","18","2023-11","1.1","A","A"
"5","20","2023-11","1.8","A","A"
"6","Total","2023-11","1.2","A","A"
"6","3","2023-11","1.3","A","A"
"6","4","2023-11","0.9","A","C"
"6","5","2023-11","0.8","A","A"
"6","6","2023-11","0.6","A","C"
"6","7","2023-11","0.7","A","B"
"6","9","2023-11","1.8","A","B"
"7","Total","2023-11","2.7","A","A"
"7","21","2023-11","2.7","A","A"
"Total","Total","2023-10","2","A","A"
"1","Total","2023-10","3.2","A","A"
"1","22","2023-10","3.2","A","A"
"1","23","2023-10","2.1","A","A"
"1","25","2023-10","3.9","A","A"
"2","Total","2023-10","1.7","A","A"
"2","2","2023-10","1.4","R","A"
"2","10","2023-10","1.9","A","A"
"2","11","2023-10","1.9","A","A"
"2","24","2023-10","2.7","A","A"
"2","26","2023-10","3.4","R","B"
"3","Total","2023-10","2.2","A","A"
"3","12","2023-10","3","A","A"
"3","13","2023-10","1.8","A","A"
"3","19","2023-10","2.1","A","A"
"4","Total","2023-10","1.7","A","A"
"4","1","2023-10","1.7","A","A"
"5","Total","2023-10","1.5","A","A"
"5","8","2023-10","1.1","A","B"
"5","14","2023-10","2.5","A","B"
"5","15","2023-10","1.2","A","B"
"5","16","2023-10","0.4","A","C"
"5","17","2023-10","1.5","A","A"
"5","18","2023-10","1","A","A"
"5","20","2023-10","1.8","A","A"
"6","Total","2023-10","1.1","A","A"
"6","3","2023-10","1.1","A","A"
"6","4","2023-10","0.8","A","C"
"6","5","2023-10","0.8","A","A"
"6","6","2023-10","0.6","A","C"
"6","7","2023-10","0.7","A","B"
"6","9","2023-10","1.7","A","B"
"7","Total","2023-10","2.3","A","A"
"7","21","2023-10","2.3","A","A"
"Total","Total","2023-09","1.9","A","A"
"1","Total","2023-09","3.1","A","A"
"1","22","2023-09","3.2","A","A"
"1","23","2023-09","1.9","A","A"
"1","25","2023-09","3.8","A","A"
"2","Total","2023-09","1.7","A","A"
"2","2","2023-09","1.3","R","A"
"2","10","2023-09","1.9","A","A"
"2","11","2023-09","1.9","A","A"
"2","24","2023-09","2.5","A","A"
"2","26","2023-09","3.3","R","B"
"3","Total","2023-09","2.1","A","A"
"3","12","2023-09","2.9","A","A"
"3","13","2023-09","1.8","A","A"
"3","19","2023-09","2.1","A","A"
"4","Total","2023-09","1.7","A","A"
"4","1","2023-09","1.7","A","A"
"5","Total","2023-09","1.4","A","A"
"5","8","2023-09","1.2","A","B"
"5","14","2023-09","2.5","A","B"
"5","15","2023-09","1.1","A","B"
"5","16","2023-09","0.5","A","C"
"5","17","2023-09","1.4","A","A"
"5","18","2023-09","0.7","A","A"
"5","20","2023-09","1.7","A","A"
"6","Total","2023-09","1","A","A"
"6","3","2023-09","1.1","A","A"
"6","4","2023-09","0.7","A","C"
"6","5","2023-09","0.7","A","A"
"6","6","2023-09","0.6","A","C"
"6","7","2023-09","0.6","A","B"
"6","9","2023-09","1.7","A","B"
"7","Total","2023-09","2.2","A","A"
"7","21","2023-09","2.2","A","A"
"Total","Total","2023-08","1.9","A","A"
"1","Total","2023-08","3.1","A","A"
"1","22","2023-08","3.2","A","A"
"1","23","2023-08","1.9","A","A"
"1","25","2023-08","3.6","A","A"
"2","Total","2023-08","1.7","A","A"
"2","2","2023-08","1.3","R","A"
"2","10","2023-08","2","A","A"
"2","11","2023-08","1.9","A","A"
"2","24","2023-08","2.6","A","A"
"2","26","2023-08","3.3","R","B"
"3","Total","2023-08","2.1","A","A"
"3","12","2023-08","2.9","A","A"
"3","13","2023-08","1.7","A","A"
"3","19","2023-08","2.1","A","A"
"4","Total","2023-08","1.7","A","A"
"4","1","2023-08","1.7","A","A"
"5","Total","2023-08","1.4","A","A"
"5","8","2023-08","1.2","A","B"
"5","14","2023-08","2.4","A","B"
"5","15","2023-08","1.1","A","B"
"5","16","2023-08","0.6","A","C"
"5","17","2023-08","1.5","A","A"
"5","18","2023-08","0.6","A","A"
"5","20","2023-08","1.7","A","A"
"6","Total","2023-08","1","A","A"
"6","3","2023-08","1.1","A","A"
"6","4","2023-08","0.7","A","C"
"6","5","2023-08","0.7","A","A"
"6","6","2023-08","0.5","A","C"
"6","7","2023-08","0.6","A","B"
"6","9","2023-08","1.7","A","B"
"7","Total","2023-08","2.1","A","A"
"7","21","2023-08","2.1","A","A"
"Total","Total","2023-07","1.9","A","A"
"1","Total","2023-07","3","A","A"
"1","22","2023-07","3.1","A","A"
"1","23","2023-07","1.9","A","A"
"1","25","2023-07","3.6","A","A"
"2","Total","2023-07","1.6","A","A"
"2","2","2023-07","1.3","R","A"
"2","10","2023-07","1.9","A","A"
"2","11","2023-07","1.8","A","A"
"2","24","2023-07","2.5","A","A"
"2","26","2023-07","3.2","R","B"
"3","Total","2023-07","2.1","A","A"
"3","12","2023-07","2.9","A","A"
"3","13","2023-07","1.7","A","A"
"3","19","2023-07","2","A","A"
"4","Total","2023-07","1.6","A","A"
"4","1","2023-07","1.6","A","A"
"5","Total","2023-07","1.4","A","A"
"5","8","2023-07","1.1","A","B"
"5","14","2023-07","2.3","A","B"
"5","15","2023-07","1","A","B"
"5","16","2023-07","0.6","A","C"
"5","17","2023-07","1.4","A","A"
"5","18","2023-07","0.6","A","A"
"5","20","2023-07","1.7","A","A"
"6","Total","2023-07","1","A","A"
"6","3","2023-07","1.1","A","A"
"6","4","2023-07","0.5","A","C"
"6","5","2023-07","0.7","A","A"
"6","6","2023-07","0.5","A","C"
"6","7","2023-07","0.6","A","B"
"6","9","2023-07","1.6","A","B"
"7","Total","2023-07","2","A","A"
"7","21","2023-07","2","A","A"
"Total","Total","2023-06","1.8","A","A"
"1","Total","2023-06","2.8","A","A"
"1","22","2023-06","2.9","A","A"
"1","23","2023-06","1.8","A","A"
"1","25","2023-06","3.4","A","A"
"2","Total","2023-06","1.6","A","A"
"2","2","2023-06","1.2","R","A"
"2","10","2023-06","1.8","A","A"
"2","11","2023-06","1.8","A","A"
"2","24","2023-06","2.3","A","A"
"2","26","2023-06","3.1","R","B"
"3","Total","2023-06","2.1","A","A"
"3","12","2023-06","2.8","A","A"
"3","13","2023-06","1.7","A","A"
"3","19","2023-06","2.1","A","A"
"4","Total","2023-06","1.6","A","A"
"4","1","2023-06","1.6","A","A"
"5","Total","2023-06","1.4","A","A"
"5","8","2023-06","1.2","A","B"
"5","14","2023-06","2.3","A","B"
"5","15","2023-06","1.1","A","B"
"5","16","2023-06","0.4","A","C"
"5","17","2023-06","1.4","A","A"
"5","18","2023-06","0.7","A","A"
"5","20","2023-06","1.7","A","A"
"6","Total","2023-06","1","A","A"
"6","3","2023-06","1.1","A","A"
"6","4","2023-06","0.6","A","C"
"6","5","2023-06","0.7","A","A"
"6","6","2023-06","0.6","A","C"
"6","7","2023-06","0.6","A","B"
"6","9","2023-06","1.5","A","B"
"7","Total","2023-06","2","A","A"
"7","21","2023-06","2","A","A"
"Total","Total","2023-05","1.9","A","A"
"1","Total","2023-05","2.9","A","A"
"1","22","2023-05","3","A","A"
"1","23","2023-05","2","A","A"
"1","25","2023-05","3.5","A","A"
"2","Total","2023-05","1.7","A","A"
"2","2","2023-05","1.3","R","A"
"2","10","2023-05","1.9","A","A"
"2","11","2023-05","1.9","A","A"
"2","24","2023-05","2.5","A","A"
"2","26","2023-05","3.2","R","B"
"3","Total","2023-05","2.1","A","A"
"3","12","2023-05","2.8","A","A"
"3","13","2023-05","1.7","A","A"
"3","19","2023-05","2.1","A","A"
"4","Total","2023-05","1.6","A","A"
"4","1","2023-05","1.6","A","A"
"5","Total","2023-05","1.5","A","A"
"5","8","2023-05","1.4","A","B"
"5","14","2023-05","2.3","A","B"
"5","15","2023-05","1.1","A","B"
"5","16","2023-05","0.4","A","C"
"5","17","2023-05","1.4","A","A"
"5","18","2023-05","1","A","A"
"5","20","2023-05","1.7","A","A"
"6","Total","2023-05","1","A","A"
"6","3","2023-05","1.1","A","A"
"6","4","2023-05","0.8","A","C"
"6","5","2023-05","0.7","A","A"
"6","6","2023-05","0.6","A","C"
"6","7","2023-05","0.6","A","B"
"6","9","2023-05","1.5","A","B"
"7","Total","2023-05","2.1","A","A"
"7","21","2023-05","2.1","A","A"
"Total","Total","2023-04","1.9","A","A"
"1","Total","2023-04","3","A","A"
"1","22","2023-04","3","A","A"
"1","23","2023-04","2","A","A"
"1","25","2023-04","3.6","A","A"
"2","Total","2023-04","1.7","A","A"
"2","2","2023-04","1.4","R","A"
"2","10","2023-04","2","A","A"
"2","11","2023-04","1.9","A","A"
"2","24","2023-04","2.5","A","A"
"2","26","2023-04","3.3","R","B"
"3","Total","2023-04","2.2","A","A"
"3","12","2023-04","2.9","A","A"
"3","13","2023-04","1.7","A","A"
"3","19","2023-04","2.1","A","A"
"4","Total","2023-04","1.6","A","A"
"4","1","2023-04","1.6","A","A"
"5","Total","2023-04","1.5","A","A"
"5","8","2023-04","1.5","A","B"
"5","14","2023-04","2.3","A","B"
"5","15","2023-04","1.1","A","B"
"5","16","2023-04","0.5","A","C"
"5","17","2023-04","1.5","A","A"
"5","18","2023-04","1.2","A","A"
"5","20","2023-04","1.7","A","A"
"6","Total","2023-04","1.1","A","A"
"6","3","2023-04","1.2","A","A"
"6","4","2023-04","0.7","A","C"
"6","5","2023-04","0.7","A","A"
"6","6","2023-04","0.6","A","C"
"6","7","2023-04","0.6","A","B"
"6","9","2023-04","1.5","A","B"
"7","Total","2023-04","2.2","A","A"
"7","21","2023-04","2.2","A","A"
"Total","Total","2023-03","2","A","A"
"1","Total","2023-03","3","A","A"
"1","22","2023-03","3.1","A","A"
"1","23","2023-03","2","A","A"
"1","25","2023-03","3.6","A","A"
"2","Total","2023-03","1.8","A","A"
"2","2","2023-03","1.4","R","A"
"2","10","2023-03","2.1","A","A"
"2","11","2023-03","2","A","A"
"2","24","2023-03","2.7","A","A"
"2","26","2023-03","3.4","R","B"
"3","Total","2023-03","2.2","A","A"
"3","12","2023-03","2.9","A","A"
"3","13","2023-03","1.8","A","A"
"3","19","2023-03","2.2","A","A"
"4","Total","2023-03","1.7","A","A"
"4","1","2023-03","1.7","A","A"
"5","Total","2023-03","1.5","A","A"
"5","8","2023-03","1.5","A","B"
"5","14","2023-03","2.4","A","B"
"5","15","2023-03","1.2","A","B"
"5","16","2023-03","0.5","A","C"
"5","17","2023-03","1.5","A","A"
"5","18","2023-03","0.9","A","A"
"5","20","2023-03","1.8","A","A"
"6","Total","2023-03","1.1","A","A"
"6","3","2023-03","1.2","A","A"
"6","4","2023-03","0.8","A","C"
"6","5","2023-03","0.8","A","A"
"6","6","2023-03","0.6","A","C"
"6","7","2023-03","0.7","A","B"
"6","9","2023-03","1.5","A","B"
"7","Total","2023-03","2.5","A","A"
"7","21","2023-03","2.5","A","A"
"Total","Total","2023-02","2.1","A","A"
"1","Total","2023-02","3.2","A","A"
"1","22","2023-02","3.3","A","A"
"1","23","2023-02","2.5","A","A"
"1","25","2023-02","3.7","A","A"
"2","Total","2023-02","1.9","A","A"
"2","2","2023-02","1.5","R","A"
"2","10","2023-02","2.3","A","A"
"2","11","2023-02","2.1","A","A"
"2","24","2023-02","2.8","A","A"
"2","26","2023-02","3.6","R","B"
"3","Total","2023-02","2.3","A","A"
"3","12","2023-02","3","A","A"
"3","13","2023-02","1.8","A","A"
"3","19","2023-02","2.3","A","A"
"4","Total","2023-02","1.7","A","A"
"4","1","2023-02","1.7","A","A"
"5","Total","2023-02","1.6","A","A"
"5","8","2023-02","1.5","A","B"
"5","14","2023-02","2.5","A","B"
"5","15","2023-02","1.2","A","B"
"5","16","2023-02","0.5","A","C"
"5","17","2023-02","1.5","A","A"
"5","18","2023-02","1.1","A","A"
"5","20","2023-02","1.9","A","A"
"6","Total","2023-02","1.2","A","A"
"6","3","2023-02","1.3","A","A"
"6","4","2023-02","0.9","A","C"
"6","5","2023-02","0.8","A","A"
"6","6","2023-02","0.6","A","C"
"6","7","2023-02","0.8","A","B"
"6","9","2023-02","1.6","A","B"
"7","Total","2023-02","2.9","A","A"
"7","21","2023-02","2.9","A","A"
"Total","Total","2023-01","2.1","A","A"
"1","Total","2023-01","3.4","A","A"
"1","22","2023-01","3.4","A","A"
"1","23","2023-01","2.9","A","A"
"1","25","2023-01","3.7","A","A"
"2","Total","2023-01","2","A","A"
"2","2","2023-01","1.6","R","A"
"2","10","2023-01","2.3","A","A"
"2","11","2023-01","2.1","A","A"
"2","24","2023-01","2.8","A","A"
"2","26","2023-01","3.6","R","B"
"3","Total","2023-01","2.3","A","A"
"3","12","2023-01","3","A","A"
"3","13","2023-01","1.9","A","A"
"3","19","2023-01","2.3","A","A"
"4","Total","2023-01","1.7","A","A"
"4","1","2023-01","1.7","A","A"
"5","Total","2023-01","1.6","A","A"
"5","8","2023-01","1.5","A","B"
"5","14","2023-01","2.6","A","B"
"5","15","2023-01","1.3","A","B"
"5","16","2023-01","0.6","A","C"
"5","17","2023-01","1.6","A","A"
"5","18","2023-01","1.2","A","A"
"5","20","2023-01","2","A","A"
"6","Total","2023-01","1.2","A","A"
"6","3","2023-01","1.3","A","A"
"6","4","2023-01","0.8","A","C"
"6","5","2023-01","0.8","A","A"
"6","6","2023-01","0.6","A","C"
"6","7","2023-01","0.8","A","B"
"6","9","2023-01","1.6","A","B"
"7","Total","2023-01","3","A","A"
"7","21","2023-01","3","A","A"
"Total","Total","2022-12","2.1","A","A"
"1","Total","2022-12","3.3","A","A"
"1","22","2022-12","3.3","A","A"
"1","23","2022-12","2.9","A","A"
"1","25","2022-12","3.7","A","A"
"2","Total","2022-12","2","A","A"
"2","2","2022-12","1.5","R","A"
"2","10","2022-12","2.3","A","A"
"2","11","2022-12","2.1","A","A"
"2","24","2022-12","2.9","A","A"
"2","26","2022-12","3.6","R","B"
"3","Total","2022-12","2.3","A","A"
"3","12","2022-12","2.9","A","A"
"3","13","2022-12","1.8","A","A"
"3","19","2022-12","2.3","A","A"
"4","Total","2022-12","1.7","A","A"
"4","1","2022-12","1.7","A","A"
"5","Total","2022-12","1.6","A","A"
"5","8","2022-12","1.3","A","B"
"5","14","2022-12","2.5","A","B"
"5","15","2022-12","1.2","A","B"
"5","16","2022-12","0.5","A","C"
"5","17","2022-12","1.6","A","A"
"5","18","2022-12","1.1","A","A"
"5","20","2022-12","1.9","A","A"
"6","Total","2022-12","1.1","A","A"
"6","3","2022-12","1.3","A","A"
"6","4","2022-12","0.8","A","C"
"6","5","2022-12","0.7","A","A"
"6","6","2022-12","0.6","A","C"
"6","7","2022-12","0.8","A","B"
"6","9","2022-12","1.6","A","B"
"7","Total","2022-12","2.8","A","A"
"7","21","2022-12","2.8","A","A"
"Total","Total","2022-11","2","A","A"
"1","Total","2022-11","3.1","A","A"
"1","22","2022-11","3.1","A","A"
"1","23","2022-11","2.1","A","A"
"1","25","2022-11","3.8","A","A"
"2","Total","2022-11","1.8","A","A"
"2","2","2022-11","1.5","R","A"
"2","10","2022-11","2.1","A","A"
"2","11","2022-11","1.9","A","A"
"2","24","2022-11","2.7","A","A"
"2","26","2022-11","3.5","R","B"
"3","Total","2022-11","2.2","A","A"
"3","12","2022-11","2.9","A","A"
"3","13","2022-11","1.7","A","A"
"3","19","2022-11","2.2","A","A"
"4","Total","2022-11","1.6","A","A"
"4","1","2022-11","1.6","A","A"
"5","Total","2022-11","1.6","A","A"
"5","8","2022-11","1.3","A","B"
"5","14","2022-11","2.4","A","B"
"5","15","2022-11","1.2","A","B"
"5","16","2022-11","0.4","A","C"
"5","17","2022-11","1.5","A","A"
"5","18","2022-11","1.2","A","A"
"5","20","2022-11","1.8","A","A"
"6","Total","2022-11","1.1","A","A"
"6","3","2022-11","1.2","A","A"
"6","4","2022-11","0.7","A","C"
"6","5","2022-11","0.7","A","A"
"6","6","2022-11","0.6","A","C"
"6","7","2022-11","0.8","A","B"
"6","9","2022-11","1.6","A","B"
"7","Total","2022-11","2.8","A","A"
"7","21","2022-11","2.8","A","A"
"Total","Total","2022-10","1.9","A","A"
"1","Total","2022-10","3.1","A","A"
"1","22","2022-10","3.1","A","A"
"1","23","2022-10","2","A","A"
"1","25","2022-10","3.8","A","A"
"2","Total","2022-10","1.8","A","A"
"2","2","2022-10","1.4","R","A"
"2","10","2022-10","2","A","A"
"2","11","2022-10","1.9","A","A"
"2","24","2022-10","2.7","A","A"
"2","26","2022-10","3.4","R","B"
"3","Total","2022-10","2.2","A","A"
"3","12","2022-10","2.8","A","A"
"3","13","2022-10","1.7","A","A"
"3","19","2022-10","2.2","A","A"
"4","Total","2022-10","1.6","A","A"
"4","1","2022-10","1.6","A","A"
"5","Total","2022-10","1.5","A","A"
"5","8","2022-10","1.2","A","B"
"5","14","2022-10","2.4","A","B"
"5","15","2022-10","1.2","A","B"
"5","16","2022-10","0.3","A","C"
"5","17","2022-10","1.5","A","A"
"5","18","2022-10","1","A","A"
"5","20","2022-10","1.7","A","A"
"6","Total","2022-10","1","A","A"
"6","3","2022-10","1.2","A","A"
"6","4","2022-10","0.6","A","C"
"6","5","2022-10","0.7","A","A"
"6","6","2022-10","0.6","A","C"
"6","7","2022-10","0.7","A","B"
"6","9","2022-10","1.5","A","B"
"7","Total","2022-10","2.4","A","A"
"7","21","2022-10","2.4","A","A"
"Total","Total","2022-09","1.9","A","A"
"1","Total","2022-09","3","A","A"
"1","22","2022-09","3.1","A","A"
"1","23","2022-09","1.8","A","A"
"1","25","2022-09","3.8","A","A"
"2","Total","2022-09","1.8","A","A"
"2","2","2022-09","1.4","R","A"
"2","10","2022-09","2.1","A","A"
"2","11","2022-09","1.9","A","A"
"2","24","2022-09","2.8","A","A"
"2","26","2022-09","3.4","R","B"
"3","Total","2022-09","2.3","A","A"
"3","12","2022-09","2.8","A","A"
"3","13","2022-09","1.7","A","A"
"3","19","2022-09","2.3","A","A"
"4","Total","2022-09","1.6","A","A"
"4","1","2022-09","1.6","A","A"
"5","Total","2022-09","1.4","A","A"
"5","8","2022-09","1.2","A","B"
"5","14","2022-09","2.3","A","B"
"5","15","2022-09","1.1","A","B"
"5","16","2022-09","0.4","A","C"
"5","17","2022-09","1.5","A","A"
"5","18","2022-09","0.7","A","A"
"5","20","2022-09","1.8","A","A"
"6","Total","2022-09","1","A","A"
"6","3","2022-09","1.1","A","A"
"6","4","2022-09","0.6","A","C"
"6","5","2022-09","0.7","A","A"
"6","6","2022-09","0.6","A","C"
"6","7","2022-09","0.6","A","B"
"6","9","2022-09","1.6","A","B"
"7","Total","2022-09","2.4","A","A"
"7","21","2022-09","2.4","A","A"
"Total","Total","2022-08","2","A","A"
"1","Total","2022-08","3.1","A","A"
"1","22","2022-08","3.2","A","A"
"1","23","2022-08","1.9","A","A"
"1","25","2022-08","3.7","A","A"
"2","Total","2022-08","1.8","A","A"
"2","2","2022-08","1.4","R","A"
"2","10","2022-08","2.1","A","A"
"2","11","2022-08","2.1","A","A"
"2","24","2022-08","2.7","A","A"
"2","26","2022-08","3.6","R","B"
"3","Total","2022-08","2.3","A","A"
"3","12","2022-08","2.9","A","A"
"3","13","2022-08","1.8","A","A"
"3","19","2022-08","2.4","A","A"
"4","Total","2022-08","1.6","A","A"
"4","1","2022-08","1.6","A","A"
"5","Total","2022-08","1.5","A","A"
"5","8","2022-08","1.2","A","B"
"5","14","2022-08","2.5","A","B"
"5","15","2022-08","1.2","A","B"
"5","16","2022-08","0.5","A","C"
"5","17","2022-08","1.5","A","A"
"5","18","2022-08","0.6","A","A"
"5","20","2022-08","1.8","A","A"
"6","Total","2022-08","1.1","A","A"
"6","3","2022-08","1.2","A","A"
"6","4","2022-08","0.6","A","C"
"6","5","2022-08","0.7","A","A"
"6","6","2022-08","0.6","A","C"
"6","7","2022-08","0.5","A","B"
"6","9","2022-08","1.6","A","B"
"7","Total","2022-08","2.4","A","A"
"7","21","2022-08","2.4","A","A"
"Total","Total","2022-07","2","A","A"
"1","Total","2022-07","3","A","A"
"1","22","2022-07","3","A","A"
"1","23","2022-07","1.9","A","A"
"1","25","2022-07","3.7","A","A"
"2","Total","2022-07","1.9","A","A"
"2","2","2022-07","1.5","R","A"
"2","10","2022-07","2.1","A","A"
"2","11","2022-07","2.1","A","A"
"2","24","2022-07","2.8","A","A"
"2","26","2022-07","3.7","R","B"
"3","Total","2022-07","2.3","A","A"
"3","12","2022-07","2.9","A","A"
"3","13","2022-07","1.8","A","A"
"3","19","2022-07","2.4","A","A"
"4","Total","2022-07","1.7","A","A"
"4","1","2022-07","1.7","A","A"
"5","Total","2022-07","1.5","A","A"
"5","8","2022-07","1.3","A","B"
"5","14","2022-07","2.3","A","B"
"5","15","2022-07","1.2","A","B"
"5","16","2022-07","0.6","A","C"
"5","17","2022-07","1.6","A","A"
"5","18","2022-07","0.6","A","A"
"5","20","2022-07","1.8","A","A"
"6","Total","2022-07","1.1","A","A"
"6","3","2022-07","1.2","A","A"
"6","4","2022-07","0.7","A","C"
"6","5","2022-07","0.8","A","A"
"6","6","2022-07","0.6","A","C"
"6","7","2022-07","0.6","A","B"
"6","9","2022-07","1.7","A","B"
"7","Total","2022-07","2.3","A","A"
"7","21","2022-07","2.3","A","A"
"Total","Total","2022-06","2","A","A"
"1","Total","2022-06","2.9","A","A"
"1","22","2022-06","3","A","A"
"1","23","2022-06","1.9","A","A"
"1","25","2022-06","3.6","A","A"
"2","Total","2022-06","1.9","A","A"
"2","2","2022-06","1.5","R","A"
"2","10","2022-06","2.1","A","A"
"2","11","2022-06","2.1","A","A"
"2","24","2022-06","2.7","A","A"
"2","26","2022-06","3.7","R","B"
"3","Total","2022-06","2.4","A","A"
"3","12","2022-06","3","A","A"
"3","13","2022-06","1.8","A","A"
"3","19","2022-06","2.5","A","A"
"4","Total","2022-06","1.7","A","A"
"4","1","2022-06","1.7","A","A"
"5","Total","2022-06","1.5","A","A"
"5","8","2022-06","1.3","A","B"
"5","14","2022-06","2.3","A","B"
"5","15","2022-06","1.2","A","B"
"5","16","2022-06","0.5","A","C"
"5","17","2022-06","1.6","A","A"
"5","18","2022-06","0.7","A","A"
"5","20","2022-06","1.9","A","A"
"6","Total","2022-06","1.2","A","A"
"6","3","2022-06","1.3","A","A"
"6","4","2022-06","0.8","A","C"
"6","5","2022-06","0.8","A","A"
"6","6","2022-06","0.6","A","C"
"6","7","2022-06","0.7","A","B"
"6","9","2022-06","1.7","A","B"
"7","Total","2022-06","2.3","A","A"
"7","21","2022-06","2.3","A","A"
"Total","Total","2022-05","2.1","A","A"
"1","Total","2022-05","3.1","A","A"
"1","22","2022-05","3.1","A","A"
"1","23","2022-05","2.1","A","A"
"1","25","2022-05","3.9","A","A"
"2","Total","2022-05","2","A","A"
"2","2","2022-05","1.6","R","A"
"2","10","2022-05","2.2","A","A"
"2","11","2022-05","2.2","A","A"
"2","24","2022-05","2.9","A","A"
"2","26","2022-05","3.6","R","B"
"3","Total","2022-05","2.5","A","A"
"3","12","2022-05","3.1","A","A"
"3","13","2022-05","1.9","A","A"
"3","19","2022-05","2.6","A","A"
"4","Total","2022-05","1.8","A","A"
"4","1","2022-05","1.8","A","A"
"5","Total","2022-05","1.6","A","A"
"5","8","2022-05","1.3","A","B"
"5","14","2022-05","2.4","A","B"
"5","15","2022-05","1.3","A","B"
"5","16","2022-05","0.5","A","C"
"5","17","2022-05","1.6","A","A"
"5","18","2022-05","1.2","A","A"
"5","20","2022-05","1.9","A","A"
"6","Total","2022-05","1.2","A","A"
"6","3","2022-05","1.4","A","A"
"6","4","2022-05","1","A","C"
"6","5","2022-05","0.7","A","A"
"6","6","2022-05","0.7","A","C"
"6","7","2022-05","0.7","A","B"
"6","9","2022-05","1.8","A","B"
"7","Total","2022-05","2.4","A","A"
"7","21","2022-05","2.4","A","A"
"Total","Total","2022-04","2.3","A","A"
"1","Total","2022-04","3.3","A","A"
"1","22","2022-04","3.3","A","A"
"1","23","2022-04","2.3","A","A"
"1","25","2022-04","4.1","A","A"
"2","Total","2022-04","2.2","A","A"
"2","2","2022-04","1.8","R","A"
"2","10","2022-04","2.4","A","A"
"2","11","2022-04","2.4","A","A"
"2","24","2022-04","3.1","A","A"
"2","26","2022-04","3.7","R","B"
"3","Total","2022-04","2.6","A","A"
"3","12","2022-04","3.2","A","A"
"3","13","2022-04","2","A","A"
"3","19","2022-04","2.7","A","A"
"4","Total","2022-04","2","A","A"
"4","1","2022-04","2","A","A"
"5","Total","2022-04","1.7","A","A"
"5","8","2022-04","1.4","A","B"
"5","14","2022-04","2.6","A","B"
"5","15","2022-04","1.3","A","B"
"5","16","2022-04","0.5","A","C"
"5","17","2022-04","1.8","A","A"
"5","18","2022-04","1.3","A","A"
"5","20","2022-04","2","A","A"
"6","Total","2022-04","1.3","A","A"
"6","3","2022-04","1.4","A","A"
"6","4","2022-04","1","A","C"
"6","5","2022-04","0.8","A","A"
"6","6","2022-04","0.6","A","C"
"6","7","2022-04","0.9","A","B"
"6","9","2022-04","1.8","A","B"
"7","Total","2022-04","2.5","A","A"
"7","21","2022-04","2.5","A","A"
"Total","Total","2022-03","2.4","A","A"
"1","Total","2022-03","3.4","A","A"
"1","22","2022-03","3.4","A","A"
"1","23","2022-03","2.5","A","A"
"1","25","2022-03","4.1","A","A"
"2","Total","2022-03","2.3","A","A"
"2","2","2022-03","1.9","R","A"
"2","10","2022-03","2.5","A","A"
"2","11","2022-03","2.5","A","A"
"2","24","2022-03","3.4","A","A"
"2","26","2022-03","3.9","R","B"
"3","Total","2022-03","2.7","A","A"
"3","12","2022-03","3.2","A","A"
"3","13","2022-03","2.1","A","A"
"3","19","2022-03","2.8","A","A"
"4","Total","2022-03","2.1","A","A"
"4","1","2022-03","2.1","A","A"
"5","Total","2022-03","1.8","A","A"
"5","8","2022-03","1.4","A","B"
"5","14","2022-03","2.7","A","B"
"5","15","2022-03","1.5","A","B"
"5","16","2022-03","0.4","A","C"
"5","17","2022-03","1.9","A","A"
"5","18","2022-03","1","A","A"
"5","20","2022-03","2.2","A","A"
"6","Total","2022-03","1.4","A","A"
"6","3","2022-03","1.5","A","A"
"6","4","2022-03","1","A","C"
"6","5","2022-03","0.9","A","A"
"6","6","2022-03","0.6","A","C"
"6","7","2022-03","0.9","A","B"
"6","9","2022-03","1.8","A","B"
"7","Total","2022-03","2.8","A","A"
"7","21","2022-03","2.8","A","A"
"Total","Total","2022-02","2.6","A","A"
"1","Total","2022-02","3.7","A","A"
"1","22","2022-02","3.6","A","A"
"1","23","2022-02","3.1","A","A"
"1","25","2022-02","4.3","A","A"
"2","Total","2022-02","2.5","A","A"
"2","2","2022-02","2","R","A"
"2","10","2022-02","2.7","A","A"
"2","11","2022-02","2.7","A","A"
"2","24","2022-02","3.7","A","A"
"2","26","2022-02","4.1","R","B"
"3","Total","2022-02","2.9","A","A"
"3","12","2022-02","3.4","A","A"
"3","13","2022-02","2.1","A","A"
"3","19","2022-02","3","A","A"
"4","Total","2022-02","2.3","A","A"
"4","1","2022-02","2.3","A","A"
"5","Total","2022-02","1.9","A","A"
"5","8","2022-02","1.5","A","B"
"5","14","2022-02","2.8","A","B"
"5","15","2022-02","1.6","A","B"
"5","16","2022-02","0.6","A","C"
"5","17","2022-02","2","A","A"
"5","18","2022-02","1.2","A","A"
"5","20","2022-02","2.3","A","A"
"6","Total","2022-02","1.5","A","A"
"6","3","2022-02","1.7","A","A"
"6","4","2022-02","1","A","C"
"6","5","2022-02","1","A","A"
"6","6","2022-02","0.7","A","C"
"6","7","2022-02","1","A","B"
"6","9","2022-02","1.9","A","B"
"7","Total","2022-02","3.2","A","A"
"7","21","2022-02","3.2","A","A"
"Total","Total","2022-01","2.7","A","A"
"1","Total","2022-01","3.9","A","A"
"1","22","2022-01","3.7","A","A"
"1","23","2022-01","3.6","A","A"
"1","25","2022-01","4.4","A","A"
"2","Total","2022-01","2.6","A","A"
"2","2","2022-01","2.1","R","A"
"2","10","2022-01","2.9","A","A"
"2","11","2022-01","2.7","A","A"
"2","24","2022-01","3.9","A","A"
"2","26","2022-01","4.2","R","B"
"3","Total","2022-01","2.9","A","A"
"3","12","2022-01","3.5","A","A"
"3","13","2022-01","2.2","A","A"
"3","19","2022-01","3.1","A","A"
"4","Total","2022-01","2.3","A","A"
"4","1","2022-01","2.3","A","A"
"5","Total","2022-01","2","A","A"
"5","8","2022-01","1.6","A","B"
"5","14","2022-01","2.9","A","B"
"5","15","2022-01","1.5","A","B"
"5","16","2022-01","0.7","A","C"
"5","17","2022-01","2.1","A","A"
"5","18","2022-01","1.4","A","A"
"5","20","2022-01","2.3","A","A"
"6","Total","2022-01","1.5","A","A"
"6","3","2022-01","1.7","A","A"
"6","4","2022-01","1.1","A","C"
"6","5","2022-01","1","A","A"
"6","6","2022-01","0.7","A","C"
"6","7","2022-01","1.1","A","B"
"6","9","2022-01","2","A","B"
"7","Total","2022-01","3.3","A","A"
"7","21","2022-01","3.3","A","A"
"Total","Total","2021-12","2.6","A";"A"
"1","Total","2021-12","3.8","A";"A"
"1","22","2021-12","3.7","A";"A"
"1","23","2021-12","3.5","A";"A"
"1","25","2021-12","4.4","A";"A"
"2","Total","2021-12","2.6","A";"A"
"2","2","2021-12","2.1","R";"A"
"2","10","2021-12","2.8","A";"A"
"2","11","2021-12","2.7","A";"A"
"2","24","2021-12","3.9","A";"A"
"2","26","2021-12","4.5","R";"B"
"3","Total","2021-12","2.9","A";"A"
"3","12","2021-12","3.4","A";"A"
"3","13","2021-12","2.2","A";"A"
"3","19","2021-12","3.1","A";"A"
"4","Total","2021-12","2.3","A";"A"
"4","1","2021-12","2.3","A";"A"
"5","Total","2021-12","2","A";"A"
"5","8","2021-12","1.7","A";"B"
"5","14","2021-12","2.9","A";"B"
"5","15","2021-12","1.5","A";"B"
"5","16","2021-12","0.7","A";"C"
"5","17","2021-12","2.1","A";"A"
"5","18","2021-12","1.4","A";"A"
"5","20","2021-12","2.3","A";"A"
"6","Total","2021-12","1.5","A";"A"
"6","3","2021-12","1.7","A";"A"
"6","4","2021-12","1.1","A";"C"
"6","5","2021-12","1","A";"A"
"6","6","2021-12","0.8","A";"B"
"6","7","2021-12","1.1","A";"B"
"6","9","2021-12","2.1","A";"B"
"7","Total","2021-12","3.2","A";"A"
"7","21","2021-12","3.2","A";"A"
"Total","Total","2021-11","2.5","A";"A"
"1","Total","2021-11","3.6","A";"A"
"1","22","2021-11","3.5","A";"A"
"1","23","2021-11","2.7","A";"A"
"1","25","2021-11","4.4","A";"A"
"2","Total","2021-11","2.5","A";"A"
"2","2","2021-11","2.1","R";"A"
"2","10","2021-11","2.6","A";"A"
"2","11","2021-11","2.5","A";"A"
"2","24","2021-11","3.7","A";"A"
"2","26","2021-11","4.4","R";"B"
"3","Total","2021-11","2.8","A";"A"
"3","12","2021-11","3.3","A";"A"
"3","13","2021-11","2.1","A";"A"
"3","19","2021-11","2.9","A";"A"
"4","Total","2021-11","2.3","A";"A"
"4","1","2021-11","2.3","A";"A"
"5","Total","2021-11","1.9","A";"A"
"5","8","2021-11","1.7","A";"B"
"5","14","2021-11","2.8","A";"B"
"5","15","2021-11","1.5","A";"B"
"5","16","2021-11","0.6","A";"C"
"5","17","2021-11","2","A";"A"
"5","18","2021-11","1.5","A";"A"
"5","20","2021-11","2.1","A";"A"
"6","Total","2021-11","1.4","A";"A"
"6","3","2021-11","1.6","A";"A"
"6","4","2021-11","1","A";"C"
"6","5","2021-11","1","A";"A"
"6","6","2021-11","0.8","A";"B"
"6","7","2021-11","1","A";"B"
"6","9","2021-11","2","A";"B"
"7","Total","2021-11","3.1","A";"A"
"7","21","2021-11","3.1","A";"A"
"Total","Total","2021-10","2.5","A";"A"
"1","Total","2021-10","3.6","A";"A"
"1","22","2021-10","3.6","A";"A"
"1","23","2021-10","2.5","A";"A"
"1","25","2021-10","4.5","A";"A"
"2","Total","2021-10","2.4","A";"A"
"2","2","2021-10","2","R";"A"
"2","10","2021-10","2.6","A";"A"
"2","11","2021-10","2.5","A";"A"
"2","24","2021-10","3.8","A";"A"
"2","26","2021-10","4.4","R";"B"
"3","Total","2021-10","2.8","A";"A"
"3","12","2021-10","3.3","A";"A"
"3","13","2021-10","2.2","A";"A"
"3","19","2021-10","2.9","A";"A"
"4","Total","2021-10","2.4","A";"A"
"4","1","2021-10","2.4","A";"A"
"5","Total","2021-10","1.9","A";"A"
"5","8","2021-10","1.8","A";"B"
"5","14","2021-10","2.9","A";"B"
"5","15","2021-10","1.5","A";"B"
"5","16","2021-10","0.6","A";"C"
"5","17","2021-10","2","A";"A"
"5","18","2021-10","1.3","A";"A"
"5","20","2021-10","2.1","A";"A"
"6","Total","2021-10","1.5","A";"A"
"6","3","2021-10","1.6","A";"A"
"6","4","2021-10","0.8","A";"C"
"6","5","2021-10","1","A";"A"
"6","6","2021-10","0.8","A";"B"
"6","7","2021-10","1","A";"B"
"6","9","2021-10","2.1","A";"B"
"7","Total","2021-10","2.8","A";"A"
"7","21","2021-10","2.8","A";"A"
"Total","Total","2021-09","2.6","A";"A"
"1","Total","2021-09","3.7","A";"A"
"1","22","2021-09","3.7","A";"A"
"1","23","2021-09","2.4","A";"A"
"1","25","2021-09","4.8","A";"A"
"2","Total","2021-09","2.5","A";"A"
"2","2","2021-09","2.1","R";"A"
"2","10","2021-09","2.6","A";"A"
"2","11","2021-09","2.6","A";"A"
"2","24","2021-09","3.9","A";"A"
"2","26","2021-09","4.4","R";"B"
"3","Total","2021-09","3","A";"A"
"3","12","2021-09","3.4","A";"A"
"3","13","2021-09","2.3","A";"A"
"3","19","2021-09","3.1","A";"A"
"4","Total","2021-09","2.5","A";"A"
"4","1","2021-09","2.5","A";"A"
"5","Total","2021-09","1.9","A";"A"
"5","8","2021-09","1.7","A";"B"
"5","14","2021-09","3","A";"B"
"5","15","2021-09","1.6","A";"B"
"5","16","2021-09","0.5","A";"C"
"5","17","2021-09","2.1","A";"A"
"5","18","2021-09","0.9","A";"A"
"5","20","2021-09","2.2","A";"A"
"6","Total","2021-09","1.5","A";"A"
"6","3","2021-09","1.7","A";"A"
"6","4","2021-09","0.8","A";"C"
"6","5","2021-09","1","A";"A"
"6","6","2021-09","0.7","A";"B"
"6","7","2021-09","1","A";"B"
"6","9","2021-09","2.2","A";"B"
"7","Total","2021-09","2.8","A";"A"
"7","21","2021-09","2.8","A";"A"
"Total","Total","2021-08","2.7","A";"A"
"1","Total","2021-08","3.9","A";"A"
"1","22","2021-08","3.9","A";"A"
"1","23","2021-08","2.5","A";"A"
"1","25","2021-08","4.8","A";"A"
"2","Total","2021-08","2.6","A";"A"
"2","2","2021-08","2.2","R";"A"
"2","10","2021-08","2.8","A";"A"
"2","11","2021-08","2.7","A";"A"
"2","24","2021-08","4.1","A";"A"
"2","26","2021-08","4.7","R";"B"
"3","Total","2021-08","3.1","A";"A"
"3","12","2021-08","3.7","A";"A"
"3","13","2021-08","2.4","A";"A"
"3","19","2021-08","3.2","A";"A"
"4","Total","2021-08","2.6","A";"A"
"4","1","2021-08","2.6","A";"A"
"5","Total","2021-08","2","A";"A"
"5","8","2021-08","1.9","A";"B"
"5","14","2021-08","3.1","A";"B"
"5","15","2021-08","1.7","A";"B"
"5","16","2021-08","0.6","A";"C"
"5","17","2021-08","2.2","A";"A"
"5","18","2021-08","0.9","A";"A"
"5","20","2021-08","2.2","A";"A"
"6","Total","2021-08","1.6","A";"A"
"6","3","2021-08","1.8","A";"A"
"6","4","2021-08","0.8","A";"C"
"6","5","2021-08","1.1","A";"A"
"6","6","2021-08","0.8","A";"B"
"6","7","2021-08","1.1","A";"B"
"6","9","2021-08","2.3","A";"B"
"7","Total","2021-08","2.9","A";"A"
"7","21","2021-08","2.9","A";"A"
"Total","Total","2021-07","2.8","A";"A"
"1","Total","2021-07","3.9","A";"A"
"1","22","2021-07","3.9","A";"A"
"1","23","2021-07","2.6","A";"A"
"1","25","2021-07","4.9","A";"A"
"2","Total","2021-07","2.7","A";"A"
"2","2","2021-07","2.2","R";"A"
"2","10","2021-07","2.8","A";"A"
"2","11","2021-07","2.7","A";"A"
"2","24","2021-07","4.2","A";"A"
"2","26","2021-07","4.8","R";"B"
"3","Total","2021-07","3.1","A";"A"
"3","12","2021-07","3.8","A";"A"
"3","13","2021-07","2.4","A";"A"
"3","19","2021-07","3.3","A";"A"
"4","Total","2021-07","2.7","A";"A"
"4","1","2021-07","2.7","A";"A"
"5","Total","2021-07","2","A";"A"
"5","8","2021-07","1.9","A";"B"
"5","14","2021-07","3.1","A";"B"
"5","15","2021-07","1.8","A";"B"
"5","16","2021-07","0.7","A";"C"
"5","17","2021-07","2.3","A";"A"
"5","18","2021-07","1","A";"A"
"5","20","2021-07","2.2","A";"A"
"6","Total","2021-07","1.7","A";"A"
"6","3","2021-07","1.9","A";"A"
"6","4","2021-07","0.8","A";"C"
"6","5","2021-07","1.1","A";"A"
"6","6","2021-07","0.9","A";"B"
"6","7","2021-07","1.1","A";"B"
"6","9","2021-07","2.4","A";"B"
"7","Total","2021-07","2.8","A";"A"
"7","21","2021-07","2.8","A";"A"
"Total","Total","2021-06","2.9","A";"A"
"1","Total","2021-06","3.9","A";"A"
"1","22","2021-06","3.9","A";"A"
"1","23","2021-06","2.8","A";"A"
"1","25","2021-06","4.9","A";"A"
"2","Total","2021-06","2.7","A";"A"
"2","2","2021-06","2.3","R";"A"
"2","10","2021-06","2.8","A";"A"
"2","11","2021-06","2.8","A";"A"
"2","24","2021-06","4.1","A";"A"
"2","26","2021-06","4.8","R";"B"
"3","Total","2021-06","3.3","A";"A"
"3","12","2021-06","3.9","A";"A"
"3","13","2021-06","2.5","A";"A"
"3","19","2021-06","3.4","A";"A"
"4","Total","2021-06","2.8","A";"A"
"4","1","2021-06","2.8","A";"A"
"5","Total","2021-06","2.1","A";"A"
"5","8","2021-06","1.9","A";"B"
"5","14","2021-06","3.1","A";"B"
"5","15","2021-06","2","A";"B"
"5","16","2021-06","0.8","A";"C"
"5","17","2021-06","2.3","A";"A"
"5","18","2021-06","1.2","A";"A"
"5","20","2021-06","2.3","A";"A"
"6","Total","2021-06","1.8","A";"A"
"6","3","2021-06","2","A";"A"
"6","4","2021-06","1","A";"C"
"6","5","2021-06","1.2","A";"A"
"6","6","2021-06","1","A";"B"
"6","7","2021-06","1.2","A";"B"
"6","9","2021-06","2.4","A";"B"
"7","Total","2021-06","2.9","A";"A"
"7","21","2021-06","2.9","A";"A"
"Total","Total","2021-05","3.1","A";"A"
"1","Total","2021-05","4.3","A";"A"
"1","22","2021-05","4.2","A";"A"
"1","23","2021-05","3.3","A";"A"
"1","25","2021-05","5.1","A";"A"
"2","Total","2021-05","2.9","A";"A"
"2","2","2021-05","2.5","R";"A"
"2","10","2021-05","3.1","A";"A"
"2","11","2021-05","3","A";"A"
"2","24","2021-05","4.4","A";"A"
"2","26","2021-05","5","R";"B"
"3","Total","2021-05","3.4","A";"A"
"3","12","2021-05","4","A";"A"
"3","13","2021-05","2.6","A";"A"
"3","19","2021-05","3.6","A";"A"
"4","Total","2021-05","3.1","A";"A"
"4","1","2021-05","3.1","A";"A"
"5","Total","2021-05","2.4","A";"A"
"5","8","2021-05","2.1","A";"B"
"5","14","2021-05","3.3","A";"B"
"5","15","2021-05","2.1","A";"B"
"5","16","2021-05","0.9","A";"C"
"5","17","2021-05","2.5","A";"A"
"5","18","2021-05","2.1","A";"A"
"5","20","2021-05","2.5","A";"A"
"6","Total","2021-05","2","A";"A"
"6","3","2021-05","2.2","A";"A"
"6","4","2021-05","1.3","A";"C"
"6","5","2021-05","1.3","A";"A"
"6","6","2021-05","1.1","A";"B"
"6","7","2021-05","1.4","A";"B"
"6","9","2021-05","2.6","A";"B"
"7","Total","2021-05","3.1","A";"A"
"7","21","2021-05","3.1","A";"A"
"Total","Total","2021-04","3.3","A";"A"
"1","Total","2021-04","4.5","A";"A"
"1","22","2021-04","4.4","A";"A"
"1","23","2021-04","3.7","A";"A"
"1","25","2021-04","5.3","A";"A"
"2","Total","2021-04","3.1","A";"A"
"2","2","2021-04","2.7","R";"A"
"2","10","2021-04","3.3","A";"A"
"2","11","2021-04","3.1","A";"A"
"2","24","2021-04","4.6","A";"A"
"2","26","2021-04","5.2","R";"B"
"3","Total","2021-04","3.6","A";"A"
"3","12","2021-04","4.2","A";"A"
"3","13","2021-04","2.7","A";"A"
"3","19","2021-04","3.7","A";"A"
"4","Total","2021-04","3.2","A";"A"
"4","1","2021-04","3.2","A";"A"
"5","Total","2021-04","2.6","A";"A"
"5","8","2021-04","2.3","A";"B"
"5","14","2021-04","3.6","A";"B"
"5","15","2021-04","2.1","A";"B"
"5","16","2021-04","0.9","A";"C"
"5","17","2021-04","2.7","A";"A"
"5","18","2021-04","2.4","A";"A"
"5","20","2021-04","2.6","A";"A"
"6","Total","2021-04","2.1","A";"A"
"6","3","2021-04","2.4","A";"A"
"6","4","2021-04","1.3","A";"C"
"6","5","2021-04","1.4","A";"A"
"6","6","2021-04","1.3","A";"B"
"6","7","2021-04","1.6","A";"B"
"6","9","2021-04","2.7","A";"B"
"7","Total","2021-04","3.3","A";"A"
"7","21","2021-04","3.3","A";"A"
"Total","Total","2021-03","3.4","A";"A"
"1","Total","2021-03","4.7","A";"A"
"1","22","2021-03","4.6","A";"A"
"1","23","2021-03","3.8","A";"A"
"1","25","2021-03","5.4","A";"A"
"2","Total","2021-03","3.3","A";"A"
"2","2","2021-03","2.8","R";"A"
"2","10","2021-03","3.5","A";"A"
"2","11","2021-03","3.3","A";"A"
"2","24","2021-03","4.9","A";"A"
"2","26","2021-03","5.4","R";"B"
"3","Total","2021-03","3.7","A";"A"
"3","12","2021-03","4.4","A";"A"
"3","13","2021-03","2.8","A";"A"
"3","19","2021-03","3.9","A";"A"
"4","Total","2021-03","3.4","A";"A"
"4","1","2021-03","3.4","A";"A"
"5","Total","2021-03","2.6","A";"A"
"5","8","2021-03","2.4","A";"B"
"5","14","2021-03","3.8","A";"B"
"5","15","2021-03","2.2","A";"B"
"5","16","2021-03","0.9","A";"C"
"5","17","2021-03","2.8","A";"A"
"5","18","2021-03","1.9","A";"A"
"5","20","2021-03","2.8","A";"A"
"6","Total","2021-03","2.2","A";"A"
"6","3","2021-03","2.5","A";"A"
"6","4","2021-03","1.4","A";"C"
"6","5","2021-03","1.5","A";"A"
"6","6","2021-03","1.3","A";"B"
"6","7","2021-03","1.7","A";"B"
"6","9","2021-03","2.8","A";"B"
"7","Total","2021-03","3.7","A";"A"
"7","21","2021-03","3.7","A";"A"
"Total","Total","2021-02","3.7","A";"A"
"1","Total","2021-02","5","A";"A"
"1","22","2021-02","4.9","A";"A"
"1","23","2021-02","4.5","A";"A"
"1","25","2021-02","5.6","A";"A"
"2","Total","2021-02","3.5","A";"A"
"2","2","2021-02","2.9","R";"A"
"2","10","2021-02","3.8","A";"A"
"2","11","2021-02","3.5","A";"A"
"2","24","2021-02","5.3","A";"A"
"2","26","2021-02","5.7","R";"B"
"3","Total","2021-02","3.8","A";"A"
"3","12","2021-02","4.4","A";"A"
"3","13","2021-02","2.9","A";"A"
"3","19","2021-02","4","A";"A"
"4","Total","2021-02","3.6","A";"A"
"4","1","2021-02","3.6","A";"A"
"5","Total","2021-02","2.8","A";"A"
"5","8","2021-02","2.5","A";"B"
"5","14","2021-02","4","A";"B"
"5","15","2021-02","2.3","A";"B"
"5","16","2021-02","1","A";"C"
"5","17","2021-02","2.9","A";"A"
"5","18","2021-02","2","A";"A"
"5","20","2021-02","3","A";"A"
"6","Total","2021-02","2.4","A";"A"
"6","3","2021-02","2.7","A";"A"
"6","4","2021-02","1.7","A";"C"
"6","5","2021-02","1.7","A";"A"
"6","6","2021-02","1.4","A";"B"
"6","7","2021-02","1.9","A";"B"
"6","9","2021-02","2.9","A";"B"
"7","Total","2021-02","4.2","A";"A"
"7","21","2021-02","4.2","A";"A"
"Total","Total","2021-01","3.7","A";"A"
"1","Total","2021-01","5.2","A";"A"
"1","22","2021-01","5","A";"A"
"1","23","2021-01","4.9","A";"A"
"1","25","2021-01","5.6","A";"A"
"2","Total","2021-01","3.5","A";"A"
"2","2","2021-01","3","R";"A"
"2","10","2021-01","3.9","A";"A"
"2","11","2021-01","3.5","A";"A"
"2","24","2021-01","5.4","A";"A"
"2","26","2021-01","5.8","R";"B"
"3","Total","2021-01","3.8","A";"A"
"3","12","2021-01","4.5","A";"A"
"3","13","2021-01","2.9","A";"A"
"3","19","2021-01","4","A";"A"
"4","Total","2021-01","3.6","A";"A"
"4","1","2021-01","3.6","A";"A"
"5","Total","2021-01","2.8","A";"A"
"5","8","2021-01","2.6","A";"B"
"5","14","2021-01","4.3","A";"B"
"5","15","2021-01","2.3","A";"B"
"5","16","2021-01","1","A";"C"
"5","17","2021-01","2.9","A";"A"
"5","18","2021-01","2.1","A";"A"
"5","20","2021-01","3","A";"A"
"6","Total","2021-01","2.4","A";"A"
"6","3","2021-01","2.7","A";"A"
"6","4","2021-01","1.9","A";"C"
"6","5","2021-01","1.7","A";"A"
"6","6","2021-01","1.4","A";"B"
"6","7","2021-01","1.9","A";"B"
"6","9","2021-01","3","A";"B"
"7","Total","2021-01","4.2","A";"A"
"7","21","2021-01","4.2","A";"A"
"Total","Total","2020-12","3.6","A","A"
"1","Total","2020-12","5","A","A"
"1","22","2020-12","4.9","A","A"
"1","23","2020-12","4.7","A","A"
"1","25","2020-12","5.4","A","A"
"2","Total","2020-12","3.4","A","A"
"2","2","2020-12","2.9","R","A"
"2","10","2020-12","3.8","A","A"
"2","11","2020-12","3.3","A","A"
"2","24","2020-12","5.3","A","A"
"2","26","2020-12","5.6","R","B"
"3","Total","2020-12","3.7","A","A"
"3","12","2020-12","4.4","A","A"
"3","13","2020-12","2.8","A","A"
"3","19","2020-12","3.8","A","A"
"4","Total","2020-12","3.5","A","A"
"4","1","2020-12","3.5","A","A"
"5","Total","2020-12","2.7","A","A"
"5","8","2020-12","2.5","A","B"
"5","14","2020-12","4","A","B"
"5","15","2020-12","2.2","A","B"
"5","16","2020-12","0.9","A","C"
"5","17","2020-12","2.9","A","A"
"5","18","2020-12","2","A","A"
"5","20","2020-12","2.8","A","A"
"6","Total","2020-12","2.3","A","A"
"6","3","2020-12","2.6","A","A"
"6","4","2020-12","1.7","A","C"
"6","5","2020-12","1.7","A","A"
"6","6","2020-12","1.4","A","B"
"6","7","2020-12","1.8","A","B"
"6","9","2020-12","2.9","A","B"
"7","Total","2020-12","3.9","A","A"
"7","21","2020-12","3.9","A","A"
"Total","Total","2020-11","3.3","A","A"
"1","Total","2020-11","4.6","A","A"
"1","22","2020-11","4.6","A","A"
"1","23","2020-11","3.8","A","A"
"1","25","2020-11","5.3","A","A"
"2","Total","2020-11","3.2","A","A"
"2","2","2020-11","2.7","R","A"
"2","10","2020-11","3.5","A","A"
"2","11","2020-11","3.1","A","A"
"2","24","2020-11","5","A","A"
"2","26","2020-11","5.4","R","B"
"3","Total","2020-11","3.4","A","A"
"3","12","2020-11","4.1","A","A"
"3","13","2020-11","2.7","A","A"
"3","19","2020-11","3.6","A","A"
"4","Total","2020-11","3.3","A","A"
"4","1","2020-11","3.3","A","A"
"5","Total","2020-11","2.6","A","A"
"5","8","2020-11","2.4","A","B"
"5","14","2020-11","3.8","A","B"
"5","15","2020-11","2.1","A","B"
"5","16","2020-11","0.9","A","C"
"5","17","2020-11","2.6","A","A"
"5","18","2020-11","2.1","A","A"
"5","20","2020-11","2.6","A","A"
"6","Total","2020-11","2.2","A","A"
"6","3","2020-11","2.4","A","A"
"6","4","2020-11","1.5","A","C"
"6","5","2020-11","1.5","A","A"
"6","6","2020-11","1.4","A","B"
"6","7","2020-11","1.7","A","B"
"6","9","2020-11","2.8","A","B"
"7","Total","2020-11","3.7","A","A"
"7","21","2020-11","3.7","A","A"
"Total","Total","2020-10","3.2","A","A"
"1","Total","2020-10","4.5","A","A"
"1","22","2020-10","4.5","A","A"
"1","23","2020-10","3.4","A","A"
"1","25","2020-10","5.2","A","A"
"2","Total","2020-10","3.1","A","A"
"2","2","2020-10","2.6","R","A"
"2","10","2020-10","3.4","A","A"
"2","11","2020-10","3.1","A","A"
"2","24","2020-10","5","A","A"
"2","26","2020-10","5.3","R","B"
"3","Total","2020-10","3.4","A","A"
"3","12","2020-10","4","A","A"
"3","13","2020-10","2.6","A","A"
"3","19","2020-10","3.5","A","A"
"4","Total","2020-10","3.2","A","A"
"4","1","2020-10","3.2","A","A"
"5","Total","2020-10","2.5","A","A"
"5","8","2020-10","2.2","A","B"
"5","14","2020-10","3.7","A","B"
"5","15","2020-10","2.2","A","B"
"5","16","2020-10","0.9","A","C"
"5","17","2020-10","2.6","A","A"
"5","18","2020-10","1.9","A","A"
"5","20","2020-10","2.5","A","A"
"6","Total","2020-10","2.1","A","A"
"6","3","2020-10","2.3","A","A"
"6","4","2020-10","1.4","A","C"
"6","5","2020-10","1.5","A","A"
"6","6","2020-10","1.3","A","B"
"6","7","2020-10","1.5","A","B"
"6","9","2020-10","2.7","A","B"
"7","Total","2020-10","3.5","A","A"
"7","21","2020-10","3.5","A","A"
"Total","Total","2020-09","3.2","A","A"
"1","Total","2020-09","4.5","A","A"
"1","22","2020-09","4.6","A","A"
"1","23","2020-09","3.2","A","A"
"1","25","2020-09","5.2","A","A"
"2","Total","2020-09","3.1","A","A"
"2","2","2020-09","2.6","R","A"
"2","10","2020-09","3.4","A","A"
"2","11","2020-09","3.1","A","A"
"2","24","2020-09","5.1","A","A"
"2","26","2020-09","5.1","R","B"
"3","Total","2020-09","3.4","A","A"
"3","12","2020-09","4","A","A"
"3","13","2020-09","2.6","A","A"
"3","19","2020-09","3.6","A","A"
"4","Total","2020-09","3.2","A","A"
"4","1","2020-09","3.2","A","A"
"5","Total","2020-09","2.4","A","A"
"5","8","2020-09","2.2","A","B"
"5","14","2020-09","3.7","A","B"
"5","15","2020-09","2.2","A","B"
"5","16","2020-09","1","A","C"
"5","17","2020-09","2.6","A","A"
"5","18","2020-09","1.4","A","A"
"5","20","2020-09","2.5","A","A"
"6","Total","2020-09","2.1","A","A"
"6","3","2020-09","2.4","A","A"
"6","4","2020-09","1.3","A","C"
"6","5","2020-09","1.5","A","A"
"6","6","2020-09","1.3","A","B"
"6","7","2020-09","1.5","A","B"
"6","9","2020-09","2.7","A","B"
"7","Total","2020-09","3.5","A","A"
"7","21","2020-09","3.5","A","A"
"Total","Total","2020-08","3.3","A","A"
"1","Total","2020-08","4.6","A","A"
"1","22","2020-08","4.7","A","A"
"1","23","2020-08","3.3","A","A"
"1","25","2020-08","5.2","A","A"
"2","Total","2020-08","3.2","A","A"
"2","2","2020-08","2.6","R","A"
"2","10","2020-08","3.5","A","A"
"2","11","2020-08","3.1","A","A"
"2","24","2020-08","5.2","A","A"
"2","26","2020-08","5.1","R","B"
"3","Total","2020-08","3.5","A","A"
"3","12","2020-08","4.1","A","A"
"3","13","2020-08","2.7","A","A"
"3","19","2020-08","3.6","A","A"
"4","Total","2020-08","3.2","A","A"
"4","1","2020-08","3.2","A","A"
"5","Total","2020-08","2.5","A","A"
"5","8","2020-08","2.3","A","B"
"5","14","2020-08","3.8","A","B"
"5","15","2020-08","2.3","A","B"
"5","16","2020-08","1.1","A","C"
"5","17","2020-08","2.7","A","A"
"5","18","2020-08","1.3","A","A"
"5","20","2020-08","2.6","A","A"
"6","Total","2020-08","2.1","A","A"
"6","3","2020-08","2.4","A","A"
"6","4","2020-08","1.3","A","C"
"6","5","2020-08","1.6","A","A"
"6","6","2020-08","1.4","A","B"
"6","7","2020-08","1.4","A","B"
"6","9","2020-08","2.7","A","B"
"7","Total","2020-08","3.5","A","A"
"7","21","2020-08","3.5","A","A"
"Total","Total","2020-07","3.2","A","A"
"1","Total","2020-07","4.5","A","A"
"1","22","2020-07","4.6","A","A"
"1","23","2020-07","3.5","A","A"
"1","25","2020-07","5.1","A","A"
"2","Total","2020-07","3.1","A","A"
"2","2","2020-07","2.6","R","A"
"2","10","2020-07","3.4","A","A"
"2","11","2020-07","3","A","A"
"2","24","2020-07","5.1","A","A"
"2","26","2020-07","5","R","B"
"3","Total","2020-07","3.4","A","A"
"3","12","2020-07","4.2","A","A"
"3","13","2020-07","2.7","A","A"
"3","19","2020-07","3.5","A","A"
"4","Total","2020-07","3.2","A","A"
"4","1","2020-07","3.2","A","A"
"5","Total","2020-07","2.5","A","A"
"5","8","2020-07","2.2","A","B"
"5","14","2020-07","3.6","A","B"
"5","15","2020-07","2.2","A","B"
"5","16","2020-07","1.1","A","C"
"5","17","2020-07","2.7","A","A"
"5","18","2020-07","1.5","A","A"
"5","20","2020-07","2.6","A","A"
"6","Total","2020-07","2.1","A","A"
"6","3","2020-07","2.4","A","A"
"6","4","2020-07","1.3","A","C"
"6","5","2020-07","1.5","A","A"
"6","6","2020-07","1.2","A","B"
"6","7","2020-07","1.4","A","B"
"6","9","2020-07","2.6","A","B"
"7","Total","2020-07","3.5","A","A"
"7","21","2020-07","3.5","A","A"
"Total","Total","2020-06","3.3","A","A"
"1","Total","2020-06","4.6","A","A"
"1","22","2020-06","4.7","A","A"
"1","23","2020-06","3.8","A","A"
"1","25","2020-06","5","A","A"
"2","Total","2020-06","3","A","A"
"2","2","2020-06","2.6","R","A"
"2","10","2020-06","3.3","A","A"
"2","11","2020-06","2.9","A","A"
"2","24","2020-06","4.8","A","A"
"2","26","2020-06","4.7","R","B"
"3","Total","2020-06","3.4","A","A"
"3","12","2020-06","4.1","A","A"
"3","13","2020-06","2.8","A","A"
"3","19","2020-06","3.5","A","A"
"4","Total","2020-06","3.2","A","A"
"4","1","2020-06","3.2","A","A"
"5","Total","2020-06","2.6","A","A"
"5","8","2020-06","2.3","A","B"
"5","14","2020-06","3.6","A","B"
"5","15","2020-06","2.3","A","B"
"5","16","2020-06","1.2","A","C"
"5","17","2020-06","2.7","A","A"
"5","18","2020-06","2.2","A","A"
"5","20","2020-06","2.6","A","A"
"6","Total","2020-06","2.1","A","A"
"6","3","2020-06","2.4","A","A"
"6","4","2020-06","1.5","A","C"
"6","5","2020-06","1.6","A","A"
"6","6","2020-06","1.3","A","B"
"6","7","2020-06","1.5","A","B"
"6","9","2020-06","2.6","A","B"
"7","Total","2020-06","3.7","A","A"
"7","21","2020-06","3.7","A","A"
"Total","Total","2020-05","3.4","A","A"
"1","Total","2020-05","4.9","A","A"
"1","22","2020-05","4.9","A","A"
"1","23","2020-05","4.5","A","A"
"1","25","2020-05","5.1","A","A"
"2","Total","2020-05","3.1","A","A"
"2","2","2020-05","2.7","R","A"
"2","10","2020-05","3.4","A","A"
"2","11","2020-05","3","A","A"
"2","24","2020-05","4.9","A","A"
"2","26","2020-05","4.5","R","B"
"3","Total","2020-05","3.4","A","A"
"3","12","2020-05","4.1","A","A"
"3","13","2020-05","2.8","A","A"
"3","19","2020-05","3.5","A","A"
"4","Total","2020-05","3.2","A","A"
"4","1","2020-05","3.2","A","A"
"5","Total","2020-05","2.9","A","A"
"5","8","2020-05","2.4","A","B"
"5","14","2020-05","3.7","A","B"
"5","15","2020-05","2.3","A","B"
"5","16","2020-05","1.2","A","C"
"5","17","2020-05","2.8","A","A"
"5","18","2020-05","3.4","A","A"
"5","20","2020-05","2.7","A","A"
"6","Total","2020-05","2.2","A","A"
"6","3","2020-05","2.4","A","A"
"6","4","2020-05","1.8","A","C"
"6","5","2020-05","1.6","A","A"
"6","6","2020-05","1.5","A","B"
"6","7","2020-05","1.7","A","B"
"6","9","2020-05","2.7","A","B"
"7","Total","2020-05","4","A","A"
"7","21","2020-05","4","A","A"
"Total","Total","2020-04","3.3","A","A"
"1","Total","2020-04","4.9","A","A"
"1","22","2020-04","4.9","A","A"
"1","23","2020-04","4.5","A","A"
"1","25","2020-04","5","A","A"
"2","Total","2020-04","3","A","A"
"2","2","2020-04","2.6","R","A"
"2","10","2020-04","3.4","A","A"
"2","11","2020-04","2.9","A","A"
"2","24","2020-04","4.7","A","A"
"2","26","2020-04","4.4","R","B"
"3","Total","2020-04","3.3","A","A"
"3","12","2020-04","3.9","A","A"
"3","13","2020-04","2.7","A","A"
"3","19","2020-04","3.4","A","A"
"4","Total","2020-04","3.1","A","A"
"4","1","2020-04","3.1","A","A"
"5","Total","2020-04","2.8","A","A"
"5","8","2020-04","2.2","A","B"
"5","14","2020-04","3.6","A","B"
"5","15","2020-04","2.3","A","B"
"5","16","2020-04","1.3","A","C"
"5","17","2020-04","2.7","A","A"
"5","18","2020-04","3.5","A","A"
"5","20","2020-04","2.7","A","A"
"6","Total","2020-04","2.1","A","A"
"6","3","2020-04","2.3","A","A"
"6","4","2020-04","1.9","A","C"
"6","5","2020-04","1.6","A","A"
"6","6","2020-04","1.4","A","B"
"6","7","2020-04","1.7","A","B"
"6","9","2020-04","2.5","A","B"
"7","Total","2020-04","4.2","A","A"
"7","21","2020-04","4.2","A","A"
"Total","Total","2020-03","3","A","A"
"1","Total","2020-03","4.3","A","A"
"1","22","2020-03","4.5","A","A"
"1","23","2020-03","3.8","A","A"
"1","25","2020-03","4.5","A","A"
"2","Total","2020-03","2.7","A","A"
"2","2","2020-03","2.2","R","A"
"2","10","2020-03","3.1","A","A"
"2","11","2020-03","2.6","A","A"
"2","24","2020-03","4.3","A","A"
"2","26","2020-03","4.1","R","B"
"3","Total","2020-03","2.9","A","A"
"3","12","2020-03","3.6","A","A"
"3","13","2020-03","2.3","A","A"
"3","19","2020-03","3","A","A"
"4","Total","2020-03","2.8","A","A"
"4","1","2020-03","2.8","A","A"
"5","Total","2020-03","2.4","A","A"
"5","8","2020-03","1.8","A","B"
"5","14","2020-03","3.5","A","B"
"5","15","2020-03","2.1","A","B"
"5","16","2020-03","1.4","A","C"
"5","17","2020-03","2.4","A","A"
"5","18","2020-03","2","A","A"
"5","20","2020-03","2.4","A","A"
"6","Total","2020-03","1.8","A","A"
"6","3","2020-03","2","A","A"
"6","4","2020-03","1.4","A","C"
"6","5","2020-03","1.4","A","A"
"6","6","2020-03","1.1","A","B"
"6","7","2020-03","1.5","A","B"
"6","9","2020-03","2.3","A","B"
"7","Total","2020-03","3.7","A","A"
"7","21","2020-03","3.7","A","A"
"Total","Total","2020-02","2.6","A","A"
"1","Total","2020-02","3.7","A","A"
"1","22","2020-02","3.7","A","A"
"1","23","2020-02","3.2","A","A"
"1","25","2020-02","3.9","A","A"
"2","Total","2020-02","2.4","A","A"
"2","2","2020-02","2","R","A"
"2","10","2020-02","2.8","A","A"
"2","11","2020-02","2.3","A","A"
"2","24","2020-02","4.1","A","A"
"2","26","2020-02","4","R","B"
"3","Total","2020-02","2.6","A","A"
"3","12","2020-02","3.3","A","A"
"3","13","2020-02","2","A","A"
"3","19","2020-02","2.7","A","A"
"4","Total","2020-02","2.3","A","A"
"4","1","2020-02","2.3","A","A"
"5","Total","2020-02","2","A","A"
"5","8","2020-02","1.6","A","B"
"5","14","2020-02","3.2","A","B"
"5","15","2020-02","1.9","A","B"
"5","16","2020-02","1.2","A","C"
"5","17","2020-02","2.1","A","A"
"5","18","2020-02","1.2","A","A"
"5","20","2020-02","2.2","A","A"
"6","Total","2020-02","1.6","A","A"
"6","3","2020-02","1.8","A","A"
"6","4","2020-02","1.3","A","C"
"6","5","2020-02","1.2","A","A"
"6","6","2020-02","0.7","A","B"
"6","7","2020-02","0.9","A","B"
"6","9","2020-02","2","A","B"
"7","Total","2020-02","3.6","A","A"
"7","21","2020-02","3.6","A","A"
"Total","Total","2020-01","2.6","A","A"
"1","Total","2020-01","3.8","A","A"
"1","22","2020-01","3.8","A","A"
"1","23","2020-01","3.7","A","A"
"1","25","2020-01","3.9","A","A"
"2","Total","2020-01","2.5","A","A"
"2","2","2020-01","2","R","A"
"2","10","2020-01","2.9","A","A"
"2","11","2020-01","2.3","A","A"
"2","24","2020-01","4.1","A","A"
"2","26","2020-01","3.9","R","B"
"3","Total","2020-01","2.7","A","A"
"3","12","2020-01","3.3","A","A"
"3","13","2020-01","2.1","A","A"
"3","19","2020-01","2.8","A","A"
"4","Total","2020-01","2.4","A","A"
"4","1","2020-01","2.4","A","A"
"5","Total","2020-01","2.1","A","A"
"5","8","2020-01","1.6","A","B"
"5","14","2020-01","3.3","A","B"
"5","15","2020-01","1.8","A","B"
"5","16","2020-01","1.2","A","C"
"5","17","2020-01","2.1","A","A"
"5","18","2020-01","1.4","A","A"
"5","20","2020-01","2.3","A","A"
"6","Total","2020-01","1.6","A","A"
"6","3","2020-01","1.8","A","A"
"6","4","2020-01","1.3","A","C"
"6","5","2020-01","1.2","A","A"
"6","6","2020-01","0.9","A","B"
"6","7","2020-01","1","A","B"
"6","9","2020-01","2","A","B"
"7","Total","2020-01","3.6","A","A"
"7","21","2020-01","3.6","A","A"
"Total","Total","2019-12","2.5","A","A"
"1","Total","2019-12","3.7","A","A"
"1","22","2019-12","3.6","A","A"
"1","23","2019-12","3.8","A","A"
"1","25","2019-12","3.9","A","A"
"2","Total","2019-12","2.4","A","A"
"2","2","2019-12","1.9","R","A"
"2","10","2019-12","2.8","A","A"
"2","11","2019-12","2.1","A","A"
"2","24","2019-12","3.7","A","A"
"2","26","2019-12","4","R","B"
"3","Total","2019-12","2.6","A","A"
"3","12","2019-12","3.1","A","A"
"3","13","2019-12","2","A","A"
"3","19","2019-12","2.7","A","A"
"4","Total","2019-12","2.3","A","A"
"4","1","2019-12","2.3","A","A"
"5","Total","2019-12","2","A","A"
"5","8","2019-12","1.5","A","B"
"5","14","2019-12","3.1","A","B"
"5","15","2019-12","1.7","A","B"
"5","16","2019-12","1.2","A","C"
"5","17","2019-12","2","A","A"
"5","18","2019-12","1.5","A","A"
"5","20","2019-12","2.1","A","A"
"6","Total","2019-12","1.6","A","A"
"6","3","2019-12","1.7","A","A"
"6","4","2019-12","1.2","A","C"
"6","5","2019-12","1.2","A","A"
"6","6","2019-12","0.8","A","B"
"6","7","2019-12","1","A","B"
"6","9","2019-12","2","A","B"
"7","Total","2019-12","3.3","A","A"
"7","21","2019-12","3.3","A","A"
"Total","Total","2019-11","2.3","A","A"
"1","Total","2019-11","3.3","A","A"
"1","22","2019-11","3.3","A","A"
"1","23","2019-11","2.7","A","A"
"1","25","2019-11","3.7","A","A"
"2","Total","2019-11","2.2","A","A"
"2","2","2019-11","1.8","R","A"
"2","10","2019-11","2.5","A","A"
"2","11","2019-11","1.9","A","A"
"2","24","2019-11","3.5","A","A"
"2","26","2019-11","3.6","R","B"
"3","Total","2019-11","2.4","A","A"
"3","12","2019-11","2.9","A","A"
"3","13","2019-11","1.8","A","A"
"3","19","2019-11","2.4","A","A"
"4","Total","2019-11","2.1","A","A"
"4","1","2019-11","2.1","A","A"
"5","Total","2019-11","1.8","A","A"
"5","8","2019-11","1.3","A","B"
"5","14","2019-11","2.9","A","B"
"5","15","2019-11","1.6","A","B"
"5","16","2019-11","1.1","A","C"
"5","17","2019-11","1.8","A","A"
"5","18","2019-11","1.4","A","A"
"5","20","2019-11","1.9","A","A"
"6","Total","2019-11","1.4","A","A"
"6","3","2019-11","1.6","A","A"
"6","4","2019-11","1.2","A","C"
"6","5","2019-11","1.1","A","A"
"6","6","2019-11","0.8","A","B"
"6","7","2019-11","0.9","A","B"
"6","9","2019-11","1.9","A","B"
"7","Total","2019-11","3","A","A"
"7","21","2019-11","3","A","A"
"Total","Total","2019-10","2.2","A","A"
"1","Total","2019-10","3.2","A","A"
"1","22","2019-10","3.3","A","A"
"1","23","2019-10","2.3","A","A"
"1","25","2019-10","3.8","A","A"
"2","Total","2019-10","2.1","A","A"
"2","2","2019-10","1.7","R","A"
"2","10","2019-10","2.4","A","A"
"2","11","2019-10","1.8","A","A"
"2","24","2019-10","3.3","A","A"
"2","26","2019-10","3.5","R","B"
"3","Total","2019-10","2.3","A","A"
"3","12","2019-10","2.7","A","A"
"3","13","2019-10","1.7","A","A"
"3","19","2019-10","2.4","A","A"
"4","Total","2019-10","2","A","A"
"4","1","2019-10","2","A","A"
"5","Total","2019-10","1.7","A","A"
"5","8","2019-10","1.2","A","B"
"5","14","2019-10","2.6","A","B"
"5","15","2019-10","1.6","A","B"
"5","16","2019-10","0.9","A","C"
"5","17","2019-10","1.7","A","A"
"5","18","2019-10","1.3","A","A"
"5","20","2019-10","1.8","A","A"
"6","Total","2019-10","1.4","A","A"
"6","3","2019-10","1.5","A","A"
"6","4","2019-10","1","A","C"
"6","5","2019-10","1","A","A"
"6","6","2019-10","0.6","A","B"
"6","7","2019-10","0.8","A","B"
"6","9","2019-10","1.8","A","B"
"7","Total","2019-10","2.6","A","A"
"7","21","2019-10","2.6","A","A"
"Total","Total","2019-09","2.1","A","A"
"1","Total","2019-09","3.2","A","A"
"1","22","2019-09","3.3","A","A"
"1","23","2019-09","2.1","A","A"
"1","25","2019-09","3.8","A","A"
"2","Total","2019-09","2","A","A"
"2","2","2019-09","1.6","R","A"
"2","10","2019-09","2.3","A","A"
"2","11","2019-09","1.8","A","A"
"2","24","2019-09","3.3","A","A"
"2","26","2019-09","3.3","R","B"
"3","Total","2019-09","2.2","A","A"
"3","12","2019-09","2.7","A","A"
"3","13","2019-09","1.7","A","A"
"3","19","2019-09","2.4","A","A"
"4","Total","2019-09","2","A","A"
"4","1","2019-09","2","A","A"
"5","Total","2019-09","1.6","A","A"
"5","8","2019-09","1.3","A","B"
"5","14","2019-09","2.6","A","B"
"5","15","2019-09","1.5","A","B"
"5","16","2019-09","1","A","C"
"5","17","2019-09","1.7","A","A"
"5","18","2019-09","0.8","A","A"
"5","20","2019-09","1.8","A","A"
"6","Total","2019-09","1.3","A","A"
"6","3","2019-09","1.5","A","A"
"6","4","2019-09","0.9","A","C"
"6","5","2019-09","1","A","A"
"6","6","2019-09","0.6","A","B"
"6","7","2019-09","0.7","A","B"
"6","9","2019-09","1.8","A","B"
"7","Total","2019-09","2.5","A","A"
"7","21","2019-09","2.5","A","A"
"Total","Total","2019-08","2.1","A","A"
"1","Total","2019-08","3.2","A","A"
"1","22","2019-08","3.3","A","A"
"1","23","2019-08","2.2","A","A"
"1","25","2019-08","3.8","A","A"
"2","Total","2019-08","2","A","A"
"2","2","2019-08","1.6","R","A"
"2","10","2019-08","2.3","A","A"
"2","11","2019-08","1.7","A","A"
"2","24","2019-08","3.2","A","A"
"2","26","2019-08","3.4","R","B"
"3","Total","2019-08","2.3","A","A"
"3","12","2019-08","2.8","A","A"
"3","13","2019-08","1.8","A","A"
"3","19","2019-08","2.3","A","A"
"4","Total","2019-08","2","A","A"
"4","1","2019-08","2","A","A"
"5","Total","2019-08","1.6","A","A"
"5","8","2019-08","1.2","A","B"
"5","14","2019-08","2.6","A","B"
"5","15","2019-08","1.5","A","B"
"5","16","2019-08","1.1","A","C"
"5","17","2019-08","1.7","A","A"
"5","18","2019-08","0.7","A","A"
"5","20","2019-08","1.8","A","A"
"6","Total","2019-08","1.4","A","A"
"6","3","2019-08","1.5","A","A"
"6","4","2019-08","0.9","A","C"
"6","5","2019-08","1","A","A"
"6","6","2019-08","0.6","A","B"
"6","7","2019-08","0.7","A","B"
"6","9","2019-08","1.9","A","B"
"7","Total","2019-08","2.5","A","A"
"7","21","2019-08","2.5","A","A"
"Total","Total","2019-07","2.1","A","A"
"1","Total","2019-07","3.1","A","A"
"1","22","2019-07","3.2","A","A"
"1","23","2019-07","2.1","A","A"
"1","25","2019-07","3.8","A","A"
"2","Total","2019-07","1.9","A","A"
"2","2","2019-07","1.6","R","A"
"2","10","2019-07","2.2","A","A"
"2","11","2019-07","1.7","A","A"
"2","24","2019-07","3.1","A","A"
"2","26","2019-07","3.2","R","B"
"3","Total","2019-07","2.2","A","A"
"3","12","2019-07","2.8","A","A"
"3","13","2019-07","1.7","A","A"
"3","19","2019-07","2.3","A","A"
"4","Total","2019-07","2","A","A"
"4","1","2019-07","2","A","A"
"5","Total","2019-07","1.6","A","A"
"5","8","2019-07","1.2","A","B"
"5","14","2019-07","2.6","A","B"
"5","15","2019-07","1.5","A","B"
"5","16","2019-07","0.9","A","C"
"5","17","2019-07","1.7","A","A"
"5","18","2019-07","0.7","A","A"
"5","20","2019-07","1.7","A","A"
"6","Total","2019-07","1.3","A","A"
"6","3","2019-07","1.4","A","A"
"6","4","2019-07","0.9","A","C"
"6","5","2019-07","1","A","A"
"6","6","2019-07","0.6","A","B"
"6","7","2019-07","0.7","A","B"
"6","9","2019-07","1.9","A","B"
"7","Total","2019-07","2.4","A","A"
"7","21","2019-07","2.4","A","A"
"Total","Total","2019-06","2.1","A","A"
"1","Total","2019-06","3.1","A","A"
"1","22","2019-06","3.1","A","A"
"1","23","2019-06","2.1","A","A"
"1","25","2019-06","3.8","A","A"
"2","Total","2019-06","1.9","A","A"
"2","2","2019-06","1.6","R","A"
"2","10","2019-06","2.2","A","A"
"2","11","2019-06","1.7","A","A"
"2","24","2019-06","3.1","A","A"
"2","26","2019-06","3.1","R","B"
"3","Total","2019-06","2.3","A","A"
"3","12","2019-06","2.8","A","A"
"3","13","2019-06","1.8","A","A"
"3","19","2019-06","2.3","A","A"
"4","Total","2019-06","2","A","A"
"4","1","2019-06","2","A","A"
"5","Total","2019-06","1.6","A","A"
"5","8","2019-06","1.3","A","B"
"5","14","2019-06","2.7","A","B"
"5","15","2019-06","1.5","A","B"
"5","16","2019-06","1","A","C"
"5","17","2019-06","1.7","A","A"
"5","18","2019-06","0.8","A","A"
"5","20","2019-06","1.7","A","A"
"6","Total","2019-06","1.4","A","A"
"6","3","2019-06","1.5","A","A"
"6","4","2019-06","0.9","A","C"
"6","5","2019-06","1","A","A"
"6","6","2019-06","0.7","A","B"
"6","7","2019-06","0.7","A","B"
"6","9","2019-06","1.8","A","B"
"7","Total","2019-06","2.4","A","A"
"7","21","2019-06","2.4","A","A"
"Total","Total","2019-05","2.2","A","A"
"1","Total","2019-05","3.2","A","A"
"1","22","2019-05","3.1","A","A"
"1","23","2019-05","2.4","A","A"
"1","25","2019-05","3.9","A","A"
"2","Total","2019-05","2","A","A"
"2","2","2019-05","1.7","R","A"
"2","10","2019-05","2.2","A","A"
"2","11","2019-05","1.7","A","A"
"2","24","2019-05","3.3","A","A"
"2","26","2019-05","3.1","R","B"
"3","Total","2019-05","2.4","A","A"
"3","12","2019-05","2.9","A","A"
"3","13","2019-05","1.8","A","A"
"3","19","2019-05","2.4","A","A"
"4","Total","2019-05","2","A","A"
"4","1","2019-05","2","A","A"
"5","Total","2019-05","1.7","A","A"
"5","8","2019-05","1.4","A","B"
"5","14","2019-05","2.7","A","B"
"5","15","2019-05","1.5","A","B"
"5","16","2019-05","1.1","A","C"
"5","17","2019-05","1.8","A","A"
"5","18","2019-05","1.3","A","A"
"5","20","2019-05","1.8","A","A"
"6","Total","2019-05","1.4","A","A"
"6","3","2019-05","1.6","A","A"
"6","4","2019-05","1","A","C"
"6","5","2019-05","1.1","A","A"
"6","6","2019-05","0.7","A","B"
"6","7","2019-05","0.8","A","B"
"6","9","2019-05","1.9","A","B"
"7","Total","2019-05","2.5","A","A"
"7","21","2019-05","2.5","A","A"
"Total","Total","2019-04","2.3","A","A"
"1","Total","2019-04","3.5","A","A"
"1","22","2019-04","3.4","A","A"
"1","23","2019-04","2.7","A","A"
"1","25","2019-04","4.1","A","A"
"2","Total","2019-04","2.1","A","A"
"2","2","2019-04","1.8","R","A"
"2","10","2019-04","2.4","A","A"
"2","11","2019-04","1.8","A","A"
"2","24","2019-04","3.5","A","A"
"2","26","2019-04","3.2","R","B"
"3","Total","2019-04","2.4","A","A"
"3","12","2019-04","3.1","A","A"
"3","13","2019-04","1.9","A","A"
"3","19","2019-04","2.4","A","A"
"4","Total","2019-04","2.1","A","A"
"4","1","2019-04","2.1","A","A"
"5","Total","2019-04","1.8","A","A"
"5","8","2019-04","1.4","A","B"
"5","14","2019-04","2.9","A","B"
"5","15","2019-04","1.6","A","B"
"5","16","2019-04","1.1","A","C"
"5","17","2019-04","1.9","A","A"
"5","18","2019-04","1.5","A","A"
"5","20","2019-04","1.8","A","A"
"6","Total","2019-04","1.5","A","A"
"6","3","2019-04","1.7","A","A"
"6","4","2019-04","1.1","A","C"
"6","5","2019-04","1.1","A","A"
"6","6","2019-04","0.7","A","B"
"6","7","2019-04","0.7","A","B"
"6","9","2019-04","1.9","A","B"
"7","Total","2019-04","2.7","A","A"
"7","21","2019-04","2.7","A","A"
"Total","Total","2019-03","2.4","A","A"
"1","Total","2019-03","3.6","A","A"
"1","22","2019-03","3.5","A","A"
"1","23","2019-03","2.9","A","A"
"1","25","2019-03","4.2","A","A"
"2","Total","2019-03","2.2","A","A"
"2","2","2019-03","1.9","R","A"
"2","10","2019-03","2.6","A","A"
"2","11","2019-03","2","A","A"
"2","24","2019-03","3.8","A","A"
"2","26","2019-03","3.3","R","B"
"3","Total","2019-03","2.5","A","A"
"3","12","2019-03","3.2","A","A"
"3","13","2019-03","2","A","A"
"3","19","2019-03","2.5","A","A"
"4","Total","2019-03","2.2","A","A"
"4","1","2019-03","2.2","A","A"
"5","Total","2019-03","1.8","A","A"
"5","8","2019-03","1.5","A","B"
"5","14","2019-03","3","A","B"
"5","15","2019-03","1.6","A","B"
"5","16","2019-03","1.2","A","C"
"5","17","2019-03","1.9","A","A"
"5","18","2019-03","1","A","A"
"5","20","2019-03","1.9","A","A"
"6","Total","2019-03","1.6","A","A"
"6","3","2019-03","1.8","A","A"
"6","4","2019-03","1.2","A","C"
"6","5","2019-03","1.2","A","A"
"6","6","2019-03","0.8","A","B"
"6","7","2019-03","0.9","A","B"
"6","9","2019-03","2.1","A","B"
"7","Total","2019-03","2.9","A","A"
"7","21","2019-03","2.9","A","A"
"Total","Total","2019-02","2.6","A","A"
"1","Total","2019-02","3.8","A","A"
"1","22","2019-02","3.8","A","A"
"1","23","2019-02","3.4","A","A"
"1","25","2019-02","4.2","A","A"
"2","Total","2019-02","2.4","A","A"
"2","2","2019-02","2","R","A"
"2","10","2019-02","2.8","A","A"
"2","11","2019-02","2.1","A","A"
"2","24","2019-02","4.1","A","A"
"2","26","2019-02","3.6","R","B"
"3","Total","2019-02","2.6","A","A"
"3","12","2019-02","3.3","A","A"
"3","13","2019-02","2","A","A"
"3","19","2019-02","2.7","A","A"
"4","Total","2019-02","2.4","A","A"
"4","1","2019-02","2.4","A","A"
"5","Total","2019-02","2","A","A"
"5","8","2019-02","1.5","A","B"
"5","14","2019-02","3.4","A","B"
"5","15","2019-02","1.6","A","B"
"5","16","2019-02","1.2","A","C"
"5","17","2019-02","2","A","A"
"5","18","2019-02","1.3","A","A"
"5","20","2019-02","2.2","A","A"
"6","Total","2019-02","1.7","A","A"
"6","3","2019-02","1.8","A","A"
"6","4","2019-02","1.3","A","C"
"6","5","2019-02","1.3","A","A"
"6","6","2019-02","0.8","A","B"
"6","7","2019-02","0.9","A","B"
"6","9","2019-02","2.2","A","B"
"7","Total","2019-02","3.3","A","A"
"7","21","2019-02","3.3","A","A"
"Total","Total","2019-01","2.7","A","A"
"1","Total","2019-01","4","A","A"
"1","22","2019-01","3.9","A","A"
"1","23","2019-01","4","A","A"
"1","25","2019-01","4.3","A","A"
"2","Total","2019-01","2.5","A","A"
"2","2","2019-01","2.1","R","A"
"2","10","2019-01","2.9","A","A"
"2","11","2019-01","2.1","A","A"
"2","24","2019-01","4.2","A","A"
"2","26","2019-01","3.7","R","B"
"3","Total","2019-01","2.7","A","A"
"3","12","2019-01","3.4","A","A"
"3","13","2019-01","2.1","A","A"
"3","19","2019-01","2.7","A","A"
"4","Total","2019-01","2.4","A","A"
"4","1","2019-01","2.4","A","A"
"5","Total","2019-01","2.1","A","A"
"5","8","2019-01","1.7","A","B"
"5","14","2019-01","3.5","A","B"
"5","15","2019-01","1.7","A","B"
"5","16","2019-01","1.2","A","C"
"5","17","2019-01","2.1","A","A"
"5","18","2019-01","1.5","A","A"
"5","20","2019-01","2.2","A","A"
"6","Total","2019-01","1.7","A","A"
"6","3","2019-01","1.9","A","A"
"6","4","2019-01","1.3","A","C"
"6","5","2019-01","1.3","A","A"
"6","6","2019-01","0.9","A","B"
"6","7","2019-01","1.1","A","B"
"6","9","2019-01","2.2","A","B"
"7","Total","2019-01","3.4","A","A"
"7","21","2019-01","3.4","A","A"
"Total","Total","2018-12","2.6","A","A"
"1","Total","2018-12","3.9","A","A"
"1","22","2018-12","3.8","A","A"
"1","23","2018-12","3.9","A","A"
"1","25","2018-12","4.1","A","A"
"2","Total","2018-12","2.4","A","A"
"2","2","2018-12","2","R","A"
"2","10","2018-12","2.8","A","A"
"2","11","2018-12","2.1","A","A"
"2","24","2018-12","4.1","A","A"
"2","26","2018-12","3.6","R","B"
"3","Total","2018-12","2.6","A","A"
"3","12","2018-12","3.3","A","A"
"3","13","2018-12","2","A","A"
"3","19","2018-12","2.6","A","A"
"4","Total","2018-12","2.4","A","A"
"4","1","2018-12","2.4","A","A"
"5","Total","2018-12","2","A","A"
"5","8","2018-12","1.7","A","B"
"5","14","2018-12","3.4","A","B"
"5","15","2018-12","1.7","A","B"
"5","16","2018-12","1","A","C"
"5","17","2018-12","2","A","A"
"5","18","2018-12","1.5","A","A"
"5","20","2018-12","2.1","A","A"
"6","Total","2018-12","1.6","A","A"
"6","3","2018-12","1.7","A","A"
"6","4","2018-12","1.1","A","C"
"6","5","2018-12","1.3","A","A"
"6","6","2018-12","0.7","A","B"
"6","7","2018-12","1.1","A","B"
"6","9","2018-12","2.2","A","B"
"7","Total","2018-12","3.2","A","A"
"7","21","2018-12","3.2","A","A"
"Total","Total","2018-11","2.4","A","A"
"1","Total","2018-11","3.4","A","A"
"1","22","2018-11","3.4","A","A"
"1","23","2018-11","2.7","A","A"
"1","25","2018-11","4.1","A","A"
"2","Total","2018-11","2.2","A","A"
"2","2","2018-11","1.8","R","A"
"2","10","2018-11","2.5","A","A"
"2","11","2018-11","1.9","A","A"
"2","24","2018-11","3.9","A","A"
"2","26","2018-11","3.4","R","B"
"3","Total","2018-11","2.4","A","A"
"3","12","2018-11","3.1","A","A"
"3","13","2018-11","1.9","A","A"
"3","19","2018-11","2.4","A","A"
"4","Total","2018-11","2.3","A","A"
"4","1","2018-11","2.3","A","A"
"5","Total","2018-11","1.9","A","A"
"5","8","2018-11","1.5","A","B"
"5","14","2018-11","3.1","A","B"
"5","15","2018-11","1.6","A","B"
"5","16","2018-11","0.8","A","C"
"5","17","2018-11","1.9","A","A"
"5","18","2018-11","1.5","A","A"
"5","20","2018-11","1.9","A","A"
"6","Total","2018-11","1.5","A","A"
"6","3","2018-11","1.6","A","A"
"6","4","2018-11","0.9","A","C"
"6","5","2018-11","1.3","A","A"
"6","6","2018-11","0.8","A","B"
"6","7","2018-11","1","A","B"
"6","9","2018-11","2","A","B"
"7","Total","2018-11","3","A","A"
"7","21","2018-11","3","A","A"
"Total","Total","2018-10","2.3","A","A"
"1","Total","2018-10","3.4","A","A"
"1","22","2018-10","3.4","A","A"
"1","23","2018-10","2.5","A","A"
"1","25","2018-10","4.1","A","A"
"2","Total","2018-10","2.1","A","A"
"2","2","2018-10","1.7","R","A"
"2","10","2018-10","2.4","A","A"
"2","11","2018-10","1.9","A","A"
"2","24","2018-10","4","A","A"
"2","26","2018-10","3.3","R","B"
"3","Total","2018-10","2.4","A","A"
"3","12","2018-10","3","A","A"
"3","13","2018-10","1.9","A","A"
"3","19","2018-10","2.4","A","A"
"4","Total","2018-10","2.2","A","A"
"4","1","2018-10","2.2","A","A"
"5","Total","2018-10","1.8","A","A"
"5","8","2018-10","1.5","A","B"
"5","14","2018-10","3.1","A","B"
"5","15","2018-10","1.5","A","B"
"5","16","2018-10","0.6","A","C"
"5","17","2018-10","1.9","A","A"
"5","18","2018-10","1.4","A","A"
"5","20","2018-10","1.9","A","A"
"6","Total","2018-10","1.4","A","A"
"6","3","2018-10","1.5","A","A"
"6","4","2018-10","0.7","A","C"
"6","5","2018-10","1.2","A","A"
"6","6","2018-10","0.7","A","B"
"6","7","2018-10","1","A","B"
"6","9","2018-10","2.1","A","B"
"7","Total","2018-10","2.8","A","A"
"7","21","2018-10","2.8","A","A"
"Total","Total","2018-09","2.3","A","A"
"1","Total","2018-09","3.4","A","A"
"1","22","2018-09","3.4","A","A"
"1","23","2018-09","2.3","A","A"
"1","25","2018-09","4.1","A","A"
"2","Total","2018-09","2.1","A","A"
"2","2","2018-09","1.7","R","A"
"2","10","2018-09","2.4","A","A"
"2","11","2018-09","2","A","A"
"2","24","2018-09","4.1","A","A"
"2","26","2018-09","3.3","R","B"
"3","Total","2018-09","2.4","A","A"
"3","12","2018-09","3","A","A"
"3","13","2018-09","2","A","A"
"3","19","2018-09","2.4","A","A"
"4","Total","2018-09","2.2","A","A"
"4","1","2018-09","2.2","A","A"
"5","Total","2018-09","1.7","A","A"
"5","8","2018-09","1.6","A","B"
"5","14","2018-09","3.1","A","B"
"5","15","2018-09","1.5","A","B"
"5","16","2018-09","0.7","A","C"
"5","17","2018-09","1.9","A","A"
"5","18","2018-09","0.9","A","A"
"5","20","2018-09","1.8","A","A"
"6","Total","2018-09","1.5","A","A"
"6","3","2018-09","1.6","A","A"
"6","4","2018-09","0.6","A","C"
"6","5","2018-09","1.2","A","A"
"6","6","2018-09","0.6","A","B"
"6","7","2018-09","1","A","B"
"6","9","2018-09","2.1","A","B"
"7","Total","2018-09","2.6","A","A"
"7","21","2018-09","2.6","A","A"
"Total","Total","2018-08","2.3","A","A"
"1","Total","2018-08","3.4","A","A"
"1","22","2018-08","3.4","A","A"
"1","23","2018-08","2.4","A","A"
"1","25","2018-08","4.1","A","A"
"2","Total","2018-08","2.2","A","A"
"2","2","2018-08","1.7","R","A"
"2","10","2018-08","2.5","A","A"
"2","11","2018-08","2","A","A"
"2","24","2018-08","4.2","A","A"
"2","26","2018-08","3.6","R","B"
"3","Total","2018-08","2.4","A","A"
"3","12","2018-08","3.1","A","A"
"3","13","2018-08","2","A","A"
"3","19","2018-08","2.4","A","A"
"4","Total","2018-08","2.3","A","A"
"4","1","2018-08","2.3","A","A"
"5","Total","2018-08","1.7","A","A"
"5","8","2018-08","1.7","A","B"
"5","14","2018-08","3.1","A","B"
"5","15","2018-08","1.4","A","B"
"5","16","2018-08","0.8","A","C"
"5","17","2018-08","1.9","A","A"
"5","18","2018-08","0.8","A","A"
"5","20","2018-08","1.9","A","A"
"6","Total","2018-08","1.5","A","A"
"6","3","2018-08","1.6","A","A"
"6","4","2018-08","0.5","A","C"
"6","5","2018-08","1.2","A","A"
"6","6","2018-08","0.6","A","B"
"6","7","2018-08","1","A","B"
"6","9","2018-08","2.1","A","B"
"7","Total","2018-08","2.6","A","A"
"7","21","2018-08","2.6","A","A"
"Total","Total","2018-07","2.3","A","A"
"1","Total","2018-07","3.3","A","A"
"1","22","2018-07","3.3","A","A"
"1","23","2018-07","2.4","A","A"
"1","25","2018-07","4.1","A","A"
"2","Total","2018-07","2.1","A","A"
"2","2","2018-07","1.7","R","A"
"2","10","2018-07","2.3","A","A"
"2","11","2018-07","2","A","A"
"2","24","2018-07","4.3","A","A"
"2","26","2018-07","3.5","R","B"
"3","Total","2018-07","2.4","A","A"
"3","12","2018-07","3.1","A","A"
"3","13","2018-07","2","A","A"
"3","19","2018-07","2.3","A","A"
"4","Total","2018-07","2.3","A","A"
"4","1","2018-07","2.3","A","A"
"5","Total","2018-07","1.7","A","A"
"5","8","2018-07","1.7","A","B"
"5","14","2018-07","3","A","B"
"5","15","2018-07","1.4","A","B"
"5","16","2018-07","0.9","A","C"
"5","17","2018-07","1.9","A","A"
"5","18","2018-07","0.8","A","A"
"5","20","2018-07","1.8","A","A"
"6","Total","2018-07","1.4","A","A"
"6","3","2018-07","1.5","A","A"
"6","4","2018-07","0.5","A","C"
"6","5","2018-07","1.2","A","A"
"6","6","2018-07","0.6","A","B"
"6","7","2018-07","0.8","A","B"
"6","9","2018-07","2","A","B"
"7","Total","2018-07","2.4","A","A"
"7","21","2018-07","2.4","A","A"
"Total","Total","2018-06","2.3","A","A"
"1","Total","2018-06","3.3","A","A"
"1","22","2018-06","3.2","A","A"
"1","23","2018-06","2.4","A","A"
"1","25","2018-06","4.1","A","A"
"2","Total","2018-06","2.1","A","A"
"2","2","2018-06","1.6","R","A"
"2","10","2018-06","2.3","A","A"
"2","11","2018-06","2.1","A","A"
"2","24","2018-06","4.4","A","A"
"2","26","2018-06","3.4","R","B"
"3","Total","2018-06","2.4","A","A"
"3","12","2018-06","3.1","A","A"
"3","13","2018-06","2.1","A","A"
"3","19","2018-06","2.3","A","A"
"4","Total","2018-06","2.3","A","A"
"4","1","2018-06","2.3","A","A"
"5","Total","2018-06","1.7","A","A"
"5","8","2018-06","1.7","A","B"
"5","14","2018-06","2.9","A","B"
"5","15","2018-06","1.4","A","B"
"5","16","2018-06","1","A","C"
"5","17","2018-06","1.9","A","A"
"5","18","2018-06","1","A","A"
"5","20","2018-06","1.8","A","A"
"6","Total","2018-06","1.4","A","A"
"6","3","2018-06","1.6","A","A"
"6","4","2018-06","0.5","A","C"
"6","5","2018-06","1.2","A","A"
"6","6","2018-06","0.6","A","B"
"6","7","2018-06","0.8","A","B"
"6","9","2018-06","2","A","B"
"7","Total","2018-06","2.4","A","A"
"7","21","2018-06","2.4","A","A"
"Total","Total","2018-05","2.4","A","A"
"1","Total","2018-05","3.4","A","A"
"1","22","2018-05","3.3","A","A"
"1","23","2018-05","2.6","A","A"
"1","25","2018-05","4.1","A","A"
"2","Total","2018-05","2.2","A","A"
"2","2","2018-05","1.7","R","A"
"2","10","2018-05","2.3","A","A"
"2","11","2018-05","2.2","A","A"
"2","24","2018-05","4.5","A","A"
"2","26","2018-05","3.5","R","B"
"3","Total","2018-05","2.5","A","A"
"3","12","2018-05","3.2","A","A"
"3","13","2018-05","2.1","A","A"
"3","19","2018-05","2.4","A","A"
"4","Total","2018-05","2.4","A","A"
"4","1","2018-05","2.4","A","A"
"5","Total","2018-05","1.8","A","A"
"5","8","2018-05","1.5","A","B"
"5","14","2018-05","2.9","A","B"
"5","15","2018-05","1.3","A","B"
"5","16","2018-05","1","A","C"
"5","17","2018-05","1.8","A","A"
"5","18","2018-05","1.5","A","A"
"5","20","2018-05","1.8","A","A"
"6","Total","2018-05","1.5","A","A"
"6","3","2018-05","1.7","A","A"
"6","4","2018-05","0.6","A","C"
"6","5","2018-05","1.2","A","A"
"6","6","2018-05","0.6","A","B"
"6","7","2018-05","0.8","A","B"
"6","9","2018-05","2","A","B"
"7","Total","2018-05","2.5","A","A"
"7","21","2018-05","2.5","A","A"
"Total","Total","2018-04","2.6","A","A"
"1","Total","2018-04","3.7","A","A"
"1","22","2018-04","3.6","A","A"
"1","23","2018-04","3.1","A","A"
"1","25","2018-04","4.3","A","A"
"2","Total","2018-04","2.4","A","A"
"2","2","2018-04","1.9","R","A"
"2","10","2018-04","2.6","A","A"
"2","11","2018-04","2.4","A","A"
"2","24","2018-04","4.9","A","A"
"2","26","2018-04","3.7","R","B"
"3","Total","2018-04","2.7","A","A"
"3","12","2018-04","3.3","A","A"
"3","13","2018-04","2.4","A","A"
"3","19","2018-04","2.6","A","A"
"4","Total","2018-04","2.6","A","A"
"4","1","2018-04","2.6","A","A"
"5","Total","2018-04","2","A","A"
"5","8","2018-04","1.6","A","B"
"5","14","2018-04","3.1","A","B"
"5","15","2018-04","1.5","A","B"
"5","16","2018-04","1.1","A","C"
"5","17","2018-04","1.9","A","A"
"5","18","2018-04","1.9","A","A"
"5","20","2018-04","2","A","A"
"6","Total","2018-04","1.6","A","A"
"6","3","2018-04","1.8","A","A"
"6","4","2018-04","0.8","A","C"
"6","5","2018-04","1.3","A","A"
"6","6","2018-04","0.7","A","B"
"6","7","2018-04","0.8","A","B"
"6","9","2018-04","2.1","A","B"
"7","Total","2018-04","2.7","A","A"
"7","21","2018-04","2.7","A","A"
"Total","Total","2018-03","2.8","A","A"
"1","Total","2018-03","4","A","A"
"1","22","2018-03","3.9","A","A"
"1","23","2018-03","3.4","A","A"
"1","25","2018-03","4.6","A","A"
"2","Total","2018-03","2.7","A","A"
"2","2","2018-03","2.1","R","A"
"2","10","2018-03","2.8","A","A"
"2","11","2018-03","2.7","A","A"
"2","24","2018-03","5.2","A","A"
"2","26","2018-03","4.1","R","B"
"3","Total","2018-03","2.9","A","A"
"3","12","2018-03","3.5","A","A"
"3","13","2018-03","2.6","A","A"
"3","19","2018-03","2.8","A","A"
"4","Total","2018-03","2.9","A","A"
"4","1","2018-03","2.9","A","A"
"5","Total","2018-03","2","A","A"
"5","8","2018-03","1.8","A","B"
"5","14","2018-03","3.4","A","B"
"5","15","2018-03","1.4","A","B"
"5","16","2018-03","1.3","A","C"
"5","17","2018-03","2","A","A"
"5","18","2018-03","1.4","A","A"
"5","20","2018-03","2.2","A","A"
"6","Total","2018-03","1.7","A","A"
"6","3","2018-03","1.9","A","A"
"6","4","2018-03","1","A","C"
"6","5","2018-03","1.5","A","A"
"6","6","2018-03","0.7","A","B"
"6","7","2018-03","1","A","B"
"6","9","2018-03","2.2","A","B"
"7","Total","2018-03","3.1","A","A"
"7","21","2018-03","3.1","A","A"
"Total","Total","2018-02","3.1","A","A"
"1","Total","2018-02","4.5","A","A"
"1","22","2018-02","4.4","A","A"
"1","23","2018-02","4","A","A"
"1","25","2018-02","4.9","A","A"
"2","Total","2018-02","2.8","A","A"
"2","2","2018-02","2.3","R","A"
"2","10","2018-02","2.9","A","A"
"2","11","2018-02","2.7","A","A"
"2","24","2018-02","5.5","A","A"
"2","26","2018-02","4.4","R","B"
"3","Total","2018-02","3.2","A","A"
"3","12","2018-02","3.5","A","A"
"3","13","2018-02","2.9","A","A"
"3","19","2018-02","3.1","A","A"
"4","Total","2018-02","3.3","A","A"
"4","1","2018-02","3.3","A","A"
"5","Total","2018-02","2.2","A","A"
"5","8","2018-02","1.8","A","B"
"5","14","2018-02","3.4","A","B"
"5","15","2018-02","1.6","A","B"
"5","16","2018-02","1.3","A","C"
"5","17","2018-02","2.3","A","A"
"5","18","2018-02","1.5","A","A"
"5","20","2018-02","2.4","A","A"
"6","Total","2018-02","1.8","A","A"
"6","3","2018-02","2","A","A"
"6","4","2018-02","1","A","C"
"6","5","2018-02","1.7","A","A"
"6","6","2018-02","0.8","A","B"
"6","7","2018-02","1.3","A","B"
"6","9","2018-02","2.2","A","B"
"7","Total","2018-02","3.6","A","A"
"7","21","2018-02","3.6","A","A"
"Total","Total","2018-01","3.2","A","A"
"1","Total","2018-01","4.7","A","A"
"1","22","2018-01","4.5","A","A"
"1","23","2018-01","4.6","A","A"
"1","25","2018-01","5.1","A","A"
"2","Total","2018-01","3","A","A"
"2","2","2018-01","2.4","R","A"
"2","10","2018-01","3.1","A","A"
"2","11","2018-01","2.8","A","A"
"2","24","2018-01","5.6","A","A"
"2","26","2018-01","4.6","R","B"
"3","Total","2018-01","3.2","A","A"
"3","12","2018-01","3.7","A","A"
"3","13","2018-01","3","A","A"
"3","19","2018-01","3.2","A","A"
"4","Total","2018-01","3.4","A","A"
"4","1","2018-01","3.4","A","A"
"5","Total","2018-01","2.3","A","A"
"5","8","2018-01","1.9","A","B"
"5","14","2018-01","3.4","A","B"
"5","15","2018-01","1.7","A","B"
"5","16","2018-01","1.3","A","C"
"5","17","2018-01","2.4","A","A"
"5","18","2018-01","1.8","A","A"
"5","20","2018-01","2.4","A","A"
"6","Total","2018-01","1.9","A","A"
"6","3","2018-01","2","A","A"
"6","4","2018-01","1.1","A","C"
"6","5","2018-01","1.8","A","A"
"6","6","2018-01","0.9","A","B"
"6","7","2018-01","1.2","A","B"
"6","9","2018-01","2.4","A","B"
"7","Total","2018-01","3.8","A","A"
"7","21","2018-01","3.8","A","A"
"Total","Total","2017-12","3.2","A","A"
"1","Total","2017-12","4.5","A","A"
"1","22","2017-12","4.2","A","A"
"1","23","2017-12","4.4","A","A"
"1","25","2017-12","5","A","A"
"2","Total","2017-12","2.9","A","A"
"2","2","2017-12","2.4","R","A"
"2","10","2017-12","3","A","A"
"2","11","2017-12","2.8","A","A"
"2","24","2017-12","5.5","A","A"
"2","26","2017-12","4.6","R","B"
"3","Total","2017-12","3.2","A","A"
"3","12","2017-12","3.6","A","A"
"3","13","2017-12","2.9","A","A"
"3","19","2017-12","3.2","A","A"
"4","Total","2017-12","3.4","A","A"
"4","1","2017-12","3.4","A","A"
"5","Total","2017-12","2.2","A","A"
"5","8","2017-12","2","A","B"
"5","14","2017-12","3.2","A","B"
"5","15","2017-12","1.7","A","B"
"5","16","2017-12","1.2","A","C"
"5","17","2017-12","2.4","A","A"
"5","18","2017-12","1.7","A","A"
"5","20","2017-12","2.3","A","A"
"6","Total","2017-12","1.9","A","A"
"6","3","2017-12","1.9","A","A"
"6","4","2017-12","1.1","A","C"
"6","5","2017-12","1.9","A","A"
"6","6","2017-12","1","A","B"
"6","7","2017-12","1.2","A","B"
"6","9","2017-12","2.4","A","B"
"7","Total","2017-12","3.6","A","A"
"7","21","2017-12","3.6","A","A"
"Total","Total","2017-11","3","A","A"
"1","Total","2017-11","4.1","A","A"
"1","22","2017-11","3.9","A","A"
"1","23","2017-11","3.2","A","A"
"1","25","2017-11","4.9","A","A"
"2","Total","2017-11","2.8","A","A"
"2","2","2017-11","2.3","R","A"
"2","10","2017-11","2.7","A","A"
"2","11","2017-11","2.6","A","A"
"2","24","2017-11","5.1","A","A"
"2","26","2017-11","4.2","R","B"
"3","Total","2017-11","3","A","A"
"3","12","2017-11","3.4","A","A"
"3","13","2017-11","2.8","A","A"
"3","19","2017-11","3","A","A"
"4","Total","2017-11","3.3","A","A"
"4","1","2017-11","3.3","A","A"
"5","Total","2017-11","2.1","A","A"
"5","8","2017-11","1.9","A","B"
"5","14","2017-11","3","A","B"
"5","15","2017-11","1.7","A","B"
"5","16","2017-11","0.9","A","C"
"5","17","2017-11","2.2","A","A"
"5","18","2017-11","1.8","A","A"
"5","20","2017-11","2.1","A","A"
"6","Total","2017-11","1.7","A","A"
"6","3","2017-11","1.8","A","A"
"6","4","2017-11","0.9","A","C"
"6","5","2017-11","1.7","A","A"
"6","6","2017-11","0.9","A","B"
"6","7","2017-11","1.1","A","B"
"6","9","2017-11","2.2","A","B"
"7","Total","2017-11","3.4","A","A"
"7","21","2017-11","3.4","A","A"
"Total","Total","2017-10","2.9","A","A"
"1","Total","2017-10","4.1","A","A"
"1","22","2017-10","4.1","A","A"
"1","23","2017-10","2.9","A","A"
"1","25","2017-10","5","A","A"
"2","Total","2017-10","2.7","A","A"
"2","2","2017-10","2.3","R","A"
"2","10","2017-10","2.6","A","A"
"2","11","2017-10","2.5","A","A"
"2","24","2017-10","5","A","A"
"2","26","2017-10","4.3","R","B"
"3","Total","2017-10","2.9","A","A"
"3","12","2017-10","3.4","A","A"
"3","13","2017-10","2.7","A","A"
"3","19","2017-10","2.9","A","A"
"4","Total","2017-10","3.2","A","A"
"4","1","2017-10","3.2","A","A"
"5","Total","2017-10","2","A","A"
"5","8","2017-10","1.9","A","B"
"5","14","2017-10","2.9","A","B"
"5","15","2017-10","1.7","A","B"
"5","16","2017-10","0.6","A","C"
"5","17","2017-10","2.2","A","A"
"5","18","2017-10","1.6","A","A"
"5","20","2017-10","2","A","A"
"6","Total","2017-10","1.6","A","A"
"6","3","2017-10","1.6","A","A"
"6","4","2017-10","0.8","A","C"
"6","5","2017-10","1.7","A","A"
"6","6","2017-10","0.8","A","B"
"6","7","2017-10","1","A","B"
"6","9","2017-10","2.2","A","B"
"7","Total","2017-10","3.1","A","A"
"7","21","2017-10","3.1","A","A"
"Total","Total","2017-09","2.9","A","A"
"1","Total","2017-09","4.1","A","A"
"1","22","2017-09","4.1","A","A"
"1","23","2017-09","2.7","A","A"
"1","25","2017-09","5","A","A"
"2","Total","2017-09","2.8","A","A"
"2","2","2017-09","2.4","R","A"
"2","10","2017-09","2.6","A","A"
"2","11","2017-09","2.5","A","A"
"2","24","2017-09","5.1","A","A"
"2","26","2017-09","4.4","R","B"
"3","Total","2017-09","2.9","A","A"
"3","12","2017-09","3.3","A","A"
"3","13","2017-09","2.7","A","A"
"3","19","2017-09","2.8","A","A"
"4","Total","2017-09","3.2","A","A"
"4","1","2017-09","3.2","A","A"
"5","Total","2017-09","1.9","A","A"
"5","8","2017-09","1.8","A","B"
"5","14","2017-09","3","A","B"
"5","15","2017-09","1.7","A","B"
"5","16","2017-09","0.7","A","C"
"5","17","2017-09","2.2","A","A"
"5","18","2017-09","1","A","A"
"5","20","2017-09","2","A","A"
"6","Total","2017-09","1.6","A","A"
"6","3","2017-09","1.7","A","A"
"6","4","2017-09","0.6","A","C"
"6","5","2017-09","1.6","A","A"
"6","6","2017-09","0.7","A","B"
"6","7","2017-09","1","A","B"
"6","9","2017-09","2.2","A","B"
"7","Total","2017-09","3","A","A"
"7","21","2017-09","3","A","A"
"Total","Total","2017-08","2.9","A","A"
"1","Total","2017-08","4.1","A","A"
"1","22","2017-08","4.2","A","A"
"1","23","2017-08","2.8","A","A"
"1","25","2017-08","4.9","A","A"
"2","Total","2017-08","2.8","A","A"
"2","2","2017-08","2.4","R","A"
"2","10","2017-08","2.7","A","A"
"2","11","2017-08","2.6","A","A"
"2","24","2017-08","5.2","A","A"
"2","26","2017-08","4.6","R","B"
"3","Total","2017-08","3","A","A"
"3","12","2017-08","3.5","A","A"
"3","13","2017-08","2.8","A","A"
"3","19","2017-08","2.9","A","A"
"4","Total","2017-08","3.2","A","A"
"4","1","2017-08","3.2","A","A"
"5","Total","2017-08","2","A","A"
"5","8","2017-08","1.9","A","B"
"5","14","2017-08","3","A","B"
"5","15","2017-08","1.7","A","B"
"5","16","2017-08","0.8","A","C"
"5","17","2017-08","2.3","A","A"
"5","18","2017-08","0.9","A","A"
"5","20","2017-08","2.1","A","A"
"6","Total","2017-08","1.7","A","A"
"6","3","2017-08","1.7","A","A"
"6","4","2017-08","0.6","A","C"
"6","5","2017-08","1.6","A","A"
"6","6","2017-08","0.8","A","B"
"6","7","2017-08","1","A","B"
"6","9","2017-08","2.3","A","B"
"7","Total","2017-08","3","A","A"
"7","21","2017-08","3","A","A"
"Total","Total","2017-07","2.9","A","A"
"1","Total","2017-07","4.1","A","A"
"1","22","2017-07","4.1","A","A"
"1","23","2017-07","2.8","A","A"
"1","25","2017-07","4.9","A","A"
"2","Total","2017-07","2.8","A","A"
"2","2","2017-07","2.4","R","A"
"2","10","2017-07","2.5","A","A"
"2","11","2017-07","2.6","A","A"
"2","24","2017-07","5.2","A","A"
"2","26","2017-07","4.3","R","B"
"3","Total","2017-07","2.9","A","A"
"3","12","2017-07","3.4","A","A"
"3","13","2017-07","2.8","A","A"
"3","19","2017-07","2.8","A","A"
"4","Total","2017-07","3.3","A","A"
"4","1","2017-07","3.3","A","A"
"5","Total","2017-07","1.9","A","A"
"5","8","2017-07","1.8","A","B"
"5","14","2017-07","3","A","B"
"5","15","2017-07","1.8","A","B"
"5","16","2017-07","0.8","A","C"
"5","17","2017-07","2.2","A","A"
"5","18","2017-07","1","A","A"
"5","20","2017-07","2","A","A"
"6","Total","2017-07","1.6","A","A"
"6","3","2017-07","1.7","A","A"
"6","4","2017-07","0.6","A","C"
"6","5","2017-07","1.6","A","A"
"6","6","2017-07","0.8","A","B"
"6","7","2017-07","1","A","B"
"6","9","2017-07","2.2","A","B"
"7","Total","2017-07","2.9","A","A"
"7","21","2017-07","2.9","A","A"
"Total","Total","2017-06","2.9","A","A"
"1","Total","2017-06","4","A","A"
"1","22","2017-06","4","A","A"
"1","23","2017-06","2.8","A","A"
"1","25","2017-06","4.9","A","A"
"2","Total","2017-06","2.7","A","A"
"2","2","2017-06","2.4","R","A"
"2","10","2017-06","2.2","A","A"
"2","11","2017-06","2.6","A","A"
"2","24","2017-06","5.1","A","A"
"2","26","2017-06","4.3","R","B"
"3","Total","2017-06","3","A","A"
"3","12","2017-06","3.5","A","A"
"3","13","2017-06","2.8","A","A"
"3","19","2017-06","2.9","A","A"
"4","Total","2017-06","3.3","A","A"
"4","1","2017-06","3.3","A","A"
"5","Total","2017-06","2","A","A"
"5","8","2017-06","1.9","A","B"
"5","14","2017-06","3.2","A","B"
"5","15","2017-06","1.7","A","B"
"5","16","2017-06","0.9","A","C"
"5","17","2017-06","2.2","A","A"
"5","18","2017-06","1.1","A","A"
"5","20","2017-06","2","A","A"
"6","Total","2017-06","1.6","A","A"
"6","3","2017-06","1.7","A","A"
"6","4","2017-06","0.8","A","C"
"6","5","2017-06","1.6","A","A"
"6","6","2017-06","0.8","A","B"
"6","7","2017-06","1","A","B"
"6","9","2017-06","2.2","A","B"
"7","Total","2017-06","3","A","A"
"7","21","2017-06","3","A","A"
"Total","Total","2017-05","3","A","A"
"1","Total","2017-05","4.2","A","A"
"1","22","2017-05","4.2","A","A"
"1","23","2017-05","3.2","A","A"
"1","25","2017-05","4.9","A","A"
"2","Total","2017-05","2.8","A","A"
"2","2","2017-05","2.5","R","A"
"2","10","2017-05","2.3","A","A"
"2","11","2017-05","2.7","A","A"
"2","24","2017-05","5.5","A","A"
"2","26","2017-05","4.4","R","B"
"3","Total","2017-05","3","A","A"
"3","12","2017-05","3.5","A","A"
"3","13","2017-05","2.8","A","A"
"3","19","2017-05","3","A","A"
"4","Total","2017-05","3.3","A","A"
"4","1","2017-05","3.3","A","A"
"5","Total","2017-05","2.2","A","A"
"5","8","2017-05","2.1","A","B"
"5","14","2017-05","3.3","A","B"
"5","15","2017-05","1.7","A","B"
"5","16","2017-05","0.8","A","C"
"5","17","2017-05","2.3","A","A"
"5","18","2017-05","1.8","A","A"
"5","20","2017-05","2.1","A","A"
"6","Total","2017-05","1.7","A","A"
"6","3","2017-05","1.8","A","A"
"6","4","2017-05","1","A","C"
"6","5","2017-05","1.6","A","A"
"6","6","2017-05","0.8","A","B"
"6","7","2017-05","1","A","B"
"6","9","2017-05","2.3","A","B"
"7","Total","2017-05","3.1","A","A"
"7","21","2017-05","3.1","A","A"
"Total","Total","2017-04","3.2","A","A"
"1","Total","2017-04","4.4","A","A"
"1","22","2017-04","4.4","A","A"
"1","23","2017-04","3.6","A","A"
"1","25","2017-04","5","A","A"
"2","Total","2017-04","3","A","A"
"2","2","2017-04","2.7","R","A"
"2","10","2017-04","2.5","A","A"
"2","11","2017-04","2.8","A","A"
"2","24","2017-04","5.8","A","A"
"2","26","2017-04","4.7","R","B"
"3","Total","2017-04","3.1","A","A"
"3","12","2017-04","3.7","A","A"
"3","13","2017-04","2.9","A","A"
"3","19","2017-04","3.1","A","A"
"4","Total","2017-04","3.4","A","A"
"4","1","2017-04","3.4","A","A"
"5","Total","2017-04","2.3","A","A"
"5","8","2017-04","2.3","A","B"
"5","14","2017-04","3.3","A","B"
"5","15","2017-04","1.7","A","B"
"5","16","2017-04","1","A","C"
"5","17","2017-04","2.4","A","A"
"5","18","2017-04","2","A","A"
"5","20","2017-04","2.2","A","A"
"6","Total","2017-04","1.8","A","A"
"6","3","2017-04","1.9","A","A"
"6","4","2017-04","1.1","A","C"
"6","5","2017-04","1.8","A","A"
"6","6","2017-04","0.9","A","B"
"6","7","2017-04","1.1","A","B"
"6","9","2017-04","2.4","A","B"
"7","Total","2017-04","3.3","A","A"
"7","21","2017-04","3.3","A","A"
"Total","Total","2017-03","3.3","A","A"
"1","Total","2017-03","4.6","A","A"
"1","22","2017-03","4.6","A","A"
"1","23","2017-03","3.8","A","A"
"1","25","2017-03","5.1","A","A"
"2","Total","2017-03","3.2","A","A"
"2","2","2017-03","2.8","R","A"
"2","10","2017-03","2.6","A","A"
"2","11","2017-03","2.9","A","A"
"2","24","2017-03","6.1","A","A"
"2","26","2017-03","4.8","R","B"
"3","Total","2017-03","3.3","A","A"
"3","12","2017-03","3.9","A","A"
"3","13","2017-03","3","A","A"
"3","19","2017-03","3.2","A","A"
"4","Total","2017-03","3.6","A","A"
"4","1","2017-03","3.6","A","A"
"5","Total","2017-03","2.3","A","A"
"5","8","2017-03","2.4","A","B"
"5","14","2017-03","3.5","A","B"
"5","15","2017-03","1.8","A","B"
"5","16","2017-03","1.1","A","C"
"5","17","2017-03","2.5","A","A"
"5","18","2017-03","1.5","A","A"
"5","20","2017-03","2.4","A","A"
"6","Total","2017-03","1.9","A","A"
"6","3","2017-03","1.9","A","A"
"6","4","2017-03","1.3","A","C"
"6","5","2017-03","1.9","A","A"
"6","6","2017-03","1","A","B"
"6","7","2017-03","1.2","A","B"
"6","9","2017-03","2.5","A","B"
"7","Total","2017-03","3.6","A","A"
"7","21","2017-03","3.6","A","A"
"Total","Total","2017-02","3.4","A","A"
"1","Total","2017-02","4.9","A","A"
"1","22","2017-02","4.8","A","A"
"1","23","2017-02","4.5","A","A"
"1","25","2017-02","5.3","A","A"
"2","Total","2017-02","3.3","A","A"
"2","2","2017-02","2.9","R","A"
"2","10","2017-02","2.8","A","A"
"2","11","2017-02","3.1","A","A"
"2","24","2017-02","6.5","A","A"
"2","26","2017-02","5.2","R","B"
"3","Total","2017-02","3.4","A","A"
"3","12","2017-02","3.9","A","A"
"3","13","2017-02","3.1","A","A"
"3","19","2017-02","3.3","A","A"
"4","Total","2017-02","3.7","A","A"
"4","1","2017-02","3.7","A","A"
"5","Total","2017-02","2.5","A","A"
"5","8","2017-02","2.5","A","B"
"5","14","2017-02","3.7","A","B"
"5","15","2017-02","1.9","A","B"
"5","16","2017-02","1.3","A","C"
"5","17","2017-02","2.6","A","A"
"5","18","2017-02","1.7","A","A"
"5","20","2017-02","2.5","A","A"
"6","Total","2017-02","2","A","A"
"6","3","2017-02","2.1","A","A"
"6","4","2017-02","1.4","A","C"
"6","5","2017-02","2","A","A"
"6","6","2017-02","1.1","A","B"
"6","7","2017-02","1.2","A","B"
"6","9","2017-02","2.5","A","B"
"7","Total","2017-02","3.9","A","A"
"7","21","2017-02","3.9","A","A"
"Total","Total","2017-01","3.5","A","A"
"1","Total","2017-01","5.1","A","A"
"1","22","2017-01","5","A","A"
"1","23","2017-01","5.1","A","A"
"1","25","2017-01","5.4","A","A"
"2","Total","2017-01","3.4","A","A"
"2","2","2017-01","2.9","R","A"
"2","10","2017-01","3","A","A"
"2","11","2017-01","3.2","A","A"
"2","24","2017-01","6.5","A","A"
"2","26","2017-01","5.3","R","B"
"3","Total","2017-01","3.4","A","A"
"3","12","2017-01","4","A","A"
"3","13","2017-01","3.1","A","A"
"3","19","2017-01","3.3","A","A"
"4","Total","2017-01","3.8","A","A"
"4","1","2017-01","3.8","A","A"
"5","Total","2017-01","2.5","A","A"
"5","8","2017-01","2.5","A","B"
"5","14","2017-01","3.7","A","B"
"5","15","2017-01","2","A","B"
"5","16","2017-01","1.4","A","C"
"5","17","2017-01","2.7","A","A"
"5","18","2017-01","1.9","A","A"
"5","20","2017-01","2.6","A","A"
"6","Total","2017-01","2","A","A"
"6","3","2017-01","2.1","A","A"
"6","4","2017-01","1.5","A","C"
"6","5","2017-01","2","A","A"
"6","6","2017-01","1","A","B"
"6","7","2017-01","1.2","A","B"
"6","9","2017-01","2.5","A","B"
"7","Total","2017-01","3.9","A","A"
"7","21","2017-01","3.9","A","A"
"Total","Total","2016-12","3.5","A","A"
"1","Total","2016-12","5.2","A","A"
"1","22","2016-12","5","A","A"
"1","23","2016-12","5.1","A","A"
"1","25","2016-12","5.5","A","A"
"2","Total","2016-12","3.4","A","A"
"2","2","2016-12","2.9","R","A"
"2","10","2016-12","3.1","A","A"
"2","11","2016-12","3.2","A","A"
"2","24","2016-12","6.3","A","A"
"2","26","2016-12","5","R","B"
"3","Total","2016-12","3.4","A","A"
"3","12","2016-12","4.1","A","A"
"3","13","2016-12","3.1","A","A"
"3","19","2016-12","3.3","A","A"
"4","Total","2016-12","3.8","A","A"
"4","1","2016-12","3.8","A","A"
"5","Total","2016-12","2.5","A","A"
"5","8","2016-12","2.5","A","B"
"5","14","2016-12","3.5","A","B"
"5","15","2016-12","1.8","A","B"
"5","16","2016-12","1.4","A","C"
"5","17","2016-12","2.6","A","A"
"5","18","2016-12","1.9","A","A"
"5","20","2016-12","2.5","A","A"
"6","Total","2016-12","2","A","A"
"6","3","2016-12","2.2","A","A"
"6","4","2016-12","1.3","A","C"
"6","5","2016-12","1.9","A","A"
"6","6","2016-12","1","A","B"
"6","7","2016-12","1.3","A","B"
"6","9","2016-12","2.5","A","B"
"7","Total","2016-12","3.9","A","A"
"7","21","2016-12","3.9","A","A"
"Total","Total","2016-11","3.3","A","A"
"1","Total","2016-11","4.7","A","A"
"1","22","2016-11","4.7","A","A"
"1","23","2016-11","3.8","A","A"
"1","25","2016-11","5.4","A","A"
"2","Total","2016-11","3.2","A","A"
"2","2","2016-11","2.8","R","A"
"2","10","2016-11","2.7","A","A"
"2","11","2016-11","3","A","A"
"2","24","2016-11","5.9","A","A"
"2","26","2016-11","4.6","R","B"
"3","Total","2016-11","3.2","A","A"
"3","12","2016-11","3.9","A","A"
"3","13","2016-11","3","A","A"
"3","19","2016-11","3.2","A","A"
"4","Total","2016-11","3.7","A","A"
"4","1","2016-11","3.7","A","A"
"5","Total","2016-11","2.3","A","A"
"5","8","2016-11","2.4","A","B"
"5","14","2016-11","3.2","A","B"
"5","15","2016-11","1.7","A","B"
"5","16","2016-11","1.2","A","C"
"5","17","2016-11","2.5","A","A"
"5","18","2016-11","1.9","A","A"
"5","20","2016-11","2.4","A","A"
"6","Total","2016-11","1.9","A","A"
"6","3","2016-11","2","A","A"
"6","4","2016-11","1.1","A","C"
"6","5","2016-11","1.8","A","A"
"6","6","2016-11","0.9","A","B"
"6","7","2016-11","1.1","A","B"
"6","9","2016-11","2.3","A","B"
"7","Total","2016-11","3.6","A","A"
"7","21","2016-11","3.6","A","A"
"Total","Total","2016-10","3.2","A","A"
"1","Total","2016-10","4.6","A","A"
"1","22","2016-10","4.6","A","A"
"1","23","2016-10","3.3","A","A"
"1","25","2016-10","5.5","A","A"
"2","Total","2016-10","3","A","A"
"2","2","2016-10","2.6","R","A"
"2","10","2016-10","2.6","A","A"
"2","11","2016-10","2.9","A","A"
"2","24","2016-10","5.7","A","A"
"2","26","2016-10","4.6","R","B"
"3","Total","2016-10","3.1","A","A"
"3","12","2016-10","3.7","A","A"
"3","13","2016-10","2.9","A","A"
"3","19","2016-10","3.1","A","A"
"4","Total","2016-10","3.6","A","A"
"4","1","2016-10","3.6","A","A"
"5","Total","2016-10","2.3","A","A"
"5","8","2016-10","2.2","A","B"
"5","14","2016-10","3.2","A","B"
"5","15","2016-10","1.7","A","B"
"5","16","2016-10","1","A","C"
"5","17","2016-10","2.4","A","A"
"5","18","2016-10","1.7","A","A"
"5","20","2016-10","2.3","A","A"
"6","Total","2016-10","1.8","A","A"
"6","3","2016-10","1.9","A","A"
"6","4","2016-10","1","A","C"
"6","5","2016-10","1.7","A","A"
"6","6","2016-10","1","A","B"
"6","7","2016-10","1.1","A","B"
"6","9","2016-10","2.3","A","B"
"7","Total","2016-10","3.4","A","A"
"7","21","2016-10","3.4","A","A"
"Total","Total","2016-09","3.2","A","A"
"1","Total","2016-09","4.6","A","A"
"1","22","2016-09","4.6","A","A"
"1","23","2016-09","3.2","A","A"
"1","25","2016-09","5.5","A","A"
"2","Total","2016-09","3","A","A"
"2","2","2016-09","2.6","R","A"
"2","10","2016-09","2.6","A","A"
"2","11","2016-09","2.9","A","A"
"2","24","2016-09","5.8","A","A"
"2","26","2016-09","4.6","R","B"
"3","Total","2016-09","3.1","A","A"
"3","12","2016-09","3.7","A","A"
"3","13","2016-09","3","A","A"
"3","19","2016-09","3","A","A"
"4","Total","2016-09","3.6","A","A"
"4","1","2016-09","3.6","A","A"
"5","Total","2016-09","2.2","A","A"
"5","8","2016-09","2.3","A","B"
"5","14","2016-09","3.3","A","B"
"5","15","2016-09","1.8","A","B"
"5","16","2016-09","1","A","C"
"5","17","2016-09","2.4","A","A"
"5","18","2016-09","1.3","A","A"
"5","20","2016-09","2.4","A","A"
"6","Total","2016-09","1.8","A","A"
"6","3","2016-09","1.9","A","A"
"6","4","2016-09","0.9","A","C"
"6","5","2016-09","1.6","A","A"
"6","6","2016-09","0.8","A","B"
"6","7","2016-09","1.1","A","B"
"6","9","2016-09","2.3","A","B"
"7","Total","2016-09","3.2","A","A"
"7","21","2016-09","3.2","A","A"
"Total","Total","2016-08","3.2","A","A"
"1","Total","2016-08","4.6","A","A"
"1","22","2016-08","4.7","A","A"
"1","23","2016-08","3.2","A","A"
"1","25","2016-08","5.5","A","A"
"2","Total","2016-08","3","A","A"
"2","2","2016-08","2.6","R","A"
"2","10","2016-08","2.8","A","A"
"2","11","2016-08","2.9","A","A"
"2","24","2016-08","5.8","A","A"
"2","26","2016-08","4.7","R","B"
"3","Total","2016-08","3.1","A","A"
"3","12","2016-08","3.7","A","A"
"3","13","2016-08","3","A","A"
"3","19","2016-08","3","A","A"
"4","Total","2016-08","3.5","A","A"
"4","1","2016-08","3.5","A","A"
"5","Total","2016-08","2.2","A","A"
"5","8","2016-08","2.3","A","B"
"5","14","2016-08","3.2","A","B"
"5","15","2016-08","1.8","A","B"
"5","16","2016-08","1","A","C"
"5","17","2016-08","2.5","A","A"
"5","18","2016-08","1.2","A","A"
"5","20","2016-08","2.3","A","A"
"6","Total","2016-08","1.8","A","A"
"6","3","2016-08","2","A","A"
"6","4","2016-08","0.9","A","C"
"6","5","2016-08","1.6","A","A"
"6","6","2016-08","0.9","A","B"
"6","7","2016-08","1.2","A","B"
"6","9","2016-08","2.3","A","B"
"7","Total","2016-08","3.1","A","A"
"7","21","2016-08","3.1","A","A"
"Total","Total","2016-07","3.1","A","A"
"1","Total","2016-07","4.4","A","A"
"1","22","2016-07","4.5","A","A"
"1","23","2016-07","3.1","A","A"
"1","25","2016-07","5.4","A","A"
"2","Total","2016-07","2.9","A","A"
"2","2","2016-07","2.5","R","A"
"2","10","2016-07","2.6","A","A"
"2","11","2016-07","2.7","A","A"
"2","24","2016-07","5.6","A","A"
"2","26","2016-07","4.4","R","B"
"3","Total","2016-07","3.1","A","A"
"3","12","2016-07","3.6","A","A"
"3","13","2016-07","2.9","A","A"
"3","19","2016-07","3","A","A"
"4","Total","2016-07","3.5","A","A"
"4","1","2016-07","3.5","A","A"
"5","Total","2016-07","2.1","A","A"
"5","8","2016-07","2.3","A","B"
"5","14","2016-07","3.2","A","B"
"5","15","2016-07","1.7","A","B"
"5","16","2016-07","0.9","A","C"
"5","17","2016-07","2.3","A","A"
"5","18","2016-07","1.2","A","A"
"5","20","2016-07","2.3","A","A"
"6","Total","2016-07","1.8","A","A"
"6","3","2016-07","1.9","A","A"
"6","4","2016-07","0.7","A","C"
"6","5","2016-07","1.6","A","A"
"6","6","2016-07","1","A","B"
"6","7","2016-07","1.2","A","B"
"6","9","2016-07","2.3","A","B"
"7","Total","2016-07","3","A","A"
"7","21","2016-07","3","A","A"
"Total","Total","2016-06","3.1","A","A"
"1","Total","2016-06","4.4","A","A"
"1","22","2016-06","4.4","A","A"
"1","23","2016-06","3.2","A","A"
"1","25","2016-06","5.3","A","A"
"2","Total","2016-06","2.9","A","A"
"2","2","2016-06","2.5","R","A"
"2","10","2016-06","2.5","A","A"
"2","11","2016-06","2.7","A","A"
"2","24","2016-06","5.4","A","A"
"2","26","2016-06","4.3","R","B"
"3","Total","2016-06","3.1","A","A"
"3","12","2016-06","3.8","A","A"
"3","13","2016-06","3","A","A"
"3","19","2016-06","3","A","A"
"4","Total","2016-06","3.5","A","A"
"4","1","2016-06","3.5","A","A"
"5","Total","2016-06","2.2","A","A"
"5","8","2016-06","2.2","A","B"
"5","14","2016-06","3.2","A","B"
"5","15","2016-06","1.7","A","B"
"5","16","2016-06","1","A","C"
"5","17","2016-06","2.3","A","A"
"5","18","2016-06","1.4","A","A"
"5","20","2016-06","2.4","A","A"
"6","Total","2016-06","1.8","A","A"
"6","3","2016-06","1.9","A","A"
"6","4","2016-06","0.7","A","C"
"6","5","2016-06","1.6","A","A"
"6","6","2016-06","0.9","A","B"
"6","7","2016-06","1.1","A","B"
"6","9","2016-06","2.3","A","B"
"7","Total","2016-06","3.1","A","A"
"7","21","2016-06","3.1","A","A"
"Total","Total","2016-05","3.2","A","A"
"1","Total","2016-05","4.6","A","A"
"1","22","2016-05","4.5","A","A"
"1","23","2016-05","3.6","A","A"
"1","25","2016-05","5.4","A","A"
"2","Total","2016-05","3","A","A"
"2","2","2016-05","2.6","R","A"
"2","10","2016-05","2.6","A","A"
"2","11","2016-05","2.9","A","A"
"2","24","2016-05","5.5","A","A"
"2","26","2016-05","4.3","R","B"
"3","Total","2016-05","3.2","A","A"
"3","12","2016-05","3.9","A","A"
"3","13","2016-05","2.9","A","A"
"3","19","2016-05","3.1","A","A"
"4","Total","2016-05","3.6","A","A"
"4","1","2016-05","3.6","A","A"
"5","Total","2016-05","2.4","A","A"
"5","8","2016-05","2.2","A","B"
"5","14","2016-05","3.3","A","B"
"5","15","2016-05","1.7","A","B"
"5","16","2016-05","1","A","C"
"5","17","2016-05","2.5","A","A"
"5","18","2016-05","2","A","A"
"5","20","2016-05","2.5","A","A"
"6","Total","2016-05","1.9","A","A"
"6","3","2016-05","2","A","A"
"6","4","2016-05","1","A","C"
"6","5","2016-05","1.7","A","A"
"6","6","2016-05","1","A","B"
"6","7","2016-05","1.1","A","B"
"6","9","2016-05","2.3","A","B"
"7","Total","2016-05","3.2","A","A"
"7","21","2016-05","3.2","A","A"
"Total","Total","2016-04","3.3","A","A"
"1","Total","2016-04","4.8","A","A"
"1","22","2016-04","4.7","A","A"
"1","23","2016-04","4","A","A"
"1","25","2016-04","5.5","A","A"
"2","Total","2016-04","3.1","A","A"
"2","2","2016-04","2.7","R","A"
"2","10","2016-04","2.8","A","A"
"2","11","2016-04","2.9","A","A"
"2","24","2016-04","5.6","A","A"
"2","26","2016-04","4.5","R","B"
"3","Total","2016-04","3.3","A","A"
"3","12","2016-04","4","A","A"
"3","13","2016-04","3","A","A"
"3","19","2016-04","3.2","A","A"
"4","Total","2016-04","3.6","A","A"
"4","1","2016-04","3.6","A","A"
"5","Total","2016-04","2.5","A","A"
"5","8","2016-04","2.4","A","B"
"5","14","2016-04","3.2","A","B"
"5","15","2016-04","1.9","A","B"
"5","16","2016-04","1.1","A","C"
"5","17","2016-04","2.5","A","A"
"5","18","2016-04","2.3","A","A"
"5","20","2016-04","2.6","A","A"
"6","Total","2016-04","1.9","A","A"
"6","3","2016-04","2.1","A","A"
"6","4","2016-04","1","A","C"
"6","5","2016-04","1.8","A","A"
"6","6","2016-04","1.1","A","B"
"6","7","2016-04","1.1","A","B"
"6","9","2016-04","2.3","A","B"
"7","Total","2016-04","3.4","A","A"
"7","21","2016-04","3.4","A","A"
"Total","Total","2016-03","3.5","A","A"
"1","Total","2016-03","5","A","A"
"1","22","2016-03","4.9","A","A"
"1","23","2016-03","4.4","A","A"
"1","25","2016-03","5.7","A","A"
"2","Total","2016-03","3.2","A","A"
"2","2","2016-03","2.8","R","A"
"2","10","2016-03","3.1","A","A"
"2","11","2016-03","3","A","A"
"2","24","2016-03","5.8","A","A"
"2","26","2016-03","4.7","R","B"
"3","Total","2016-03","3.3","A","A"
"3","12","2016-03","4","A","A"
"3","13","2016-03","3.1","A","A"
"3","19","2016-03","3.3","A","A"
"4","Total","2016-03","3.8","A","A"
"4","1","2016-03","3.8","A","A"
"5","Total","2016-03","2.5","A","A"
"5","8","2016-03","2.5","A","B"
"5","14","2016-03","3.4","A","B"
"5","15","2016-03","2","A","B"
"5","16","2016-03","1.1","A","C"
"5","17","2016-03","2.6","A","A"
"5","18","2016-03","1.7","A","A"
"5","20","2016-03","2.8","A","A"
"6","Total","2016-03","2","A","A"
"6","3","2016-03","2.2","A","A"
"6","4","2016-03","1.2","A","C"
"6","5","2016-03","1.9","A","A"
"6","6","2016-03","1.2","A","B"
"6","7","2016-03","1.2","A","B"
"6","9","2016-03","2.4","A","B"
"7","Total","2016-03","3.7","A","A"
"7","21","2016-03","3.7","A","A"
"Total","Total","2016-02","3.6","A","A"
"1","Total","2016-02","5.3","A","A"
"1","22","2016-02","5.1","A","A"
"1","23","2016-02","5","A","A"
"1","25","2016-02","5.7","A","A"
"2","Total","2016-02","3.3","A","A"
"2","2","2016-02","2.9","R","A"
"2","10","2016-02","3.2","A","A"
"2","11","2016-02","3.1","A","A"
"2","24","2016-02","6.1","A","A"
"2","26","2016-02","4.8","R","B"
"3","Total","2016-02","3.4","A","A"
"3","12","2016-02","4.1","A","A"
"3","13","2016-02","3.1","A","A"
"3","19","2016-02","3.4","A","A"
"4","Total","2016-02","3.8","A","A"
"4","1","2016-02","3.8","A","A"
"5","Total","2016-02","2.6","A","A"
"5","8","2016-02","2.5","A","B"
"5","14","2016-02","3.4","A","B"
"5","15","2016-02","2","A","B"
"5","16","2016-02","1.2","A","C"
"5","17","2016-02","2.8","A","A"
"5","18","2016-02","1.9","A","A"
"5","20","2016-02","2.9","A","A"
"6","Total","2016-02","2.1","A","A"
"6","3","2016-02","2.3","A","A"
"6","4","2016-02","1.4","A","C"
"6","5","2016-02","2","A","A"
"6","6","2016-02","1.2","A","B"
"6","7","2016-02","1.1","A","B"
"6","9","2016-02","2.5","A","B"
"7","Total","2016-02","4.2","A","A"
"7","21","2016-02","4.2","A","A"
"Total","Total","2016-01","3.6","A","A"
"1","Total","2016-01","5.4","A","A"
"1","22","2016-01","5.1","A","A"
"1","23","2016-01","5.5","A","A"
"1","25","2016-01","5.8","A","A"
"2","Total","2016-01","3.4","A","A"
"2","2","2016-01","2.9","R","A"
"2","10","2016-01","3.4","A","A"
"2","11","2016-01","3.2","A","A"
"2","24","2016-01","6.1","A","A"
"2","26","2016-01","4.9","R","B"
"3","Total","2016-01","3.4","A","A"
"3","12","2016-01","4","A","A"
"3","13","2016-01","3.1","A","A"
"3","19","2016-01","3.4","A","A"
"4","Total","2016-01","3.8","A","A"
"4","1","2016-01","3.8","A","A"
"5","Total","2016-01","2.7","A","A"
"5","8","2016-01","2.6","A","B"
"5","14","2016-01","3.5","A","B"
"5","15","2016-01","2.1","A","B"
"5","16","2016-01","1.3","A","C"
"5","17","2016-01","2.8","A","A"
"5","18","2016-01","2.1","A","A"
"5","20","2016-01","2.9","A","A"
"6","Total","2016-01","2.1","A","A"
"6","3","2016-01","2.3","A","A"
"6","4","2016-01","1.3","A","C"
"6","5","2016-01","2","A","A"
"6","6","2016-01","1","A","B"
"6","7","2016-01","1.3","A","B"
"6","9","2016-01","2.5","A","B"
"7","Total","2016-01","4.2","A","A"
"7","21","2016-01","4.2","A","A"
"Total","Total","2015-12","3.5","A","A"
"1","Total","2015-12","5.3","A","A"
"1","22","2015-12","4.9","A","A"
"1","23","2015-12","5.4","A","B"
"1","25","2015-12","5.7","A","A"
"2","Total","2015-12","3.3","A","A"
"2","2","2015-12","2.8","R","A"
"2","10","2015-12","3.3","A","B"
"2","11","2015-12","3.2","A","B"
"2","24","2015-12","5.9","A","B"
"2","26","2015-12","4.5","R","C"
"3","Total","2015-12","3.3","A","A"
"3","12","2015-12","3.8","A","B"
"3","13","2015-12","3.1","A","B"
"3","19","2015-12","3.3","A","A"
"4","Total","2015-12","3.7","A","A"
"4","1","2015-12","3.7","A","A"
"5","Total","2015-12","2.6","A","A"
"5","8","2015-12","2.5","A","C"
"5","14","2015-12","3.5","A","C"
"5","15","2015-12","2","A","C"
"5","16","2015-12","1","A","D"
"5","17","2015-12","2.6","A","A"
"5","18","2015-12","2","A","B"
"5","20","2015-12","2.7","A","B"
"6","Total","2015-12","2","A","A"
"6","3","2015-12","2.2","A","A"
"6","4","2015-12","1.2","A","C"
"6","5","2015-12","1.9","A","B"
"6","6","2015-12","1.1","A","C"
"6","7","2015-12","1.3","A","C"
"6","9","2015-12","2.4","A","B"
"7","Total","2015-12","4.1","A","B"
"7","21","2015-12","4.1","A","B"
"Total","Total","2015-11","3.3","A","A"
"1","Total","2015-11","4.8","A","A"
"1","22","2015-11","4.6","A","A"
"1","23","2015-11","4.1","A","B"
"1","25","2015-11","5.6","A","A"
"2","Total","2015-11","3.1","A","A"
"2","2","2015-11","2.7","R","A"
"2","10","2015-11","2.9","A","B"
"2","11","2015-11","2.8","A","B"
"2","24","2015-11","5.4","A","B"
"2","26","2015-11","4.2","R","C"
"3","Total","2015-11","3.1","A","A"
"3","12","2015-11","3.7","A","B"
"3","13","2015-11","2.9","A","B"
"3","19","2015-11","3.1","A","A"
"4","Total","2015-11","3.6","A","A"
"4","1","2015-11","3.6","A","A"
"5","Total","2015-11","2.4","A","A"
"5","8","2015-11","2.3","A","C"
"5","14","2015-11","3.2","A","C"
"5","15","2015-11","1.8","A","C"
"5","16","2015-11","0.9","A","D"
"5","17","2015-11","2.5","A","A"
"5","18","2015-11","2.1","A","B"
"5","20","2015-11","2.4","A","B"
"6","Total","2015-11","1.9","A","A"
"6","3","2015-11","2.1","A","A"
"6","4","2015-11","1","A","C"
"6","5","2015-11","1.7","A","B"
"6","6","2015-11","1","A","C"
"6","7","2015-11","1.1","A","C"
"6","9","2015-11","2.3","A","B"
"7","Total","2015-11","3.8","A","B"
"7","21","2015-11","3.8","A","B"
"Total","Total","2015-10","3.1","A","A"
"1","Total","2015-10","4.6","A","A"
"1","22","2015-10","4.5","A","A"
"1","23","2015-10","3.6","A","B"
"1","25","2015-10","5.6","A","A"
"2","Total","2015-10","2.9","A","A"
"2","2","2015-10","2.5","R","A"
"2","10","2015-10","2.7","A","B"
"2","11","2015-10","2.6","A","B"
"2","24","2015-10","5.2","A","B"
"2","26","2015-10","4","R","C"
"3","Total","2015-10","3","A","A"
"3","12","2015-10","3.6","A","B"
"3","13","2015-10","2.7","A","B"
"3","19","2015-10","3","A","A"
"4","Total","2015-10","3.4","A","A"
"4","1","2015-10","3.4","A","A"
"5","Total","2015-10","2.3","A","A"
"5","8","2015-10","2.2","A","C"
"5","14","2015-10","3.1","A","C"
"5","15","2015-10","1.9","A","C"
"5","16","2015-10","0.9","A","D"
"5","17","2015-10","2.4","A","A"
"5","18","2015-10","1.8","A","B"
"5","20","2015-10","2.3","A","B"
"6","Total","2015-10","1.8","A","A"
"6","3","2015-10","2","A","A"
"6","4","2015-10","0.9","A","C"
"6","5","2015-10","1.6","A","B"
"6","6","2015-10","0.8","A","C"
"6","7","2015-10","1","A","C"
"6","9","2015-10","2.2","A","B"
"7","Total","2015-10","3.6","A","B"
"7","21","2015-10","3.6","A","B"
"Total","Total","2015-09","3.1","A","A"
"1","Total","2015-09","4.6","A","A"
"1","22","2015-09","4.6","A","A"
"1","23","2015-09","3.2","A","B"
"1","25","2015-09","5.6","A","A"
"2","Total","2015-09","2.8","A","A"
"2","2","2015-09","2.5","R","A"
"2","10","2015-09","2.7","A","B"
"2","11","2015-09","2.6","A","B"
"2","24","2015-09","5.2","A","B"
"2","26","2015-09","4","R","C"
"3","Total","2015-09","3","A","A"
"3","12","2015-09","3.6","A","B"
"3","13","2015-09","2.7","A","B"
"3","19","2015-09","2.9","A","A"
"4","Total","2015-09","3.3","A","A"
"4","1","2015-09","3.3","A","A"
"5","Total","2015-09","2.2","A","A"
"5","8","2015-09","2.1","A","C"
"5","14","2015-09","3.1","A","C"
"5","15","2015-09","1.9","A","C"
"5","16","2015-09","1","A","D"
"5","17","2015-09","2.3","A","A"
"5","18","2015-09","1.4","A","B"
"5","20","2015-09","2.4","A","B"
"6","Total","2015-09","1.8","A","A"
"6","3","2015-09","2","A","A"
"6","4","2015-09","0.7","A","C"
"6","5","2015-09","1.6","A","B"
"6","6","2015-09","0.8","A","C"
"6","7","2015-09","1","A","C"
"6","9","2015-09","2.1","A","B"
"7","Total","2015-09","3.3","A","B"
"7","21","2015-09","3.3","A","B"
"Total","Total","2015-08","3","A","A"
"1","Total","2015-08","4.6","A","A"
"1","22","2015-08","4.7","A","A"
"1","23","2015-08","3.2","A","B"
"1","25","2015-08","5.5","A","A"
"2","Total","2015-08","2.8","A","A"
"2","2","2015-08","2.4","R","A"
"2","10","2015-08","2.7","A","B"
"2","11","2015-08","2.7","A","B"
"2","24","2015-08","5.2","A","B"
"2","26","2015-08","4","R","C"
"3","Total","2015-08","2.9","A","A"
"3","12","2015-08","3.5","A","B"
"3","13","2015-08","2.6","A","B"
"3","19","2015-08","2.9","A","A"
"4","Total","2015-08","3.3","A","A"
"4","1","2015-08","3.3","A","A"
"5","Total","2015-08","2.1","A","A"
"5","8","2015-08","2","A","C"
"5","14","2015-08","3.1","A","C"
"5","15","2015-08","1.8","A","C"
"5","16","2015-08","1.1","A","D"
"5","17","2015-08","2.3","A","A"
"5","18","2015-08","1.3","A","B"
"5","20","2015-08","2.3","A","B"
"6","Total","2015-08","1.7","A","A"
"6","3","2015-08","1.9","A","A"
"6","4","2015-08","0.6","A","C"
"6","5","2015-08","1.5","A","B"
"6","6","2015-08","0.7","A","C"
"6","7","2015-08","0.9","A","C"
"6","9","2015-08","2.2","A","B"
"7","Total","2015-08","3.2","A","B"
"7","21","2015-08","3.2","A","B"
"Total","Total","2015-07","3","A","A"
"1","Total","2015-07","4.5","A","A"
"1","22","2015-07","4.5","A","A"
"1","23","2015-07","3.2","A","B"
"1","25","2015-07","5.5","A","A"
"2","Total","2015-07","2.7","A","A"
"2","2","2015-07","2.3","R","A"
"2","10","2015-07","2.5","A","B"
"2","11","2015-07","2.6","A","B"
"2","24","2015-07","5","A","B"
"2","26","2015-07","3.9","R","C"
"3","Total","2015-07","2.9","A","A"
"3","12","2015-07","3.4","A","B"
"3","13","2015-07","2.7","A","B"
"3","19","2015-07","2.9","A","A"
"4","Total","2015-07","3.3","A","A"
"4","1","2015-07","3.3","A","A"
"5","Total","2015-07","2.1","A","A"
"5","8","2015-07","1.9","A","C"
"5","14","2015-07","3.3","A","C"
"5","15","2015-07","1.8","A","C"
"5","16","2015-07","1","A","D"
"5","17","2015-07","2.2","A","A"
"5","18","2015-07","1.3","A","B"
"5","20","2015-07","2.2","A","B"
"6","Total","2015-07","1.7","A","A"
"6","3","2015-07","1.8","A","A"
"6","4","2015-07","0.6","A","C"
"6","5","2015-07","1.4","A","B"
"6","6","2015-07","0.8","A","C"
"6","7","2015-07","1","A","C"
"6","9","2015-07","2.1","A","B"
"7","Total","2015-07","3.1","A","B"
"7","21","2015-07","3.1","A","B"
"Total","Total","2015-06","3","A","A"
"1","Total","2015-06","4.5","A","A"
"1","22","2015-06","4.5","A","A"
"1","23","2015-06","3.3","A","B"
"1","25","2015-06","5.4","A","A"
"2","Total","2015-06","2.6","A","A"
"2","2","2015-06","2.3","R","A"
"2","10","2015-06","2.5","A","B"
"2","11","2015-06","2.5","A","B"
"2","24","2015-06","4.9","A","B"
"2","26","2015-06","3.7","R","C"
"3","Total","2015-06","2.9","A","A"
"3","12","2015-06","3.5","A","B"
"3","13","2015-06","2.6","A","B"
"3","19","2015-06","2.8","A","A"
"4","Total","2015-06","3.3","A","A"
"4","1","2015-06","3.3","A","A"
"5","Total","2015-06","2.1","A","A"
"5","8","2015-06","2","A","C"
"5","14","2015-06","3.2","A","C"
"5","15","2015-06","1.8","A","C"
"5","16","2015-06","1","A","D"
"5","17","2015-06","2.2","A","A"
"5","18","2015-06","1.5","A","B"
"5","20","2015-06","2.3","A","B"
"6","Total","2015-06","1.6","A","A"
"6","3","2015-06","1.8","A","A"
"6","4","2015-06","0.8","A","C"
"6","5","2015-06","1.4","A","B"
"6","6","2015-06","0.7","A","C"
"6","7","2015-06","0.9","A","C"
"6","9","2015-06","2.1","A","B"
"7","Total","2015-06","3.2","A","B"
"7","21","2015-06","3.2","A","B"
"Total","Total","2015-05","3","A","A"
"1","Total","2015-05","4.6","A","A"
"1","22","2015-05","4.5","A","A"
"1","23","2015-05","3.6","A","B"
"1","25","2015-05","5.5","A","A"
"2","Total","2015-05","2.7","A","A"
"2","2","2015-05","2.3","R","A"
"2","10","2015-05","2.6","A","B"
"2","11","2015-05","2.4","A","B"
"2","24","2015-05","5.1","A","B"
"2","26","2015-05","3.8","R","C"
"3","Total","2015-05","2.9","A","A"
"3","12","2015-05","3.5","A","B"
"3","13","2015-05","2.7","A","B"
"3","19","2015-05","2.9","A","A"
"4","Total","2015-05","3.3","A","A"
"4","1","2015-05","3.3","A","A"
"5","Total","2015-05","2.2","A","A"
"5","8","2015-05","2.1","A","C"
"5","14","2015-05","3.1","A","C"
"5","15","2015-05","1.8","A","C"
"5","16","2015-05","0.9","A","D"
"5","17","2015-05","2.2","A","A"
"5","18","2015-05","2","A","B"
"5","20","2015-05","2.3","A","B"
"6","Total","2015-05","1.7","A","A"
"6","3","2015-05","1.8","A","A"
"6","4","2015-05","1.1","A","C"
"6","5","2015-05","1.5","A","B"
"6","6","2015-05","0.9","A","C"
"6","7","2015-05","1","A","C"
"6","9","2015-05","2.1","A","B"
"7","Total","2015-05","3.4","A","B"
"7","21","2015-05","3.4","A","B"
"Total","Total","2015-04","3.1","A","A"
"1","Total","2015-04","4.8","A","A"
"1","22","2015-04","4.7","A","A"
"1","23","2015-04","4","A","B"
"1","25","2015-04","5.5","A","A"
"2","Total","2015-04","2.8","A","A"
"2","2","2015-04","2.4","R","A"
"2","10","2015-04","2.7","A","B"
"2","11","2015-04","2.5","A","B"
"2","24","2015-04","5.3","A","B"
"2","26","2015-04","3.9","R","C"
"3","Total","2015-04","3","A","A"
"3","12","2015-04","3.7","A","B"
"3","13","2015-04","2.7","A","B"
"3","19","2015-04","2.9","A","A"
"4","Total","2015-04","3.4","A","A"
"4","1","2015-04","3.4","A","A"
"5","Total","2015-04","2.3","A","A"
"5","8","2015-04","2.1","A","C"
"5","14","2015-04","3.2","A","C"
"5","15","2015-04","1.9","A","C"
"5","16","2015-04","1","A","D"
"5","17","2015-04","2.3","A","A"
"5","18","2015-04","2.2","A","B"
"5","20","2015-04","2.3","A","B"
"6","Total","2015-04","1.7","A","A"
"6","3","2015-04","1.9","A","A"
"6","4","2015-04","1.2","A","C"
"6","5","2015-04","1.5","A","B"
"6","6","2015-04","0.9","A","C"
"6","7","2015-04","1","A","C"
"6","9","2015-04","2.1","A","B"
"7","Total","2015-04","3.6","A","B"
"7","21","2015-04","3.6","A","B"
"Total","Total","2015-03","3.2","A","A"
"1","Total","2015-03","4.9","A","A"
"1","22","2015-03","4.8","A","A"
"1","23","2015-03","4.3","A","B"
"1","25","2015-03","5.6","A","A"
"2","Total","2015-03","2.9","A","A"
"2","2","2015-03","2.5","R","A"
"2","10","2015-03","2.8","A","B"
"2","11","2015-03","2.5","A","B"
"2","24","2015-03","5.5","A","B"
"2","26","2015-03","4.1","R","C"
"3","Total","2015-03","3.1","A","A"
"3","12","2015-03","3.8","A","B"
"3","13","2015-03","2.7","A","B"
"3","19","2015-03","3","A","A"
"4","Total","2015-03","3.4","A","A"
"4","1","2015-03","3.4","A","A"
"5","Total","2015-03","2.3","A","A"
"5","8","2015-03","2.2","A","C"
"5","14","2015-03","3.3","A","C"
"5","15","2015-03","1.9","A","C"
"5","16","2015-03","1.1","A","D"
"5","17","2015-03","2.3","A","A"
"5","18","2015-03","1.7","A","B"
"5","20","2015-03","2.5","A","B"
"6","Total","2015-03","1.8","A","A"
"6","3","2015-03","2","A","A"
"6","4","2015-03","1.3","A","C"
"6","5","2015-03","1.6","A","B"
"6","6","2015-03","1","A","C"
"6","7","2015-03","1.1","A","C"
"6","9","2015-03","2.2","A","B"
"7","Total","2015-03","4","A","B"
"7","21","2015-03","4","A","B"
"Total","Total","2015-02","3.3","A","A"
"1","Total","2015-02","5.1","A","A"
"1","22","2015-02","4.9","A","A"
"1","23","2015-02","5.1","A","B"
"1","25","2015-02","5.6","A","A"
"2","Total","2015-02","3","A","A"
"2","2","2015-02","2.6","R","A"
"2","10","2015-02","3.1","A","B"
"2","11","2015-02","2.6","A","B"
"2","24","2015-02","5.6","A","B"
"2","26","2015-02","4.2","R","C"
"3","Total","2015-02","3.1","A","A"
"3","12","2015-02","3.8","A","B"
"3","13","2015-02","2.7","A","B"
"3","19","2015-02","3.1","A","A"
"4","Total","2015-02","3.5","A","A"
"4","1","2015-02","3.5","A","A"
"5","Total","2015-02","2.4","A","A"
"5","8","2015-02","2.3","A","C"
"5","14","2015-02","3.4","A","C"
"5","15","2015-02","1.9","A","C"
"5","16","2015-02","1.2","A","D"
"5","17","2015-02","2.4","A","A"
"5","18","2015-02","1.8","A","B"
"5","20","2015-02","2.5","A","B"
"6","Total","2015-02","1.9","A","A"
"6","3","2015-02","2.1","A","A"
"6","4","2015-02","1.5","A","C"
"6","5","2015-02","1.6","A","B"
"6","6","2015-02","1.1","A","C"
"6","7","2015-02","1.2","A","C"
"6","9","2015-02","2.3","A","B"
"7","Total","2015-02","4.4","A","B"
"7","21","2015-02","4.4","A","B"
"Total","Total","2015-01","3.4","A","A"
"1","Total","2015-01","5.2","A","A"
"1","22","2015-01","4.9","A","A"
"1","23","2015-01","5.4","A","B"
"1","25","2015-01","5.5","A","A"
"2","Total","2015-01","3","A","A"
"2","2","2015-01","2.6","R","A"
"2","10","2015-01","3.1","A","B"
"2","11","2015-01","2.6","A","B"
"2","24","2015-01","5.6","A","B"
"2","26","2015-01","4.2","R","C"
"3","Total","2015-01","3.1","A","A"
"3","12","2015-01","3.9","A","B"
"3","13","2015-01","2.8","A","B"
"3","19","2015-01","3.1","A","A"
"4","Total","2015-01","3.5","A","A"
"4","1","2015-01","3.5","A","A"
"5","Total","2015-01","2.4","A","A"
"5","8","2015-01","2.2","A","C"
"5","14","2015-01","3.3","A","C"
"5","15","2015-01","2","A","C"
"5","16","2015-01","1.3","A","D"
"5","17","2015-01","2.4","A","A"
"5","18","2015-01","2","A","B"
"5","20","2015-01","2.5","A","B"
"6","Total","2015-01","1.9","A","A"
"6","3","2015-01","2.1","A","A"
"6","4","2015-01","1.5","A","C"
"6","5","2015-01","1.7","A","B"
"6","6","2015-01","0.9","A","C"
"6","7","2015-01","1.2","A","C"
"6","9","2015-01","2.3","A","B"
"7","Total","2015-01","4.6","A","B"
"7","21","2015-01","4.6","A","B"
"Total","Total","2014-12","3.3","A","A"
"1","Total","2014-12","5.1","A","A"
"1","22","2014-12","4.8","A","A"
"1","23","2014-12","5.4","A","B"
"1","25","2014-12","5.4","A","A"
"2","Total","2014-12","2.9","A","A"
"2","2","2014-12","2.6","R","A"
"2","10","2014-12","3","A","B"
"2","11","2014-12","2.6","A","B"
"2","24","2014-12","5.4","A","B"
"2","26","2014-12","4.1","R","C"
"3","Total","2014-12","3.1","A","A"
"3","12","2014-12","3.7","A","B"
"3","13","2014-12","2.7","A","B"
"3","19","2014-12","3","A","A"
"4","Total","2014-12","3.4","A","A"
"4","1","2014-12","3.4","A","A"
"5","Total","2014-12","2.3","A","A"
"5","8","2014-12","2.4","A","C"
"5","14","2014-12","3.2","A","C"
"5","15","2014-12","1.9","A","C"
"5","16","2014-12","1.2","A","D"
"5","17","2014-12","2.3","A","A"
"5","18","2014-12","1.9","A","B"
"5","20","2014-12","2.4","A","B"
"6","Total","2014-12","1.8","A","A"
"6","3","2014-12","2","A","A"
"6","4","2014-12","1.3","A","C"
"6","5","2014-12","1.6","A","B"
"6","6","2014-12","1","A","C"
"6","7","2014-12","1.2","A","C"
"6","9","2014-12","2.2","A","B"
"7","Total","2014-12","4.4","A","B"
"7","21","2014-12","4.4","A","B"
"Total","Total","2014-11","3","A","A"
"1","Total","2014-11","4.6","A","A"
"1","22","2014-11","4.6","A","A"
"1","23","2014-11","3.9","A","B"
"1","25","2014-11","5.3","A","A"
"2","Total","2014-11","2.7","A","A"
"2","2","2014-11","2.4","R","A"
"2","10","2014-11","2.6","A","B"
"2","11","2014-11","2.3","A","B"
"2","24","2014-11","4.9","A","B"
"2","26","2014-11","3.7","R","C"
"3","Total","2014-11","2.9","A","A"
"3","12","2014-11","3.5","A","B"
"3","13","2014-11","2.6","A","B"
"3","19","2014-11","2.8","A","A"
"4","Total","2014-11","3.2","A","A"
"4","1","2014-11","3.2","A","A"
"5","Total","2014-11","2.1","A","A"
"5","8","2014-11","2","A","C"
"5","14","2014-11","3","A","C"
"5","15","2014-11","1.8","A","C"
"5","16","2014-11","0.9","A","D"
"5","17","2014-11","2.2","A","A"
"5","18","2014-11","2","A","B"
"5","20","2014-11","2.2","A","B"
"6","Total","2014-11","1.7","A","A"
"6","3","2014-11","1.9","A","A"
"6","4","2014-11","1.1","A","C"
"6","5","2014-11","1.5","A","B"
"6","6","2014-11","0.9","A","C"
"6","7","2014-11","1","A","C"
"6","9","2014-11","2.1","A","B"
"7","Total","2014-11","4.2","A","B"
"7","21","2014-11","4.2","A","B"
"Total","Total","2014-10","2.9","A","A"
"1","Total","2014-10","4.5","A","A"
"1","22","2014-10","4.5","A","A"
"1","23","2014-10","3.5","A","B"
"1","25","2014-10","5.3","A","A"
"2","Total","2014-10","2.6","A","A"
"2","2","2014-10","2.3","R","A"
"2","10","2014-10","2.6","A","B"
"2","11","2014-10","2.2","A","B"
"2","24","2014-10","4.8","A","B"
"2","26","2014-10","3.6","R","C"
"3","Total","2014-10","2.8","A","A"
"3","12","2014-10","3.3","A","B"
"3","13","2014-10","2.5","A","B"
"3","19","2014-10","2.7","A","A"
"4","Total","2014-10","3.1","A","A"
"4","1","2014-10","3.1","A","A"
"5","Total","2014-10","2.1","A","A"
"5","8","2014-10","2","A","C"
"5","14","2014-10","2.9","A","C"
"5","15","2014-10","1.7","A","C"
"5","16","2014-10","0.8","A","D"
"5","17","2014-10","2.1","A","A"
"5","18","2014-10","1.8","A","B"
"5","20","2014-10","2.1","A","B"
"6","Total","2014-10","1.6","A","A"
"6","3","2014-10","1.8","A","A"
"6","4","2014-10","1","A","C"
"6","5","2014-10","1.4","A","B"
"6","6","2014-10","0.8","A","C"
"6","7","2014-10","1","A","C"
"6","9","2014-10","2","A","B"
"7","Total","2014-10","4","A","B"
"7","21","2014-10","4","A","B"
"Total","Total","2014-09","2.9","A","A"
"1","Total","2014-09","4.5","A","A"
"1","22","2014-09","4.4","A","A"
"1","23","2014-09","3.2","A","B"
"1","25","2014-09","5.5","A","A"
"2","Total","2014-09","2.6","A","A"
"2","2","2014-09","2.2","R","A"
"2","10","2014-09","2.6","A","B"
"2","11","2014-09","2.3","A","B"
"2","24","2014-09","4.9","A","B"
"2","26","2014-09","3.5","R","C"
"3","Total","2014-09","2.7","A","A"
"3","12","2014-09","3.2","A","B"
"3","13","2014-09","2.5","A","B"
"3","19","2014-09","2.7","A","A"
"4","Total","2014-09","3.1","A","A"
"4","1","2014-09","3.1","A","A"
"5","Total","2014-09","2","A","A"
"5","8","2014-09","2","A","C"
"5","14","2014-09","2.9","A","C"
"5","15","2014-09","1.7","A","C"
"5","16","2014-09","0.9","A","D"
"5","17","2014-09","2.1","A","A"
"5","18","2014-09","1.3","A","B"
"5","20","2014-09","2.2","A","B"
"6","Total","2014-09","1.6","A","A"
"6","3","2014-09","1.8","A","A"
"6","4","2014-09","0.7","A","C"
"6","5","2014-09","1.4","A","B"
"6","6","2014-09","0.8","A","C"
"6","7","2014-09","0.9","A","C"
"6","9","2014-09","2.1","A","B"
"7","Total","2014-09","3.7","A","B"
"7","21","2014-09","3.7","A","B"
"Total","Total","2014-08","2.9","A","A"
"1","Total","2014-08","4.4","A","A"
"1","22","2014-08","4.4","A","A"
"1","23","2014-08","3.1","A","B"
"1","25","2014-08","5.4","A","A"
"2","Total","2014-08","2.6","A","A"
"2","2","2014-08","2.2","R","A"
"2","10","2014-08","2.6","A","B"
"2","11","2014-08","2.3","A","B"
"2","24","2014-08","5","A","B"
"2","26","2014-08","3.6","R","C"
"3","Total","2014-08","2.7","A","A"
"3","12","2014-08","3.1","A","B"
"3","13","2014-08","2.5","A","B"
"3","19","2014-08","2.6","A","A"
"4","Total","2014-08","3","A","A"
"4","1","2014-08","3","A","A"
"5","Total","2014-08","2","A","A"
"5","8","2014-08","2","A","C"
"5","14","2014-08","2.9","A","C"
"5","15","2014-08","1.8","A","C"
"5","16","2014-08","1","A","D"
"5","17","2014-08","2.1","A","A"
"5","18","2014-08","1.1","A","B"
"5","20","2014-08","2.1","A","B"
"6","Total","2014-08","1.6","A","A"
"6","3","2014-08","1.8","A","A"
"6","4","2014-08","0.7","A","C"
"6","5","2014-08","1.4","A","B"
"6","6","2014-08","0.8","A","C"
"6","7","2014-08","0.9","A","C"
"6","9","2014-08","2.1","A","B"
"7","Total","2014-08","3.6","A","B"
"7","21","2014-08","3.6","A","B"
"Total","Total","2014-07","2.8","A","A"
"1","Total","2014-07","4.4","A","A"
"1","22","2014-07","4.3","A","A"
"1","23","2014-07","3","A","B"
"1","25","2014-07","5.4","A","A"
"2","Total","2014-07","2.5","A","A"
"2","2","2014-07","2.2","R","A"
"2","10","2014-07","2.5","A","B"
"2","11","2014-07","2.3","A","B"
"2","24","2014-07","4.9","A","B"
"2","26","2014-07","3.4","R","C"
"3","Total","2014-07","2.7","A","A"
"3","12","2014-07","3.1","A","B"
"3","13","2014-07","2.6","A","B"
"3","19","2014-07","2.6","A","A"
"4","Total","2014-07","3","A","A"
"4","1","2014-07","3","A","A"
"5","Total","2014-07","1.9","A","A"
"5","8","2014-07","2","A","C"
"5","14","2014-07","2.8","A","C"
"5","15","2014-07","1.7","A","C"
"5","16","2014-07","1","A","D"
"5","17","2014-07","2","A","A"
"5","18","2014-07","1.1","A","B"
"5","20","2014-07","2.1","A","B"
"6","Total","2014-07","1.6","A","A"
"6","3","2014-07","1.7","A","A"
"6","4","2014-07","0.6","A","C"
"6","5","2014-07","1.4","A","B"
"6","6","2014-07","0.8","A","C"
"6","7","2014-07","0.9","A","C"
"6","9","2014-07","2","A","B"
"7","Total","2014-07","3.6","A","B"
"7","21","2014-07","3.6","A","B"
"Total","Total","2014-06","2.8","A","A"
"1","Total","2014-06","4.4","A","A"
"1","22","2014-06","4.3","A","A"
"1","23","2014-06","3.1","A","B"
"1","25","2014-06","5.4","A","A"
"2","Total","2014-06","2.5","A","A"
"2","2","2014-06","2.1","R","A"
"2","10","2014-06","2.4","A","B"
"2","11","2014-06","2.3","A","B"
"2","24","2014-06","4.8","A","B"
"2","26","2014-06","3.3","R","C"
"3","Total","2014-06","2.7","A","A"
"3","12","2014-06","3.1","A","B"
"3","13","2014-06","2.6","A","B"
"3","19","2014-06","2.6","A","A"
"4","Total","2014-06","3","A","A"
"4","1","2014-06","3","A","A"
"5","Total","2014-06","1.9","A","A"
"5","8","2014-06","2.1","A","C"
"5","14","2014-06","2.7","A","C"
"5","15","2014-06","1.6","A","C"
"5","16","2014-06","0.9","A","D"
"5","17","2014-06","2","A","A"
"5","18","2014-06","1.3","A","B"
"5","20","2014-06","2.2","A","B"
"6","Total","2014-06","1.6","A","A"
"6","3","2014-06","1.7","A","A"
"6","4","2014-06","0.9","A","C"
"6","5","2014-06","1.4","A","B"
"6","6","2014-06","0.9","A","C"
"6","7","2014-06","0.9","A","C"
"6","9","2014-06","2.1","A","B"
"7","Total","2014-06","3.6","A","B"
"7","21","2014-06","3.6","A","B"
"Total","Total","2014-05","2.9","A","A"
"1","Total","2014-05","4.5","A","A"
"1","22","2014-05","4.4","A","A"
"1","23","2014-05","3.5","A","B"
"1","25","2014-05","5.5","A","A"
"2","Total","2014-05","2.6","A","A"
"2","2","2014-05","2.2","R","A"
"2","10","2014-05","2.4","A","B"
"2","11","2014-05","2.4","A","B"
"2","24","2014-05","4.9","A","B"
"2","26","2014-05","3.4","R","C"
"3","Total","2014-05","2.7","A","A"
"3","12","2014-05","3.2","A","B"
"3","13","2014-05","2.6","A","B"
"3","19","2014-05","2.6","A","A"
"4","Total","2014-05","3","A","A"
"4","1","2014-05","3","A","A"
"5","Total","2014-05","2.1","A","A"
"5","8","2014-05","2.1","A","C"
"5","14","2014-05","2.6","A","C"
"5","15","2014-05","1.6","A","C"
"5","16","2014-05","1","A","D"
"5","17","2014-05","2.1","A","A"
"5","18","2014-05","1.8","A","B"
"5","20","2014-05","2.3","A","B"
"6","Total","2014-05","1.6","A","A"
"6","3","2014-05","1.8","A","A"
"6","4","2014-05","1","A","C"
"6","5","2014-05","1.5","A","B"
"6","6","2014-05","1","A","C"
"6","7","2014-05","0.9","A","C"
"6","9","2014-05","2.1","A","B"
"7","Total","2014-05","3.7","A","B"
"7","21","2014-05","3.7","A","B"
"Total","Total","2014-04","3.1","A","A"
"1","Total","2014-04","4.7","A","A"
"1","22","2014-04","4.6","A","A"
"1","23","2014-04","3.9","A","B"
"1","25","2014-04","5.5","A","A"
"2","Total","2014-04","2.7","A","A"
"2","2","2014-04","2.3","R","A"
"2","10","2014-04","2.6","A","B"
"2","11","2014-04","2.5","A","B"
"2","24","2014-04","5.1","A","B"
"2","26","2014-04","3.6","R","C"
"3","Total","2014-04","2.9","A","A"
"3","12","2014-04","3.4","A","B"
"3","13","2014-04","2.8","A","B"
"3","19","2014-04","2.8","A","A"
"4","Total","2014-04","3.2","A","A"
"4","1","2014-04","3.2","A","A"
"5","Total","2014-04","2.2","A","A"
"5","8","2014-04","2.2","A","C"
"5","14","2014-04","2.7","A","C"
"5","15","2014-04","1.6","A","C"
"5","16","2014-04","1.2","A","D"
"5","17","2014-04","2.2","A","A"
"5","18","2014-04","2.1","A","B"
"5","20","2014-04","2.5","A","B"
"6","Total","2014-04","1.7","A","A"
"6","3","2014-04","1.9","A","A"
"6","4","2014-04","1.2","A","C"
"6","5","2014-04","1.6","A","B"
"6","6","2014-04","0.9","A","C"
"6","7","2014-04","0.9","A","C"
"6","9","2014-04","2.2","A","B"
"7","Total","2014-04","3.9","A","B"
"7","21","2014-04","3.9","A","B"
"Total","Total","2014-03","3.2","A","A"
"1","Total","2014-03","4.9","A","A"
"1","22","2014-03","4.8","A","A"
"1","23","2014-03","4.1","A","B"
"1","25","2014-03","5.6","A","A"
"2","Total","2014-03","2.8","A","A"
"2","2","2014-03","2.4","R","A"
"2","10","2014-03","2.8","A","B"
"2","11","2014-03","2.6","A","B"
"2","24","2014-03","5.2","A","B"
"2","26","2014-03","3.9","R","C"
"3","Total","2014-03","3","A","A"
"3","12","2014-03","3.6","A","B"
"3","13","2014-03","2.8","A","B"
"3","19","2014-03","2.9","A","A"
"4","Total","2014-03","3.3","A","A"
"4","1","2014-03","3.3","A","A"
"5","Total","2014-03","2.3","A","A"
"5","8","2014-03","2.4","A","C"
"5","14","2014-03","3","A","C"
"5","15","2014-03","1.7","A","C"
"5","16","2014-03","1.2","A","D"
"5","17","2014-03","2.4","A","A"
"5","18","2014-03","1.6","A","B"
"5","20","2014-03","2.6","A","B"
"6","Total","2014-03","1.8","A","A"
"6","3","2014-03","1.9","A","A"
"6","4","2014-03","1.3","A","C"
"6","5","2014-03","1.6","A","B"
"6","6","2014-03","1","A","C"
"6","7","2014-03","1","A","C"
"6","9","2014-03","2.3","A","B"
"7","Total","2014-03","4.4","A","B"
"7","21","2014-03","4.4","A","B"
"Total","Total","2014-02","3.3","A","A"
"1","Total","2014-02","5.1","A","A"
"1","22","2014-02","5","A","A"
"1","23","2014-02","4.7","A","B"
"1","25","2014-02","5.6","A","A"
"2","Total","2014-02","3","A","A"
"2","2","2014-02","2.5","R","A"
"2","10","2014-02","3","A","B"
"2","11","2014-02","2.7","A","B"
"2","24","2014-02","5.5","A","B"
"2","26","2014-02","4","R","C"
"3","Total","2014-02","3.1","A","A"
"3","12","2014-02","3.7","A","B"
"3","13","2014-02","2.8","A","B"
"3","19","2014-02","3","A","A"
"4","Total","2014-02","3.4","A","A"
"4","1","2014-02","3.4","A","A"
"5","Total","2014-02","2.4","A","A"
"5","8","2014-02","2.7","A","C"
"5","14","2014-02","3","A","C"
"5","15","2014-02","1.8","A","C"
"5","16","2014-02","1.4","A","D"
"5","17","2014-02","2.5","A","A"
"5","18","2014-02","1.8","A","B"
"5","20","2014-02","2.7","A","B"
"6","Total","2014-02","1.9","A","A"
"6","3","2014-02","2","A","A"
"6","4","2014-02","1.3","A","C"
"6","5","2014-02","1.7","A","B"
"6","6","2014-02","1","A","C"
"6","7","2014-02","1.1","A","C"
"6","9","2014-02","2.3","A","B"
"7","Total","2014-02","4.9","A","B"
"7","21","2014-02","4.9","A","B"
"Total","Total","2014-01","3.4","A","A"
"1","Total","2014-01","5.3","A","A"
"1","22","2014-01","5.1","A","A"
"1","23","2014-01","5.2","A","B"
"1","25","2014-01","5.7","A","A"
"2","Total","2014-01","3","A","A"
"2","2","2014-01","2.6","R","A"
"2","10","2014-01","3.1","A","B"
"2","11","2014-01","2.8","A","B"
"2","24","2014-01","5.6","A","B"
"2","26","2014-01","4.1","R","C"
"3","Total","2014-01","3.1","A","A"
"3","12","2014-01","3.7","A","B"
"3","13","2014-01","2.8","A","B"
"3","19","2014-01","3.1","A","A"
"4","Total","2014-01","3.4","A","A"
"4","1","2014-01","3.4","A","A"
"5","Total","2014-01","2.5","A","A"
"5","8","2014-01","2.7","A","C"
"5","14","2014-01","3.1","A","C"
"5","15","2014-01","1.8","A","C"
"5","16","2014-01","1.4","A","D"
"5","17","2014-01","2.6","A","A"
"5","18","2014-01","2","A","B"
"5","20","2014-01","2.7","A","B"
"6","Total","2014-01","2","A","A"
"6","3","2014-01","2.1","A","A"
"6","4","2014-01","1.5","A","C"
"6","5","2014-01","1.8","A","B"
"6","6","2014-01","1.1","A","C"
"6","7","2014-01","1.1","A","C"
"6","9","2014-01","2.4","A","B"
"7","Total","2014-01","4.9","A","B"
"7","21","2014-01","4.9","A","B"
"Total","Total","2013-12","3.5","A","A"
"1","Total","2013-12","5.5","A","A"
"1","22","2013-12","5.3","A","A"
"1","23","2013-12","5.6","A","B"
"1","25","2013-12","5.6","A","A"
"2","Total","2013-12","3.1","A","A"
"2","2","2013-12","2.6","R","A"
"2","10","2013-12","3.3","A","B"
"2","11","2013-12","2.8","A","B"
"2","24","2013-12","5.8","A","B"
"2","26","2013-12","4.3","R","C"
"3","Total","2013-12","3.1","A","A"
"3","12","2013-12","3.9","A","B"
"3","13","2013-12","2.8","A","B"
"3","19","2013-12","3.1","A","A"
"4","Total","2013-12","3.5","A","A"
"4","1","2013-12","3.5","A","A"
"5","Total","2013-12","2.5","A","A"
"5","8","2013-12","2.7","A","C"
"5","14","2013-12","3.1","A","C"
"5","15","2013-12","1.9","A","C"
"5","16","2013-12","1.5","A","D"
"5","17","2013-12","2.6","A","A"
"5","18","2013-12","2","A","B"
"5","20","2013-12","2.7","A","B"
"6","Total","2013-12","2","A","A"
"6","3","2013-12","2.1","A","A"
"6","4","2013-12","1.4","A","C"
"6","5","2013-12","1.7","A","B"
"6","6","2013-12","1.2","A","C"
"6","7","2013-12","1.2","A","C"
"6","9","2013-12","2.4","A","B"
"7","Total","2013-12","4.9","A","B"
"7","21","2013-12","4.9","A","B"
"Total","Total","2013-11","3.2","A","A"
"1","Total","2013-11","5","A","A"
"1","22","2013-11","5","A","A"
"1","23","2013-11","4.2","A","B"
"1","25","2013-11","5.5","A","A"
"2","Total","2013-11","2.8","A","A"
"2","2","2013-11","2.4","R","A"
"2","10","2013-11","2.8","A","B"
"2","11","2013-11","2.6","A","B"
"2","24","2013-11","5.3","A","B"
"2","26","2013-11","3.9","R","C"
"3","Total","2013-11","3","A","A"
"3","12","2013-11","3.7","A","B"
"3","13","2013-11","2.7","A","B"
"3","19","2013-11","2.9","A","A"
"4","Total","2013-11","3.3","A","A"
"4","1","2013-11","3.3","A","A"
"5","Total","2013-11","2.3","A","A"
"5","8","2013-11","2.5","A","C"
"5","14","2013-11","2.8","A","C"
"5","15","2013-11","1.7","A","C"
"5","16","2013-11","1.2","A","D"
"5","17","2013-11","2.4","A","A"
"5","18","2013-11","2.1","A","B"
"5","20","2013-11","2.5","A","B"
"6","Total","2013-11","1.8","A","A"
"6","3","2013-11","1.9","A","A"
"6","4","2013-11","1.2","A","C"
"6","5","2013-11","1.6","A","B"
"6","6","2013-11","1.1","A","C"
"6","7","2013-11","1","A","C"
"6","9","2013-11","2.2","A","B"
"7","Total","2013-11","4.8","A","B"
"7","21","2013-11","4.8","A","B"
"Total","Total","2013-10","3.1","A","A"
"1","Total","2013-10","4.8","A","A"
"1","22","2013-10","4.9","A","A"
"1","23","2013-10","3.6","A","B"
"1","25","2013-10","5.5","A","A"
"2","Total","2013-10","2.7","A","A"
"2","2","2013-10","2.3","R","A"
"2","10","2013-10","2.7","A","B"
"2","11","2013-10","2.5","A","B"
"2","24","2013-10","5.2","A","B"
"2","26","2013-10","3.8","R","C"
"3","Total","2013-10","2.9","A","A"
"3","12","2013-10","3.6","A","B"
"3","13","2013-10","2.6","A","B"
"3","19","2013-10","2.8","A","A"
"4","Total","2013-10","3.1","A","A"
"4","1","2013-10","3.1","A","A"
"5","Total","2013-10","2.2","A","A"
"5","8","2013-10","2.5","A","C"
"5","14","2013-10","2.9","A","C"
"5","15","2013-10","1.7","A","C"
"5","16","2013-10","1.1","A","D"
"5","17","2013-10","2.2","A","A"
"5","18","2013-10","1.9","A","B"
"5","20","2013-10","2.5","A","B"
"6","Total","2013-10","1.7","A","A"
"6","3","2013-10","1.9","A","A"
"6","4","2013-10","1.2","A","C"
"6","5","2013-10","1.4","A","B"
"6","6","2013-10","0.9","A","C"
"6","7","2013-10","0.9","A","C"
"6","9","2013-10","2.2","A","B"
"7","Total","2013-10","4.5","A","B"
"7","21","2013-10","4.5","A","B"
"Total","Total","2013-09","3","A","A"
"1","Total","2013-09","4.8","A","A"
"1","22","2013-09","4.9","A","A"
"1","23","2013-09","3.4","A","B"
"1","25","2013-09","5.5","A","A"
"2","Total","2013-09","2.7","A","A"
"2","2","2013-09","2.2","R","A"
"2","10","2013-09","2.7","A","B"
"2","11","2013-09","2.5","A","B"
"2","24","2013-09","5.2","A","B"
"2","26","2013-09","3.9","R","C"
"3","Total","2013-09","2.8","A","A"
"3","12","2013-09","3.6","A","B"
"3","13","2013-09","2.5","A","B"
"3","19","2013-09","2.7","A","A"
"4","Total","2013-09","3.1","A","A"
"4","1","2013-09","3.1","A","A"
"5","Total","2013-09","2.1","A","A"
"5","8","2013-09","2.3","A","C"
"5","14","2013-09","2.7","A","C"
"5","15","2013-09","1.7","A","C"
"5","16","2013-09","1.1","A","D"
"5","17","2013-09","2.3","A","A"
"5","18","2013-09","1.2","A","B"
"5","20","2013-09","2.4","A","B"
"6","Total","2013-09","1.7","A","A"
"6","3","2013-09","1.9","A","A"
"6","4","2013-09","1","A","C"
"6","5","2013-09","1.4","A","B"
"6","6","2013-09","0.7","A","C"
"6","7","2013-09","1","A","C"
"6","9","2013-09","2.1","A","B"
"7","Total","2013-09","4.2","A","B"
"7","21","2013-09","4.2","A","B"
"Total","Total","2013-08","3","A","A"
"1","Total","2013-08","4.7","A","A"
"1","22","2013-08","4.9","A","A"
"1","23","2013-08","3.3","A","B"
"1","25","2013-08","5.4","A","A"
"2","Total","2013-08","2.7","A","A"
"2","2","2013-08","2.2","R","A"
"2","10","2013-08","2.7","A","B"
"2","11","2013-08","2.6","A","B"
"2","24","2013-08","5.1","A","B"
"2","26","2013-08","3.8","R","C"
"3","Total","2013-08","2.8","A","A"
"3","12","2013-08","3.5","A","B"
"3","13","2013-08","2.6","A","B"
"3","19","2013-08","2.7","A","A"
"4","Total","2013-08","3.1","A","A"
"4","1","2013-08","3.1","A","A"
"5","Total","2013-08","2.1","A","A"
"5","8","2013-08","2.3","A","C"
"5","14","2013-08","2.7","A","C"
"5","15","2013-08","1.6","A","C"
"5","16","2013-08","1.1","A","D"
"5","17","2013-08","2.3","A","A"
"5","18","2013-08","1.2","A","B"
"5","20","2013-08","2.4","A","B"
"6","Total","2013-08","1.7","A","A"
"6","3","2013-08","1.9","A","A"
"6","4","2013-08","0.9","A","C"
"6","5","2013-08","1.5","A","B"
"6","6","2013-08","0.8","A","C"
"6","7","2013-08","1","A","C"
"6","9","2013-08","2.1","A","B"
"7","Total","2013-08","4.1","A","B"
"7","21","2013-08","4.1","A","B"
"Total","Total","2013-07","3","A","A"
"1","Total","2013-07","4.7","A","A"
"1","22","2013-07","4.8","A","A"
"1","23","2013-07","3.1","A","B"
"1","25","2013-07","5.4","A","A"
"2","Total","2013-07","2.6","A","A"
"2","2","2013-07","2.2","R","A"
"2","10","2013-07","2.5","A","B"
"2","11","2013-07","2.6","A","B"
"2","24","2013-07","5.1","A","B"
"2","26","2013-07","3.7","R","C"
"3","Total","2013-07","2.8","A","A"
"3","12","2013-07","3.5","A","B"
"3","13","2013-07","2.6","A","B"
"3","19","2013-07","2.7","A","A"
"4","Total","2013-07","3.1","A","A"
"4","1","2013-07","3.1","A","A"
"5","Total","2013-07","2.1","A","A"
"5","8","2013-07","2.3","A","C"
"5","14","2013-07","2.6","A","C"
"5","15","2013-07","1.5","A","C"
"5","16","2013-07","1.4","A","D"
"5","17","2013-07","2.4","A","A"
"5","18","2013-07","1.2","A","B"
"5","20","2013-07","2.3","A","B"
"6","Total","2013-07","1.6","A","A"
"6","3","2013-07","1.8","A","A"
"6","4","2013-07","1","A","C"
"6","5","2013-07","1.4","A","B"
"6","6","2013-07","0.8","A","C"
"6","7","2013-07","1","A","C"
"6","9","2013-07","1.9","A","B"
"7","Total","2013-07","4.1","A","B"
"7","21","2013-07","4.1","A","B"
"Total","Total","2013-06","2.9","A","A"
"1","Total","2013-06","4.6","A","A"
"1","22","2013-06","4.7","A","A"
"1","23","2013-06","3.3","A","B"
"1","25","2013-06","5.4","A","A"
"2","Total","2013-06","2.5","A","A"
"2","2","2013-06","2.1","R","A"
"2","10","2013-06","2.4","A","B"
"2","11","2013-06","2.5","A","B"
"2","24","2013-06","5","A","B"
"2","26","2013-06","3.6","R","C"
"3","Total","2013-06","2.8","A","A"
"3","12","2013-06","3.5","A","B"
"3","13","2013-06","2.6","A","B"
"3","19","2013-06","2.6","A","A"
"4","Total","2013-06","3","A","A"
"4","1","2013-06","3","A","A"
"5","Total","2013-06","2","A","A"
"5","8","2013-06","2.2","A","C"
"5","14","2013-06","2.4","A","C"
"5","15","2013-06","1.5","A","C"
"5","16","2013-06","1.3","A","D"
"5","17","2013-06","2.2","A","A"
"5","18","2013-06","1.4","A","B"
"5","20","2013-06","2.3","A","B"
"6","Total","2013-06","1.6","A","A"
"6","3","2013-06","1.8","A","A"
"6","4","2013-06","1.1","A","C"
"6","5","2013-06","1.4","A","B"
"6","6","2013-06","0.8","A","C"
"6","7","2013-06","0.9","A","C"
"6","9","2013-06","2","A","B"
"7","Total","2013-06","4.1","A","B"
"7","21","2013-06","4.1","A","B"
"Total","Total","2013-05","3","A","A"
"1","Total","2013-05","4.8","A","A"
"1","22","2013-05","4.9","A","A"
"1","23","2013-05","3.7","A","B"
"1","25","2013-05","5.5","A","A"
"2","Total","2013-05","2.6","A","A"
"2","2","2013-05","2.2","R","A"
"2","10","2013-05","2.5","A","B"
"2","11","2013-05","2.7","A","B"
"2","24","2013-05","5","A","B"
"2","26","2013-05","3.6","R","C"
"3","Total","2013-05","2.9","A","A"
"3","12","2013-05","3.6","A","B"
"3","13","2013-05","2.7","A","B"
"3","19","2013-05","2.8","A","A"
"4","Total","2013-05","3.1","A","A"
"4","1","2013-05","3.1","A","A"
"5","Total","2013-05","2.2","A","A"
"5","8","2013-05","2.3","A","C"
"5","14","2013-05","2.6","A","C"
"5","15","2013-05","1.6","A","C"
"5","16","2013-05","1.4","A","D"
"5","17","2013-05","2.3","A","A"
"5","18","2013-05","1.9","A","B"
"5","20","2013-05","2.3","A","B"
"6","Total","2013-05","1.7","A","A"
"6","3","2013-05","1.8","A","A"
"6","4","2013-05","1.2","A","C"
"6","5","2013-05","1.4","A","B"
"6","6","2013-05","0.9","A","C"
"6","7","2013-05","1","A","C"
"6","9","2013-05","2","A","B"
"7","Total","2013-05","4.2","A","B"
"7","21","2013-05","4.2","A","B"
"Total","Total","2013-04","3.1","A","A"
"1","Total","2013-04","4.9","A","A"
"1","22","2013-04","5","A","A"
"1","23","2013-04","4.1","A","B"
"1","25","2013-04","5.5","A","A"
"2","Total","2013-04","2.7","A","A"
"2","2","2013-04","2.3","R","A"
"2","10","2013-04","2.6","A","B"
"2","11","2013-04","2.7","A","B"
"2","24","2013-04","5.1","A","B"
"2","26","2013-04","3.6","R","C"
"3","Total","2013-04","3","A","A"
"3","12","2013-04","3.8","A","B"
"3","13","2013-04","2.8","A","B"
"3","19","2013-04","2.9","A","A"
"4","Total","2013-04","3.2","A","A"
"4","1","2013-04","3.2","A","A"
"5","Total","2013-04","2.4","A","A"
"5","8","2013-04","2.4","A","C"
"5","14","2013-04","2.6","A","C"
"5","15","2013-04","1.7","A","C"
"5","16","2013-04","1.6","A","D"
"5","17","2013-04","2.4","A","A"
"5","18","2013-04","2.2","A","B"
"5","20","2013-04","2.4","A","B"
"6","Total","2013-04","1.7","A","A"
"6","3","2013-04","1.9","A","A"
"6","4","2013-04","1.3","A","C"
"6","5","2013-04","1.5","A","B"
"6","6","2013-04","0.9","A","C"
"6","7","2013-04","0.9","A","C"
"6","9","2013-04","2","A","B"
"7","Total","2013-04","4.4","A","B"
"7","21","2013-04","4.4","A","B"
"Total","Total","2013-03","3.2","A","A"
"1","Total","2013-03","4.9","A","A"
"1","22","2013-03","5","A","A"
"1","23","2013-03","4.2","A","B"
"1","25","2013-03","5.3","A","A"
"2","Total","2013-03","2.8","A","A"
"2","2","2013-03","2.4","R","A"
"2","10","2013-03","2.8","A","B"
"2","11","2013-03","2.9","A","B"
"2","24","2013-03","5.2","A","B"
"2","26","2013-03","3.8","R","C"
"3","Total","2013-03","3.1","A","A"
"3","12","2013-03","3.9","A","B"
"3","13","2013-03","2.8","A","B"
"3","19","2013-03","2.9","A","A"
"4","Total","2013-03","3.2","A","A"
"4","1","2013-03","3.2","A","A"
"5","Total","2013-03","2.4","A","A"
"5","8","2013-03","2.6","A","C"
"5","14","2013-03","2.9","A","C"
"5","15","2013-03","1.8","A","C"
"5","16","2013-03","1.7","A","D"
"5","17","2013-03","2.6","A","A"
"5","18","2013-03","1.6","A","B"
"5","20","2013-03","2.6","A","B"
"6","Total","2013-03","1.8","A","A"
"6","3","2013-03","2.1","A","A"
"6","4","2013-03","1.5","A","C"
"6","5","2013-03","1.5","A","B"
"6","6","2013-03","1","A","C"
"6","7","2013-03","1","A","C"
"6","9","2013-03","2.1","A","B"
"7","Total","2013-03","4.6","A","B"
"7","21","2013-03","4.6","A","B"
"Total","Total","2013-02","3.4","A","A"
"1","Total","2013-02","5.2","A","A"
"1","22","2013-02","5.3","A","A"
"1","23","2013-02","4.9","A","B"
"1","25","2013-02","5.4","A","A"
"2","Total","2013-02","3","A","A"
"2","2","2013-02","2.5","R","A"
"2","10","2013-02","3","A","B"
"2","11","2013-02","3.1","A","B"
"2","24","2013-02","5.4","A","B"
"2","26","2013-02","4","R","C"
"3","Total","2013-02","3.2","A","A"
"3","12","2013-02","4","A","B"
"3","13","2013-02","2.8","A","B"
"3","19","2013-02","3.1","A","A"
"4","Total","2013-02","3.3","A","A"
"4","1","2013-02","3.3","A","A"
"5","Total","2013-02","2.5","A","A"
"5","8","2013-02","2.7","A","C"
"5","14","2013-02","3","A","C"
"5","15","2013-02","1.8","A","C"
"5","16","2013-02","1.8","A","D"
"5","17","2013-02","2.7","A","A"
"5","18","2013-02","1.8","A","B"
"5","20","2013-02","2.7","A","B"
"6","Total","2013-02","1.9","A","A"
"6","3","2013-02","2.2","A","A"
"6","4","2013-02","1.6","A","C"
"6","5","2013-02","1.6","A","B"
"6","6","2013-02","1","A","C"
"6","7","2013-02","1.1","A","C"
"6","9","2013-02","2.2","A","B"
"7","Total","2013-02","5.1","A","B"
"7","21","2013-02","5.1","A","B"
"Total","Total","2013-01","3.4","A","A"
"1","Total","2013-01","5.3","A","A"
"1","22","2013-01","5.3","A","A"
"1","23","2013-01","5.3","A","B"
"1","25","2013-01","5.5","A","A"
"2","Total","2013-01","3","A","A"
"2","2","2013-01","2.5","R","A"
"2","10","2013-01","3.1","A","B"
"2","11","2013-01","3.1","A","B"
"2","24","2013-01","5.5","A","B"
"2","26","2013-01","4.1","R","C"
"3","Total","2013-01","3.2","A","A"
"3","12","2013-01","4.1","A","B"
"3","13","2013-01","2.9","A","B"
"3","19","2013-01","3.1","A","A"
"4","Total","2013-01","3.4","A","A"
"4","1","2013-01","3.4","A","A"
"5","Total","2013-01","2.6","A","A"
"5","8","2013-01","2.8","A","C"
"5","14","2013-01","3","A","C"
"5","15","2013-01","1.8","A","C"
"5","16","2013-01","1.7","A","D"
"5","17","2013-01","2.8","A","A"
"5","18","2013-01","2","A","B"
"5","20","2013-01","2.7","A","B"
"6","Total","2013-01","1.9","A","A"
"6","3","2013-01","2.2","A","A"
"6","4","2013-01","1.7","A","C"
"6","5","2013-01","1.6","A","B"
"6","6","2013-01","0.9","A","C"
"6","7","2013-01","1","A","C"
"6","9","2013-01","2.2","A","B"
"7","Total","2013-01","5.2","A","B"
"7","21","2013-01","5.2","A","B"
"Total","Total","2012-12","3.3","A","A"
"1","Total","2012-12","5.2","A","A"
"1","22","2012-12","5.1","A","A"
"1","23","2012-12","5.1","A","B"
"1","25","2012-12","5.3","A","A"
"2","Total","2012-12","2.8","A","A"
"2","2","2012-12","2.3","R","A"
"2","10","2012-12","2.8","A","B"
"2","11","2012-12","2.9","A","B"
"2","24","2012-12","5.4","A","B"
"2","26","2012-12","3.8","R","C"
"3","Total","2012-12","3.1","A","A"
"3","12","2012-12","3.9","A","B"
"3","13","2012-12","2.8","A","B"
"3","19","2012-12","3","A","A"
"4","Total","2012-12","3.3","A","A"
"4","1","2012-12","3.3","A","A"
"5","Total","2012-12","2.4","A","A"
"5","8","2012-12","2.8","A","C"
"5","14","2012-12","2.8","A","C"
"5","15","2012-12","1.8","A","C"
"5","16","2012-12","1.5","A","D"
"5","17","2012-12","2.6","A","A"
"5","18","2012-12","1.9","A","B"
"5","20","2012-12","2.5","A","B"
"6","Total","2012-12","1.9","A","A"
"6","3","2012-12","2.1","A","A"
"6","4","2012-12","1.7","A","C"
"6","5","2012-12","1.6","A","B"
"6","6","2012-12","1","A","C"
"6","7","2012-12","1.2","A","C"
"6","9","2012-12","2","A","B"
"7","Total","2012-12","5","A","B"
"7","21","2012-12","5","A","B"
"Total","Total","2012-11","3.1","A","A"
"1","Total","2012-11","4.7","A","A"
"1","22","2012-11","4.8","A","A"
"1","23","2012-11","3.8","A","B"
"1","25","2012-11","5.2","A","A"
"2","Total","2012-11","2.6","A","A"
"2","2","2012-11","2.1","R","A"
"2","10","2012-11","2.5","A","B"
"2","11","2012-11","2.7","A","B"
"2","24","2012-11","5","A","B"
"2","26","2012-11","3.3","R","C"
"3","Total","2012-11","2.9","A","A"
"3","12","2012-11","3.7","A","B"
"3","13","2012-11","2.7","A","B"
"3","19","2012-11","2.8","A","A"
"4","Total","2012-11","3.1","A","A"
"4","1","2012-11","3.1","A","A"
"5","Total","2012-11","2.3","A","A"
"5","8","2012-11","2.4","A","C"
"5","14","2012-11","2.6","A","C"
"5","15","2012-11","1.6","A","C"
"5","16","2012-11","1.3","A","D"
"5","17","2012-11","2.4","A","A"
"5","18","2012-11","1.9","A","B"
"5","20","2012-11","2.3","A","B"
"6","Total","2012-11","1.7","A","A"
"6","3","2012-11","1.9","A","A"
"6","4","2012-11","1.6","A","C"
"6","5","2012-11","1.4","A","B"
"6","6","2012-11","1","A","C"
"6","7","2012-11","1.1","A","C"
"6","9","2012-11","1.9","A","B"
"7","Total","2012-11","4.8","A","B"
"7","21","2012-11","4.8","A","B"
"Total","Total","2012-10","2.9","A","A"
"1","Total","2012-10","4.5","A","A"
"1","22","2012-10","4.6","A","A"
"1","23","2012-10","3.3","A","B"
"1","25","2012-10","5","A","A"
"2","Total","2012-10","2.4","A","A"
"2","2","2012-10","2","R","A"
"2","10","2012-10","2.4","A","B"
"2","11","2012-10","2.4","A","B"
"2","24","2012-10","4.9","A","B"
"2","26","2012-10","3.1","R","C"
"3","Total","2012-10","2.8","A","A"
"3","12","2012-10","3.6","A","B"
"3","13","2012-10","2.6","A","B"
"3","19","2012-10","2.6","A","A"
"4","Total","2012-10","3","A","A"
"4","1","2012-10","3","A","A"
"5","Total","2012-10","2.2","A","A"
"5","8","2012-10","2.2","A","C"
"5","14","2012-10","2.6","A","C"
"5","15","2012-10","1.6","A","C"
"5","16","2012-10","1.3","A","D"
"5","17","2012-10","2.4","A","A"
"5","18","2012-10","1.8","A","B"
"5","20","2012-10","2.2","A","B"
"6","Total","2012-10","1.6","A","A"
"6","3","2012-10","1.8","A","A"
"6","4","2012-10","1.4","A","C"
"6","5","2012-10","1.3","A","B"
"6","6","2012-10","0.9","A","C"
"6","7","2012-10","1","A","C"
"6","9","2012-10","1.9","A","B"
"7","Total","2012-10","4.4","A","B"
"7","21","2012-10","4.4","A","B"
"Total","Total","2012-09","2.8","A","A"
"1","Total","2012-09","4.2","A","A"
"1","22","2012-09","4.5","A","A"
"1","23","2012-09","2.9","A","B"
"1","25","2012-09","4.7","A","A"
"2","Total","2012-09","2.3","A","A"
"2","2","2012-09","1.9","R","A"
"2","10","2012-09","2.3","A","B"
"2","11","2012-09","2.4","A","B"
"2","24","2012-09","4.8","A","B"
"2","26","2012-09","3","R","C"
"3","Total","2012-09","2.7","A","A"
"3","12","2012-09","3.5","A","B"
"3","13","2012-09","2.5","A","B"
"3","19","2012-09","2.6","A","A"
"4","Total","2012-09","2.9","A","A"
"4","1","2012-09","2.9","A","A"
"5","Total","2012-09","2","A","A"
"5","8","2012-09","2.1","A","C"
"5","14","2012-09","2.5","A","C"
"5","15","2012-09","1.5","A","C"
"5","16","2012-09","1.4","A","D"
"5","17","2012-09","2.3","A","A"
"5","18","2012-09","1.3","A","B"
"5","20","2012-09","2.2","A","B"
"6","Total","2012-09","1.6","A","A"
"6","3","2012-09","1.8","A","A"
"6","4","2012-09","1","A","C"
"6","5","2012-09","1.2","A","B"
"6","6","2012-09","0.9","A","C"
"6","7","2012-09","0.8","A","C"
"6","9","2012-09","1.9","A","B"
"7","Total","2012-09","4.1","A","B"
"7","21","2012-09","4.1","A","B"
"Total","Total","2012-08","2.8","A","A"
"1","Total","2012-08","4.3","A","A"
"1","22","2012-08","4.6","A","A"
"1","23","2012-08","2.8","A","B"
"1","25","2012-08","4.8","A","A"
"2","Total","2012-08","2.3","A","A"
"2","2","2012-08","1.9","R","A"
"2","10","2012-08","2.3","A","B"
"2","11","2012-08","2.4","A","B"
"2","24","2012-08","4.8","A","B"
"2","26","2012-08","3.1","R","C"
"3","Total","2012-08","2.7","A","A"
"3","12","2012-08","3.4","A","B"
"3","13","2012-08","2.6","A","B"
"3","19","2012-08","2.6","A","A"
"4","Total","2012-08","2.9","A","A"
"4","1","2012-08","2.9","A","A"
"5","Total","2012-08","2","A","A"
"5","8","2012-08","2.1","A","C"
"5","14","2012-08","2.4","A","C"
"5","15","2012-08","1.5","A","C"
"5","16","2012-08","1.3","A","D"
"5","17","2012-08","2.3","A","A"
"5","18","2012-08","1.2","A","B"
"5","20","2012-08","2.1","A","B"
"6","Total","2012-08","1.5","A","A"
"6","3","2012-08","1.8","A","A"
"6","4","2012-08","0.9","A","C"
"6","5","2012-08","1.2","A","B"
"6","6","2012-08","0.8","A","C"
"6","7","2012-08","0.7","A","C"
"6","9","2012-08","1.9","A","B"
"7","Total","2012-08","4","A","B"
"7","21","2012-08","4","A","B"
"Total","Total","2012-07","2.7","A","A"
"1","Total","2012-07","4.1","A","A"
"1","22","2012-07","4.4","A","A"
"1","23","2012-07","2.7","A","B"
"1","25","2012-07","4.7","A","A"
"2","Total","2012-07","2.2","A","A"
"2","2","2012-07","1.8","R","A"
"2","10","2012-07","2.1","A","B"
"2","11","2012-07","2.3","A","B"
"2","24","2012-07","4.5","A","B"
"2","26","2012-07","3","R","C"
"3","Total","2012-07","2.7","A","A"
"3","12","2012-07","3.4","A","B"
"3","13","2012-07","2.6","A","B"
"3","19","2012-07","2.5","A","A"
"4","Total","2012-07","2.8","A","A"
"4","1","2012-07","2.8","A","A"
"5","Total","2012-07","1.9","A","A"
"5","8","2012-07","2.2","A","C"
"5","14","2012-07","2.3","A","C"
"5","15","2012-07","1.5","A","C"
"5","16","2012-07","1.1","A","D"
"5","17","2012-07","2.2","A","A"
"5","18","2012-07","1.2","A","B"
"5","20","2012-07","2","A","B"
"6","Total","2012-07","1.5","A","A"
"6","3","2012-07","1.8","A","A"
"6","4","2012-07","0.9","A","C"
"6","5","2012-07","1.1","A","B"
"6","6","2012-07","0.8","A","C"
"6","7","2012-07","0.7","A","C"
"6","9","2012-07","1.7","A","B"
"7","Total","2012-07","3.9","A","B"
"7","21","2012-07","3.9","A","B"
"Total","Total","2012-06","2.7","A","A"
"1","Total","2012-06","4.1","A","A"
"1","22","2012-06","4.3","A","A"
"1","23","2012-06","2.8","A","B"
"1","25","2012-06","4.8","A","A"
"2","Total","2012-06","2.2","A","A"
"2","2","2012-06","1.8","R","A"
"2","10","2012-06","2.1","A","B"
"2","11","2012-06","2.2","A","B"
"2","24","2012-06","4.4","A","B"
"2","26","2012-06","2.8","R","C"
"3","Total","2012-06","2.7","A","A"
"3","12","2012-06","3.4","A","B"
"3","13","2012-06","2.7","A","B"
"3","19","2012-06","2.5","A","A"
"4","Total","2012-06","2.8","A","A"
"4","1","2012-06","2.8","A","A"
"5","Total","2012-06","1.9","A","A"
"5","8","2012-06","2.2","A","C"
"5","14","2012-06","2.4","A","C"
"5","15","2012-06","1.4","A","C"
"5","16","2012-06","1.1","A","D"
"5","17","2012-06","2.1","A","A"
"5","18","2012-06","1.3","A","B"
"5","20","2012-06","2","A","B"
"6","Total","2012-06","1.5","A","A"
"6","3","2012-06","1.7","A","A"
"6","4","2012-06","1","A","C"
"6","5","2012-06","1.1","A","B"
"6","6","2012-06","0.9","A","C"
"6","7","2012-06","0.7","A","C"
"6","9","2012-06","1.7","A","B"
"7","Total","2012-06","3.8","A","B"
"7","21","2012-06","3.8","A","B"
"Total","Total","2012-05","2.7","A","A"
"1","Total","2012-05","4.3","A","A"
"1","22","2012-05","4.4","A","A"
"1","23","2012-05","3.1","A","B"
"1","25","2012-05","4.8","A","A"
"2","Total","2012-05","2.2","A","A"
"2","2","2012-05","1.8","R","A"
"2","10","2012-05","2.1","A","B"
"2","11","2012-05","2.3","A","B"
"2","24","2012-05","4.5","A","B"
"2","26","2012-05","2.9","R","C"
"3","Total","2012-05","2.8","A","A"
"3","12","2012-05","3.6","A","B"
"3","13","2012-05","2.7","A","B"
"3","19","2012-05","2.6","A","A"
"4","Total","2012-05","2.9","A","A"
"4","1","2012-05","2.9","A","A"
"5","Total","2012-05","2","A","A"
"5","8","2012-05","2.3","A","C"
"5","14","2012-05","2.5","A","C"
"5","15","2012-05","1.4","A","C"
"5","16","2012-05","1","A","D"
"5","17","2012-05","2.1","A","A"
"5","18","2012-05","1.9","A","B"
"5","20","2012-05","2","A","B"
"6","Total","2012-05","1.5","A","A"
"6","3","2012-05","1.8","A","A"
"6","4","2012-05","1.2","A","C"
"6","5","2012-05","1.2","A","B"
"6","6","2012-05","0.8","A","C"
"6","7","2012-05","0.8","A","C"
"6","9","2012-05","1.7","A","B"
"7","Total","2012-05","3.9","A","B"
"7","21","2012-05","3.9","A","B"
"Total","Total","2012-04","2.8","A","A"
"1","Total","2012-04","4.4","A","A"
"1","22","2012-04","4.6","A","A"
"1","23","2012-04","3.4","A","B"
"1","25","2012-04","4.9","A","A"
"2","Total","2012-04","2.3","A","A"
"2","2","2012-04","1.9","R","A"
"2","10","2012-04","2.3","A","B"
"2","11","2012-04","2.3","A","B"
"2","24","2012-04","4.5","A","B"
"2","26","2012-04","3","R","C"
"3","Total","2012-04","2.9","A","A"
"3","12","2012-04","3.7","A","B"
"3","13","2012-04","2.8","A","B"
"3","19","2012-04","2.7","A","A"
"4","Total","2012-04","2.9","A","A"
"4","1","2012-04","2.9","A","A"
"5","Total","2012-04","2.1","A","A"
"5","8","2012-04","2.4","A","C"
"5","14","2012-04","2.5","A","C"
"5","15","2012-04","1.4","A","C"
"5","16","2012-04","1.1","A","D"
"5","17","2012-04","2.2","A","A"
"5","18","2012-04","2","A","B"
"5","20","2012-04","2.1","A","B"
"6","Total","2012-04","1.6","A","A"
"6","3","2012-04","1.9","A","A"
"6","4","2012-04","1.4","A","C"
"6","5","2012-04","1.3","A","B"
"6","6","2012-04","0.8","A","C"
"6","7","2012-04","0.8","A","C"
"6","9","2012-04","1.7","A","B"
"7","Total","2012-04","4.1","A","B"
"7","21","2012-04","4.1","A","B"
"Total","Total","2012-03","2.9","A","A"
"1","Total","2012-03","4.5","A","A"
"1","22","2012-03","4.7","A","A"
"1","23","2012-03","3.5","A","B"
"1","25","2012-03","5","A","A"
"2","Total","2012-03","2.4","A","A"
"2","2","2012-03","2","R","A"
"2","10","2012-03","2.4","A","B"
"2","11","2012-03","2.4","A","B"
"2","24","2012-03","4.6","A","B"
"2","26","2012-03","3.2","R","C"
"3","Total","2012-03","2.9","A","A"
"3","12","2012-03","3.7","A","B"
"3","13","2012-03","2.8","A","B"
"3","19","2012-03","2.7","A","A"
"4","Total","2012-03","3","A","A"
"4","1","2012-03","3","A","A"
"5","Total","2012-03","2.1","A","A"
"5","8","2012-03","2.5","A","C"
"5","14","2012-03","2.6","A","C"
"5","15","2012-03","1.5","A","C"
"5","16","2012-03","1.1","A","D"
"5","17","2012-03","2.3","A","A"
"5","18","2012-03","1.5","A","B"
"5","20","2012-03","2.1","A","B"
"6","Total","2012-03","1.7","A","A"
"6","3","2012-03","2","A","A"
"6","4","2012-03","1.4","A","C"
"6","5","2012-03","1.3","A","B"
"6","6","2012-03","0.9","A","C"
"6","7","2012-03","0.9","A","C"
"6","9","2012-03","1.9","A","B"
"7","Total","2012-03","4.5","A","B"
"7","21","2012-03","4.5","A","B"
"Total","Total","2012-02","3.1","A","A"
"1","Total","2012-02","4.8","A","A"
"1","22","2012-02","4.8","A","A"
"1","23","2012-02","4.2","A","B"
"1","25","2012-02","5.2","A","A"
"2","Total","2012-02","2.6","A","A"
"2","2","2012-02","2.1","R","A"
"2","10","2012-02","2.7","A","B"
"2","11","2012-02","2.5","A","B"
"2","24","2012-02","4.7","A","B"
"2","26","2012-02","3.4","R","C"
"3","Total","2012-02","3","A","A"
"3","12","2012-02","3.9","A","B"
"3","13","2012-02","2.9","A","B"
"3","19","2012-02","2.8","A","A"
"4","Total","2012-02","3.1","A","A"
"4","1","2012-02","3.1","A","A"
"5","Total","2012-02","2.2","A","A"
"5","8","2012-02","2.4","A","C"
"5","14","2012-02","2.6","A","C"
"5","15","2012-02","1.6","A","C"
"5","16","2012-02","1.2","A","D"
"5","17","2012-02","2.4","A","A"
"5","18","2012-02","1.7","A","B"
"5","20","2012-02","2.3","A","B"
"6","Total","2012-02","1.8","A","A"
"6","3","2012-02","2.1","A","A"
"6","4","2012-02","1.7","A","C"
"6","5","2012-02","1.5","A","B"
"6","6","2012-02","0.9","A","C"
"6","7","2012-02","1","A","C"
"6","9","2012-02","2","A","B"
"7","Total","2012-02","4.9","A","B"
"7","21","2012-02","4.9","A","B"
"Total","Total","2012-01","3.1","A","A"
"1","Total","2012-01","4.9","A","A"
"1","22","2012-01","4.9","A","A"
"1","23","2012-01","4.5","A","B"
"1","25","2012-01","5.2","A","A"
"2","Total","2012-01","2.6","A","A"
"2","2","2012-01","2.2","R","A"
"2","10","2012-01","2.6","A","B"
"2","11","2012-01","2.5","A","B"
"2","24","2012-01","4.8","A","B"
"2","26","2012-01","3.4","R","C"
"3","Total","2012-01","3","A","A"
"3","12","2012-01","3.8","A","B"
"3","13","2012-01","2.9","A","B"
"3","19","2012-01","2.9","A","A"
"4","Total","2012-01","3","A","A"
"4","1","2012-01","3","A","A"
"5","Total","2012-01","2.2","A","A"
"5","8","2012-01","2.4","A","C"
"5","14","2012-01","2.5","A","C"
"5","15","2012-01","1.5","A","C"
"5","16","2012-01","1.2","A","D"
"5","17","2012-01","2.4","A","A"
"5","18","2012-01","1.8","A","B"
"5","20","2012-01","2.2","A","B"
"6","Total","2012-01","1.9","A","A"
"6","3","2012-01","2.1","A","A"
"6","4","2012-01","1.7","A","C"
"6","5","2012-01","1.6","A","B"
"6","6","2012-01","0.9","A","C"
"6","7","2012-01","0.9","A","C"
"6","9","2012-01","1.9","A","B"
"7","Total","2012-01","4.9","A","B"
"7","21","2012-01","4.9","A","B"
"Total","Total","2011-12","3","A","A"
"1","Total","2011-12","4.9","A","A"
"1","22","2011-12","4.7","A","A"
"1","23","2011-12","4.5","A","B"
"1","25","2011-12","5.4","A","A"
"2","Total","2011-12","2.5","A","A"
"2","2","2011-12","2.2","R","A"
"2","10","2011-12","2.4","A","B"
"2","11","2011-12","2.5","A","B"
"2","24","2011-12","4.7","A","B"
"2","26","2011-12","3.2","R","C"
"3","Total","2011-12","2.9","A","A"
"3","12","2011-12","3.7","A","B"
"3","13","2011-12","2.8","A","B"
"3","19","2011-12","2.7","A","A"
"4","Total","2011-12","2.9","A","A"
"4","1","2011-12","2.9","A","A"
"5","Total","2011-12","2.1","A","A"
"5","8","2011-12","2.3","A","C"
"5","14","2011-12","2.4","A","C"
"5","15","2011-12","1.4","A","C"
"5","16","2011-12","1.1","A","D"
"5","17","2011-12","2.4","A","A"
"5","18","2011-12","1.8","A","B"
"5","20","2011-12","2.1","A","B"
"6","Total","2011-12","1.8","A","A"
"6","3","2011-12","2","A","A"
"6","4","2011-12","1.6","A","C"
"6","5","2011-12","1.5","A","B"
"6","6","2011-12","1","A","C"
"6","7","2011-12","0.9","A","C"
"6","9","2011-12","1.9","A","B"
"7","Total","2011-12","4.7","A","B"
"7","21","2011-12","4.7","A","B"
"Total","Total","2011-11","2.8","A","A"
"1","Total","2011-11","4.4","A","A"
"1","22","2011-11","4.4","A","A"
"1","23","2011-11","3.3","A","B"
"1","25","2011-11","5.2","A","A"
"2","Total","2011-11","2.3","A","A"
"2","2","2011-11","2","R","A"
"2","10","2011-11","2.1","A","B"
"2","11","2011-11","2.3","A","B"
"2","24","2011-11","4.4","A","B"
"2","26","2011-11","2.9","R","C"
"3","Total","2011-11","2.7","A","A"
"3","12","2011-11","3.5","A","B"
"3","13","2011-11","2.6","A","B"
"3","19","2011-11","2.6","A","A"
"4","Total","2011-11","2.8","A","A"
"4","1","2011-11","2.8","A","A"
"5","Total","2011-11","2","A","A"
"5","8","2011-11","2","A","C"
"5","14","2011-11","2.2","A","C"
"5","15","2011-11","1.2","A","C"
"5","16","2011-11","0.9","A","D"
"5","17","2011-11","2.1","A","A"
"5","18","2011-11","1.8","A","B"
"5","20","2011-11","1.9","A","B"
"6","Total","2011-11","1.6","A","A"
"6","3","2011-11","1.9","A","A"
"6","4","2011-11","1.6","A","C"
"6","5","2011-11","1.4","A","B"
"6","6","2011-11","1","A","C"
"6","7","2011-11","0.9","A","C"
"6","9","2011-11","1.8","A","B"
"7","Total","2011-11","4.4","A","B"
"7","21","2011-11","4.4","A","B"
"Total","Total","2011-10","2.7","A","A"
"1","Total","2011-10","4.3","A","A"
"1","22","2011-10","4.2","A","A"
"1","23","2011-10","2.9","A","B"
"1","25","2011-10","5.2","A","A"
"2","Total","2011-10","2.2","A","A"
"2","2","2011-10","1.9","R","A"
"2","10","2011-10","2.1","A","B"
"2","11","2011-10","2.1","A","B"
"2","24","2011-10","4.3","A","B"
"2","26","2011-10","2.8","R","C"
"3","Total","2011-10","2.6","A","A"
"3","12","2011-10","3.5","A","B"
"3","13","2011-10","2.5","A","B"
"3","19","2011-10","2.4","A","A"
"4","Total","2011-10","2.7","A","A"
"4","1","2011-10","2.7","A","A"
"5","Total","2011-10","1.9","A","A"
"5","8","2011-10","2","A","C"
"5","14","2011-10","2.1","A","C"
"5","15","2011-10","1.2","A","C"
"5","16","2011-10","0.9","A","D"
"5","17","2011-10","2","A","A"
"5","18","2011-10","1.7","A","B"
"5","20","2011-10","1.8","A","B"
"6","Total","2011-10","1.5","A","A"
"6","3","2011-10","1.8","A","A"
"6","4","2011-10","1.1","A","C"
"6","5","2011-10","1.3","A","B"
"6","6","2011-10","0.8","A","C"
"6","7","2011-10","0.8","A","C"
"6","9","2011-10","1.8","A","B"
"7","Total","2011-10","4","A","B"
"7","21","2011-10","4","A","B"
"Total","Total","2011-09","2.6","A","A"
"1","Total","2011-09","4.1","A","A"
"1","22","2011-09","4.2","A","A"
"1","23","2011-09","2.6","A","B"
"1","25","2011-09","5","A","A"
"2","Total","2011-09","2.1","A","A"
"2","2","2011-09","1.8","R","A"
"2","10","2011-09","2","A","B"
"2","11","2011-09","2.2","A","B"
"2","24","2011-09","4.2","A","B"
"2","26","2011-09","2.8","R","C"
"3","Total","2011-09","2.6","A","A"
"3","12","2011-09","3.5","A","B"
"3","13","2011-09","2.6","A","B"
"3","19","2011-09","2.4","A","A"
"4","Total","2011-09","2.6","A","A"
"4","1","2011-09","2.6","A","A"
"5","Total","2011-09","1.7","A","A"
"5","8","2011-09","1.8","A","C"
"5","14","2011-09","2","A","C"
"5","15","2011-09","1.2","A","C"
"5","16","2011-09","0.9","A","D"
"5","17","2011-09","2","A","A"
"5","18","2011-09","1.2","A","B"
"5","20","2011-09","1.8","A","B"
"6","Total","2011-09","1.5","A","A"
"6","3","2011-09","1.7","A","A"
"6","4","2011-09","0.9","A","C"
"6","5","2011-09","1.2","A","B"
"6","6","2011-09","0.7","A","C"
"6","7","2011-09","0.8","A","C"
"6","9","2011-09","1.8","A","B"
"7","Total","2011-09","3.7","A","B"
"7","21","2011-09","3.7","A","B"
"Total","Total","2011-08","2.6","A","A"
"1","Total","2011-08","4.1","A","A"
"1","22","2011-08","4.2","A","A"
"1","23","2011-08","2.4","A","B"
"1","25","2011-08","5.2","A","A"
"2","Total","2011-08","2.2","A","A"
"2","2","2011-08","1.8","R","A"
"2","10","2011-08","2","A","B"
"2","11","2011-08","2.2","A","B"
"2","24","2011-08","4.4","A","B"
"2","26","2011-08","3","R","C"
"3","Total","2011-08","2.6","A","A"
"3","12","2011-08","3.4","A","B"
"3","13","2011-08","2.5","A","B"
"3","19","2011-08","2.4","A","A"
"4","Total","2011-08","2.6","A","A"
"4","1","2011-08","2.6","A","A"
"5","Total","2011-08","1.8","A","A"
"5","8","2011-08","1.7","A","C"
"5","14","2011-08","2.1","A","C"
"5","15","2011-08","1.3","A","C"
"5","16","2011-08","0.9","A","D"
"5","17","2011-08","2","A","A"
"5","18","2011-08","1.1","A","B"
"5","20","2011-08","1.7","A","B"
"6","Total","2011-08","1.5","A","A"
"6","3","2011-08","1.7","A","A"
"6","4","2011-08","0.9","A","C"
"6","5","2011-08","1.2","A","B"
"6","6","2011-08","0.6","A","C"
"6","7","2011-08","0.8","A","C"
"6","9","2011-08","1.7","A","B"
"7","Total","2011-08","3.6","A","B"
"7","21","2011-08","3.6","A","B"
"Total","Total","2011-07","2.5","A","A"
"1","Total","2011-07","4.1","A","A"
"1","22","2011-07","4.1","A","A"
"1","23","2011-07","2.3","A","B"
"1","25","2011-07","5.2","A","A"
"2","Total","2011-07","2.1","A","A"
"2","2","2011-07","1.8","R","A"
"2","10","2011-07","1.9","A","B"
"2","11","2011-07","2.1","A","B"
"2","24","2011-07","4.3","A","B"
"2","26","2011-07","3","R","C"
"3","Total","2011-07","2.5","A","A"
"3","12","2011-07","3.4","A","B"
"3","13","2011-07","2.5","A","B"
"3","19","2011-07","2.3","A","A"
"4","Total","2011-07","2.6","A","A"
"4","1","2011-07","2.6","A","A"
"5","Total","2011-07","1.7","A","A"
"5","8","2011-07","1.6","A","C"
"5","14","2011-07","2","A","C"
"5","15","2011-07","1.2","A","C"
"5","16","2011-07","0.7","A","D"
"5","17","2011-07","1.9","A","A"
"5","18","2011-07","1.1","A","B"
"5","20","2011-07","1.7","A","B"
"6","Total","2011-07","1.4","A","A"
"6","3","2011-07","1.6","A","A"
"6","4","2011-07","0.9","A","C"
"6","5","2011-07","1.1","A","B"
"6","6","2011-07","0.5","A","C"
"6","7","2011-07","0.8","A","C"
"6","9","2011-07","1.7","A","B"
"7","Total","2011-07","3.5","A","B"
"7","21","2011-07","3.5","A","B"
"Total","Total","2011-06","2.6","A","A"
"1","Total","2011-06","4.1","A","A"
"1","22","2011-06","4","A","A"
"1","23","2011-06","2.5","A","B"
"1","25","2011-06","5.4","A","A"
"2","Total","2011-06","2.1","A","A"
"2","2","2011-06","1.8","R","A"
"2","10","2011-06","1.8","A","B"
"2","11","2011-06","2.1","A","B"
"2","24","2011-06","4.3","A","B"
"2","26","2011-06","2.9","R","C"
"3","Total","2011-06","2.6","A","A"
"3","12","2011-06","3.4","A","B"
"3","13","2011-06","2.6","A","B"
"3","19","2011-06","2.3","A","A"
"4","Total","2011-06","2.6","A","A"
"4","1","2011-06","2.6","A","A"
"5","Total","2011-06","1.7","A","A"
"5","8","2011-06","1.6","A","C"
"5","14","2011-06","1.9","A","C"
"5","15","2011-06","1.2","A","C"
"5","16","2011-06","0.6","A","D"
"5","17","2011-06","1.9","A","A"
"5","18","2011-06","1.2","A","B"
"5","20","2011-06","1.8","A","B"
"6","Total","2011-06","1.4","A","A"
"6","3","2011-06","1.6","A","A"
"6","4","2011-06","0.9","A","C"
"6","5","2011-06","1.2","A","B"
"6","6","2011-06","0.6","A","C"
"6","7","2011-06","0.8","A","C"
"6","9","2011-06","1.7","A","B"
"7","Total","2011-06","3.6","A","B"
"7","21","2011-06","3.6","A","B"
"Total","Total","2011-05","2.7","A","A"
"1","Total","2011-05","4.3","A","A"
"1","22","2011-05","4.1","A","A"
"1","23","2011-05","2.8","A","B"
"1","25","2011-05","5.6","A","A"
"2","Total","2011-05","2.2","A","A"
"2","2","2011-05","1.9","R","A"
"2","10","2011-05","1.9","A","B"
"2","11","2011-05","2.2","A","B"
"2","24","2011-05","4.4","A","B"
"2","26","2011-05","3","R","C"
"3","Total","2011-05","2.6","A","A"
"3","12","2011-05","3.5","A","B"
"3","13","2011-05","2.6","A","B"
"3","19","2011-05","2.4","A","A"
"4","Total","2011-05","2.7","A","A"
"4","1","2011-05","2.7","A","A"
"5","Total","2011-05","1.9","A","A"
"5","8","2011-05","1.7","A","C"
"5","14","2011-05","2","A","C"
"5","15","2011-05","1.3","A","C"
"5","16","2011-05","0.5","A","D"
"5","17","2011-05","2","A","A"
"5","18","2011-05","1.8","A","B"
"5","20","2011-05","1.9","A","B"
"6","Total","2011-05","1.5","A","A"
"6","3","2011-05","1.7","A","A"
"6","4","2011-05","1","A","C"
"6","5","2011-05","1.3","A","B"
"6","6","2011-05","0.6","A","C"
"6","7","2011-05","0.7","A","C"
"6","9","2011-05","1.7","A","B"
"7","Total","2011-05","3.7","A","B"
"7","21","2011-05","3.7","A","B"
"Total","Total","2011-04","2.9","A","A"
"1","Total","2011-04","4.5","A","A"
"1","22","2011-04","4.3","A","A"
"1","23","2011-04","3","A","B"
"1","25","2011-04","5.9","A","A"
"2","Total","2011-04","2.4","A","A"
"2","2","2011-04","2.1","R","A"
"2","10","2011-04","2.1","A","B"
"2","11","2011-04","2.4","A","B"
"2","24","2011-04","4.8","A","B"
"2","26","2011-04","3.3","R","C"
"3","Total","2011-04","2.8","A","A"
"3","12","2011-04","3.6","A","B"
"3","13","2011-04","2.8","A","B"
"3","19","2011-04","2.5","A","A"
"4","Total","2011-04","2.9","A","A"
"4","1","2011-04","2.9","A","A"
"5","Total","2011-04","2","A","A"
"5","8","2011-04","2","A","C"
"5","14","2011-04","2.2","A","C"
"5","15","2011-04","1.4","A","C"
"5","16","2011-04","0.7","A","D"
"5","17","2011-04","2.2","A","A"
"5","18","2011-04","1.8","A","B"
"5","20","2011-04","2","A","B"
"6","Total","2011-04","1.6","A","A"
"6","3","2011-04","1.8","A","A"
"6","4","2011-04","1.1","A","C"
"6","5","2011-04","1.4","A","B"
"6","6","2011-04","0.8","A","C"
"6","7","2011-04","1","A","C"
"6","9","2011-04","1.9","A","B"
"7","Total","2011-04","4.1","A","B"
"7","21","2011-04","4.1","A","B"
"Total","Total","2011-03","3.1","A","A"
"1","Total","2011-03","4.8","A","A"
"1","22","2011-03","4.7","A","A"
"1","23","2011-03","3.3","A","B"
"1","25","2011-03","6.2","A","A"
"2","Total","2011-03","2.7","A","A"
"2","2","2011-03","2.3","R","A"
"2","10","2011-03","2.3","A","B"
"2","11","2011-03","2.7","A","B"
"2","24","2011-03","5.4","A","B"
"2","26","2011-03","4","R","C"
"3","Total","2011-03","3","A","A"
"3","12","2011-03","4.1","A","B"
"3","13","2011-03","3","A","B"
"3","19","2011-03","2.8","A","A"
"4","Total","2011-03","3.2","A","A"
"4","1","2011-03","3.2","A","A"
"5","Total","2011-03","2.1","A","A"
"5","8","2011-03","2.1","A","C"
"5","14","2011-03","2.4","A","C"
"5","15","2011-03","1.7","A","C"
"5","16","2011-03","0.9","A","D"
"5","17","2011-03","2.3","A","A"
"5","18","2011-03","1.4","A","B"
"5","20","2011-03","2.3","A","B"
"6","Total","2011-03","1.8","A","A"
"6","3","2011-03","2","A","A"
"6","4","2011-03","1.2","A","C"
"6","5","2011-03","1.6","A","B"
"6","6","2011-03","0.8","A","C"
"6","7","2011-03","1","A","C"
"6","9","2011-03","2","A","B"
"7","Total","2011-03","4.8","A","B"
"7","21","2011-03","4.8","A","B"
"Total","Total","2011-02","3.3","A","A"
"1","Total","2011-02","5.2","A","A"
"1","22","2011-02","4.9","A","A"
"1","23","2011-02","3.9","A","B"
"1","25","2011-02","6.4","A","A"
"2","Total","2011-02","2.9","A","A"
"2","2","2011-02","2.5","R","A"
"2","10","2011-02","2.5","A","B"
"2","11","2011-02","2.9","A","B"
"2","24","2011-02","5.7","A","B"
"2","26","2011-02","4.4","R","C"
"3","Total","2011-02","3.2","A","A"
"3","12","2011-02","4.2","A","B"
"3","13","2011-02","3.1","A","B"
"3","19","2011-02","2.9","A","A"
"4","Total","2011-02","3.3","A","A"
"4","1","2011-02","3.3","A","A"
"5","Total","2011-02","2.3","A","A"
"5","8","2011-02","2.3","A","C"
"5","14","2011-02","2.7","A","C"
"5","15","2011-02","1.8","A","C"
"5","16","2011-02","1","A","D"
"5","17","2011-02","2.5","A","A"
"5","18","2011-02","1.6","A","B"
"5","20","2011-02","2.5","A","B"
"6","Total","2011-02","1.9","A","A"
"6","3","2011-02","2.1","A","A"
"6","4","2011-02","1.4","A","C"
"6","5","2011-02","1.8","A","B"
"6","6","2011-02","1","A","C"
"6","7","2011-02","1.1","A","C"
"6","9","2011-02","2.1","A","B"
"7","Total","2011-02","5.3","A","B"
"7","21","2011-02","5.3","A","B"
"Total","Total","2011-01","3.4","A","A"
"1","Total","2011-01","5.4","A","A"
"1","22","2011-01","5.1","A","A"
"1","23","2011-01","4.5","A","B"
"1","25","2011-01","6.5","A","A"
"2","Total","2011-01","3.1","A","A"
"2","2","2011-01","2.6","R","A"
"2","10","2011-01","2.6","A","B"
"2","11","2011-01","3","A","B"
"2","24","2011-01","5.9","A","B"
"2","26","2011-01","4.7","R","C"
"3","Total","2011-01","3.2","A","A"
"3","12","2011-01","4.3","A","B"
"3","13","2011-01","3.2","A","B"
"3","19","2011-01","3","A","A"
"4","Total","2011-01","3.4","A","A"
"4","1","2011-01","3.4","A","A"
"5","Total","2011-01","2.4","A","A"
"5","8","2011-01","2.3","A","C"
"5","14","2011-01","2.7","A","C"
"5","15","2011-01","1.9","A","C"
"5","16","2011-01","1","A","D"
"5","17","2011-01","2.7","A","A"
"5","18","2011-01","1.8","A","B"
"5","20","2011-01","2.6","A","B"
"6","Total","2011-01","1.9","A","A"
"6","3","2011-01","2.1","A","A"
"6","4","2011-01","1.5","A","C"
"6","5","2011-01","1.8","A","B"
"6","6","2011-01","0.9","A","C"
"6","7","2011-01","1.2","A","C"
"6","9","2011-01","2.2","A","B"
"7","Total","2011-01","5.4","A","B"
"7","21","2011-01","5.4","A","B"
"Total","Total","2010-12","3.4","A","A"
"1","Total","2010-12","5.4","A","A"
"1","22","2010-12","5","A","A"
"1","23","2010-12","4.6","A","B"
"1","25","2010-12","6.5","A","A"
"2","Total","2010-12","3.1","A","A"
"2","2","2010-12","2.6","R","A"
"2","10","2010-12","2.6","A","B"
"2","11","2010-12","3","A","B"
"2","24","2010-12","6","A","B"
"2","26","2010-12","4.8","R","C"
"3","Total","2010-12","3.2","A","A"
"3","12","2010-12","4.2","A","B"
"3","13","2010-12","3.3","A","B"
"3","19","2010-12","3","A","A"
"4","Total","2010-12","3.3","A","A"
"4","1","2010-12","3.3","A","A"
"5","Total","2010-12","2.5","A","A"
"5","8","2010-12","2.2","A","C"
"5","14","2010-12","2.6","A","C"
"5","15","2010-12","1.8","A","C"
"5","16","2010-12","0.9","A","D"
"5","17","2010-12","2.8","A","A"
"5","18","2010-12","1.8","A","B"
"5","20","2010-12","2.5","A","B"
"6","Total","2010-12","2","A","A"
"6","3","2010-12","2.2","A","A"
"6","4","2010-12","1.6","A","C"
"6","5","2010-12","1.9","A","B"
"6","6","2010-12","1","A","C"
"6","7","2010-12","1.3","A","C"
"6","9","2010-12","2.2","A","B"
"7","Total","2010-12","5.2","A","B"
"7","21","2010-12","5.2","A","B"
"Total","Total","2010-11","3.3","A","A"
"1","Total","2010-11","5","A","A"
"1","22","2010-11","4.7","A","A"
"1","23","2010-11","3.6","A","B"
"1","25","2010-11","6.4","A","A"
"2","Total","2010-11","2.9","A","A"
"2","2","2010-11","2.5","R","A"
"2","10","2010-11","2.3","A","B"
"2","11","2010-11","2.9","A","B"
"2","24","2010-11","5.7","A","B"
"2","26","2010-11","4.5","R","C"
"3","Total","2010-11","3.1","A","A"
"3","12","2010-11","4","A","B"
"3","13","2010-11","3.2","A","B"
"3","19","2010-11","2.9","A","A"
"4","Total","2010-11","3.3","A","A"
"4","1","2010-11","3.3","A","A"
"5","Total","2010-11","2.4","A","A"
"5","8","2010-11","2.1","A","C"
"5","14","2010-11","2.5","A","C"
"5","15","2010-11","1.6","A","C"
"5","16","2010-11","0.8","A","D"
"5","17","2010-11","2.7","A","A"
"5","18","2010-11","1.7","A","B"
"5","20","2010-11","2.5","A","B"
"6","Total","2010-11","1.9","A","A"
"6","3","2010-11","2.1","A","A"
"6","4","2010-11","1.6","A","C"
"6","5","2010-11","1.7","A","B"
"6","6","2010-11","1.1","A","C"
"6","7","2010-11","1.2","A","C"
"6","9","2010-11","2.1","A","B"
"7","Total","2010-11","5.1","A","B"
"7","21","2010-11","5.1","A","B"
"Total","Total","2010-10","3.2","A","A"
"1","Total","2010-10","4.9","A","A"
"1","22","2010-10","4.7","A","A"
"1","23","2010-10","3.2","A","B"
"1","25","2010-10","6.4","A","A"
"2","Total","2010-10","2.9","A","A"
"2","2","2010-10","2.4","R","A"
"2","10","2010-10","2.4","A","B"
"2","11","2010-10","3","A","B"
"2","24","2010-10","5.8","A","B"
"2","26","2010-10","4.5","R","C"
"3","Total","2010-10","3.1","A","A"
"3","12","2010-10","4","A","B"
"3","13","2010-10","3.1","A","B"
"3","19","2010-10","2.8","A","A"
"4","Total","2010-10","3.2","A","A"
"4","1","2010-10","3.2","A","A"
"5","Total","2010-10","2.3","A","A"
"5","8","2010-10","2.1","A","C"
"5","14","2010-10","2.4","A","C"
"5","15","2010-10","1.7","A","C"
"5","16","2010-10","0.8","A","D"
"5","17","2010-10","2.7","A","A"
"5","18","2010-10","1.6","A","B"
"5","20","2010-10","2.5","A","B"
"6","Total","2010-10","1.9","A","A"
"6","3","2010-10","2.1","A","A"
"6","4","2010-10","1.4","A","C"
"6","5","2010-10","1.7","A","B"
"6","6","2010-10","1.1","A","C"
"6","7","2010-10","1.2","A","C"
"6","9","2010-10","2.1","A","B"
"7","Total","2010-10","4.8","A","B"
"7","21","2010-10","4.8","A","B"
"Total","Total","2010-09","3.2","A","A"
"1","Total","2010-09","4.8","A","A"
"1","22","2010-09","4.7","A","A"
"1","23","2010-09","2.9","A","B"
"1","25","2010-09","6.3","A","A"
"2","Total","2010-09","2.9","A","A"
"2","2","2010-09","2.5","R","A"
"2","10","2010-09","2.4","A","B"
"2","11","2010-09","3","A","B"
"2","24","2010-09","5.9","A","B"
"2","26","2010-09","4.8","R","C"
"3","Total","2010-09","3.1","A","A"
"3","12","2010-09","4","A","B"
"3","13","2010-09","3.1","A","B"
"3","19","2010-09","2.9","A","A"
"4","Total","2010-09","3.3","A","A"
"4","1","2010-09","3.3","A","A"
"5","Total","2010-09","2.4","A","A"
"5","8","2010-09","2.1","A","C"
"5","14","2010-09","2.6","A","C"
"5","15","2010-09","1.8","A","C"
"5","16","2010-09","0.9","A","D"
"5","17","2010-09","2.8","A","A"
"5","18","2010-09","1.2","A","B"
"5","20","2010-09","2.6","A","B"
"6","Total","2010-09","1.9","A","A"
"6","3","2010-09","2.1","A","A"
"6","4","2010-09","1.1","A","C"
"6","5","2010-09","1.9","A","B"
"6","6","2010-09","1","A","C"
"6","7","2010-09","1.2","A","C"
"6","9","2010-09","2.2","A","B"
"7","Total","2010-09","4.5","A","B"
"7","21","2010-09","4.5","A","B"
"Total","Total","2010-08","3.3","A","A"
"1","Total","2010-08","4.9","A","A"
"1","22","2010-08","4.8","A","A"
"1","23","2010-08","2.9","A","B"
"1","25","2010-08","6.4","A","A"
"2","Total","2010-08","3","A","A"
"2","2","2010-08","2.5","R","A"
"2","10","2010-08","2.4","A","B"
"2","11","2010-08","3.3","A","B"
"2","24","2010-08","6.1","A","B"
"2","26","2010-08","5","R","C"
"3","Total","2010-08","3.2","A","A"
"3","12","2010-08","4","A","B"
"3","13","2010-08","3.2","A","B"
"3","19","2010-08","3","A","A"
"4","Total","2010-08","3.4","A","A"
"4","1","2010-08","3.4","A","A"
"5","Total","2010-08","2.4","A","A"
"5","8","2010-08","2.3","A","C"
"5","14","2010-08","2.6","A","C"
"5","15","2010-08","2","A","C"
"5","16","2010-08","0.9","A","D"
"5","17","2010-08","2.9","A","A"
"5","18","2010-08","1.2","A","B"
"5","20","2010-08","2.6","A","B"
"6","Total","2010-08","2","A","A"
"6","3","2010-08","2.2","A","A"
"6","4","2010-08","1","A","C"
"6","5","2010-08","1.9","A","B"
"6","6","2010-08","1.2","A","C"
"6","7","2010-08","1.3","A","C"
"6","9","2010-08","2.2","A","B"
"7","Total","2010-08","4.3","A","B"
"7","21","2010-08","4.3","A","B"
"Total","Total","2010-07","3.3","A","A"
"1","Total","2010-07","4.8","A","A"
"1","22","2010-07","4.7","A","A"
"1","23","2010-07","2.8","A","B"
"1","25","2010-07","6.5","A","A"
"2","Total","2010-07","3","A","A"
"2","2","2010-07","2.4","R","A"
"2","10","2010-07","2.4","A","B"
"2","11","2010-07","3.3","A","B"
"2","24","2010-07","5.9","A","B"
"2","26","2010-07","5.1","R","C"
"3","Total","2010-07","3.2","A","A"
"3","12","2010-07","4","A","B"
"3","13","2010-07","3.2","A","B"
"3","19","2010-07","3","A","A"
"4","Total","2010-07","3.4","A","A"
"4","1","2010-07","3.4","A","A"
"5","Total","2010-07","2.4","A","A"
"5","8","2010-07","2.2","A","C"
"5","14","2010-07","2.7","A","C"
"5","15","2010-07","1.9","A","C"
"5","16","2010-07","1","A","D"
"5","17","2010-07","2.9","A","A"
"5","18","2010-07","1.3","A","B"
"5","20","2010-07","2.6","A","B"
"6","Total","2010-07","2","A","A"
"6","3","2010-07","2.2","A","A"
"6","4","2010-07","1","A","C"
"6","5","2010-07","1.9","A","B"
"6","6","2010-07","1.3","A","C"
"6","7","2010-07","1.4","A","C"
"6","9","2010-07","2.2","A","B"
"7","Total","2010-07","4.2","A","B"
"7","21","2010-07","4.2","A","B"
"Total","Total","2010-06","3.3","A","A"
"1","Total","2010-06","4.9","A","A"
"1","22","2010-06","4.7","A","A"
"1","23","2010-06","3.1","A","B"
"1","25","2010-06","6.6","A","A"
"2","Total","2010-06","3","A","A"
"2","2","2010-06","2.4","R","A"
"2","10","2010-06","2.4","A","B"
"2","11","2010-06","3.4","A","B"
"2","24","2010-06","5.8","A","B"
"2","26","2010-06","5","R","C"
"3","Total","2010-06","3.2","A","A"
"3","12","2010-06","4","A","B"
"3","13","2010-06","3.2","A","B"
"3","19","2010-06","3","A","A"
"4","Total","2010-06","3.5","A","A"
"4","1","2010-06","3.5","A","A"
"5","Total","2010-06","2.5","A","A"
"5","8","2010-06","2.3","A","C"
"5","14","2010-06","2.8","A","C"
"5","15","2010-06","1.8","A","C"
"5","16","2010-06","0.9","A","D"
"5","17","2010-06","2.9","A","A"
"5","18","2010-06","1.4","A","B"
"5","20","2010-06","2.8","A","B"
"6","Total","2010-06","2","A","A"
"6","3","2010-06","2.3","A","A"
"6","4","2010-06","1","A","C"
"6","5","2010-06","1.9","A","B"
"6","6","2010-06","1.2","A","C"
"6","7","2010-06","1.4","A","C"
"6","9","2010-06","2.3","A","B"
"7","Total","2010-06","4.2","A","B"
"7","21","2010-06","4.2","A","B"
"Total","Total","2010-05","3.5","A","A"
"1","Total","2010-05","5.1","A","A"
"1","22","2010-05","4.9","A","A"
"1","23","2010-05","3.5","A","B"
"1","25","2010-05","6.7","A","A"
"2","Total","2010-05","3.1","A","A"
"2","2","2010-05","2.6","R","A"
"2","10","2010-05","2.5","A","B"
"2","11","2010-05","3.6","A","B"
"2","24","2010-05","5.9","A","B"
"2","26","2010-05","5.2","R","C"
"3","Total","2010-05","3.3","A","A"
"3","12","2010-05","4.1","A","B"
"3","13","2010-05","3.3","A","B"
"3","19","2010-05","3.2","A","A"
"4","Total","2010-05","3.6","A","A"
"4","1","2010-05","3.6","A","A"
"5","Total","2010-05","2.7","A","A"
"5","8","2010-05","2.5","A","C"
"5","14","2010-05","3","A","C"
"5","15","2010-05","1.7","A","C"
"5","16","2010-05","1","A","D"
"5","17","2010-05","3.1","A","A"
"5","18","2010-05","1.8","A","B"
"5","20","2010-05","2.9","A","B"
"6","Total","2010-05","2.1","A","A"
"6","3","2010-05","2.4","A","A"
"6","4","2010-05","1.3","A","C"
"6","5","2010-05","2","A","B"
"6","6","2010-05","1.3","A","C"
"6","7","2010-05","1.5","A","C"
"6","9","2010-05","2.3","A","B"
"7","Total","2010-05","4.3","A","B"
"7","21","2010-05","4.3","A","B"
"Total","Total","2010-04","3.7","A","A"
"1","Total","2010-04","5.3","A","A"
"1","22","2010-04","5.1","A","A"
"1","23","2010-04","3.9","A","B"
"1","25","2010-04","6.7","A","A"
"2","Total","2010-04","3.3","A","A"
"2","2","2010-04","2.7","R","A"
"2","10","2010-04","2.7","A","B"
"2","11","2010-04","3.8","A","B"
"2","24","2010-04","6.3","A","B"
"2","26","2010-04","5.5","R","C"
"3","Total","2010-04","3.5","A","A"
"3","12","2010-04","4.2","A","B"
"3","13","2010-04","3.4","A","B"
"3","19","2010-04","3.3","A","A"
"4","Total","2010-04","3.8","A","A"
"4","1","2010-04","3.8","A","A"
"5","Total","2010-04","2.9","A","A"
"5","8","2010-04","2.6","A","C"
"5","14","2010-04","3.4","A","C"
"5","15","2010-04","1.9","A","C"
"5","16","2010-04","1","A","D"
"5","17","2010-04","3.3","A","A"
"5","18","2010-04","1.9","A","B"
"5","20","2010-04","3.1","A","B"
"6","Total","2010-04","2.3","A","A"
"6","3","2010-04","2.6","A","A"
"6","4","2010-04","1.3","A","C"
"6","5","2010-04","2.1","A","B"
"6","6","2010-04","1.4","A","C"
"6","7","2010-04","1.7","A","C"
"6","9","2010-04","2.4","A","B"
"7","Total","2010-04","4.5","A","B"
"7","21","2010-04","4.5","A","B"
"Total","Total","2010-03","3.8","A","A"
"1","Total","2010-03","5.5","A","A"
"1","22","2010-03","5.3","A","A"
"1","23","2010-03","4","A","B"
"1","25","2010-03","6.8","A","A"
"2","Total","2010-03","3.5","A","A"
"2","2","2010-03","2.9","R","A"
"2","10","2010-03","2.9","A","B"
"2","11","2010-03","4","A","B"
"2","24","2010-03","6.8","A","B"
"2","26","2010-03","5.9","R","C"
"3","Total","2010-03","3.7","A","A"
"3","12","2010-03","4.4","A","B"
"3","13","2010-03","3.5","A","B"
"3","19","2010-03","3.5","A","A"
"4","Total","2010-03","4","A","A"
"4","1","2010-03","4","A","A"
"5","Total","2010-03","3","A","A"
"5","8","2010-03","2.7","A","C"
"5","14","2010-03","3.8","A","C"
"5","15","2010-03","2","A","C"
"5","16","2010-03","1.4","A","D"
"5","17","2010-03","3.5","A","A"
"5","18","2010-03","1.5","A","B"
"5","20","2010-03","3.3","A","B"
"6","Total","2010-03","2.5","A","A"
"6","3","2010-03","2.8","A","A"
"6","4","2010-03","1.4","A","C"
"6","5","2010-03","2.2","A","B"
"6","6","2010-03","1.5","A","C"
"6","7","2010-03","2","A","C"
"6","9","2010-03","2.6","A","B"
"7","Total","2010-03","4.9","A","B"
"7","21","2010-03","4.9","A","B"
"Total","Total","2010-02","4","A","A"
"1","Total","2010-02","5.7","A","A"
"1","22","2010-02","5.4","A","A"
"1","23","2010-02","4.6","A","B"
"1","25","2010-02","6.9","A","A"
"2","Total","2010-02","3.7","A","A"
"2","2","2010-02","3","R","A"
"2","10","2010-02","3.2","A","B"
"2","11","2010-02","4.2","A","B"
"2","24","2010-02","7","A","B"
"2","26","2010-02","6.1","R","C"
"3","Total","2010-02","3.7","A","A"
"3","12","2010-02","4.6","A","B"
"3","13","2010-02","3.7","A","B"
"3","19","2010-02","3.6","A","A"
"4","Total","2010-02","4","A","A"
"4","1","2010-02","4","A","A"
"5","Total","2010-02","3.1","A","A"
"5","8","2010-02","2.9","A","C"
"5","14","2010-02","4","A","C"
"5","15","2010-02","2.2","A","C"
"5","16","2010-02","1.4","A","D"
"5","17","2010-02","3.6","A","A"
"5","18","2010-02","1.7","A","B"
"5","20","2010-02","3.5","A","B"
"6","Total","2010-02","2.6","A","A"
"6","3","2010-02","2.9","A","A"
"6","4","2010-02","1.5","A","C"
"6","5","2010-02","2.3","A","B"
"6","6","2010-02","1.6","A","C"
"6","7","2010-02","2","A","C"
"6","9","2010-02","2.8","A","B"
"7","Total","2010-02","5.3","A","B"
"7","21","2010-02","5.3","A","B"
"Total","Total","2010-01","4.1","A","A"
"1","Total","2010-01","5.8","A","A"
"1","22","2010-01","5.5","A","A"
"1","23","2010-01","5.1","A","B"
"1","25","2010-01","6.9","A","A"
"2","Total","2010-01","3.8","A","A"
"2","2","2010-01","3.1","R","A"
"2","10","2010-01","3.3","A","B"
"2","11","2010-01","4.3","A","B"
"2","24","2010-01","7.1","A","B"
"2","26","2010-01","6.1","R","C"
"3","Total","2010-01","3.8","A","A"
"3","12","2010-01","4.7","A","B"
"3","13","2010-01","3.7","A","B"
"3","19","2010-01","3.6","A","A"
"4","Total","2010-01","4.1","A","A"
"4","1","2010-01","4.1","A","A"
"5","Total","2010-01","3.2","A","A"
"5","8","2010-01","3","A","C"
"5","14","2010-01","4","A","C"
"5","15","2010-01","2.3","A","C"
"5","16","2010-01","1.4","A","D"
"5","17","2010-01","3.6","A","A"
"5","18","2010-01","1.8","A","B"
"5","20","2010-01","3.5","A","B"
"6","Total","2010-01","2.7","A","A"
"6","3","2010-01","3","A","A"
"6","4","2010-01","1.8","A","C"
"6","5","2010-01","2.3","A","B"
"6","6","2010-01","1.6","A","C"
"6","7","2010-01","2","A","C"
"6","9","2010-01","3","A","B"
"7","Total","2010-01","5.4","A","B"
"7","21","2010-01","5.4","A","B"
"Total","Total","2009-12","4.4","A",""
"1","Total","2009-12","6.3","A",""
"1","22","2009-12","5.9","A",""
"1","23","2009-12","5.9","A",""
"1","25","2009-12","7.2","A",""
"2","Total","2009-12","4","A",""
"2","2","2009-12","3.2","R",""
"2","10","2009-12","3.8","A",""
"2","11","2009-12","4.6","A",""
"2","24","2009-12","7.2","A",""
"2","26","2009-12","6.3","R",""
"3","Total","2009-12","4","A",""
"3","12","2009-12","4.4","A",""
"3","13","2009-12","3.9","A",""
"3","19","2009-12","3.9","A",""
"4","Total","2009-12","4.4","A",""
"4","1","2009-12","4.4","A",""
"5","Total","2009-12","3.5","A",""
"5","8","2009-12","3","A",""
"5","14","2009-12","4.1","A",""
"5","15","2009-12","2.4","A",""
"5","16","2009-12","1.6","A",""
"5","17","2009-12","3.9","A",""
"5","18","2009-12","2.1","A",""
"5","20","2009-12","3.9","A",""
"6","Total","2009-12","3","A",""
"6","3","2009-12","3.3","A",""
"6","4","2009-12","1.8","A",""
"6","5","2009-12","2.5","A",""
"6","6","2009-12","1.9","A",""
"6","7","2009-12","2.1","A",""
"6","9","2009-12","3.3","A",""
"7","Total","2009-12","5.7","A",""
"7","21","2009-12","5.7","A",""
"Total","Total","2009-11","4.2","A",""
"1","Total","2009-11","6","A",""
"1","22","2009-11","5.7","A",""
"1","23","2009-11","4.8","A",""
"1","25","2009-11","7.2","A",""
"2","Total","2009-11","3.7","A",""
"2","2","2009-11","2.9","R",""
"2","10","2009-11","3.6","A",""
"2","11","2009-11","4.4","A",""
"2","24","2009-11","6.8","A",""
"2","26","2009-11","5.9","R",""
"3","Total","2009-11","3.8","A",""
"3","12","2009-11","4.1","A",""
"3","13","2009-11","3.7","A",""
"3","19","2009-11","3.8","A",""
"4","Total","2009-11","4.3","A",""
"4","1","2009-11","4.3","A",""
"5","Total","2009-11","3.3","A",""
"5","8","2009-11","2.7","A",""
"5","14","2009-11","3.7","A",""
"5","15","2009-11","2.1","A",""
"5","16","2009-11","1.5","A",""
"5","17","2009-11","3.7","A",""
"5","18","2009-11","2.2","A",""
"5","20","2009-11","3.7","A",""
"6","Total","2009-11","2.8","A",""
"6","3","2009-11","3.2","A",""
"6","4","2009-11","1.7","A",""
"6","5","2009-11","2.3","A",""
"6","6","2009-11","1.9","A",""
"6","7","2009-11","2.2","A",""
"6","9","2009-11","3.1","A",""
"7","Total","2009-11","5.5","A",""
"7","21","2009-11","5.5","A",""
"Total","Total","2009-10","4","A",""
"1","Total","2009-10","5.7","A",""
"1","22","2009-10","5.5","A",""
"1","23","2009-10","4.1","A",""
"1","25","2009-10","7","A",""
"2","Total","2009-10","3.6","A",""
"2","2","2009-10","2.8","R",""
"2","10","2009-10","3.6","A",""
"2","11","2009-10","4.3","A",""
"2","24","2009-10","6.5","A",""
"2","26","2009-10","5.8","R",""
"3","Total","2009-10","3.7","A",""
"3","12","2009-10","4.1","A",""
"3","13","2009-10","3.6","A",""
"3","19","2009-10","3.7","A",""
"4","Total","2009-10","4.2","A",""
"4","1","2009-10","4.2","A",""
"5","Total","2009-10","3.2","A",""
"5","8","2009-10","2.6","A",""
"5","14","2009-10","3.6","A",""
"5","15","2009-10","2.1","A",""
"5","16","2009-10","1.3","A",""
"5","17","2009-10","3.6","A",""
"5","18","2009-10","2.1","A",""
"5","20","2009-10","3.6","A",""
"6","Total","2009-10","2.7","A",""
"6","3","2009-10","3.1","A",""
"6","4","2009-10","1.4","A",""
"6","5","2009-10","2.2","A",""
"6","6","2009-10","1.9","A",""
"6","7","2009-10","2.1","A",""
"6","9","2009-10","3","A",""
"7","Total","2009-10","5.1","A",""
"7","21","2009-10","5.1","A",""
"Total","Total","2009-09","3.9","A",""
"1","Total","2009-09","5.6","A",""
"1","22","2009-09","5.4","A",""
"1","23","2009-09","3.8","A",""
"1","25","2009-09","7","A",""
"2","Total","2009-09","3.6","A",""
"2","2","2009-09","2.8","R",""
"2","10","2009-09","3.5","A",""
"2","11","2009-09","4.2","A",""
"2","24","2009-09","6.4","A",""
"2","26","2009-09","5.8","R",""
"3","Total","2009-09","3.7","A",""
"3","12","2009-09","3.9","A",""
"3","13","2009-09","3.6","A",""
"3","19","2009-09","3.7","A",""
"4","Total","2009-09","4","A",""
"4","1","2009-09","4","A",""
"5","Total","2009-09","3.1","A",""
"5","8","2009-09","2.6","A",""
"5","14","2009-09","3.6","A",""
"5","15","2009-09","2.2","A",""
"5","16","2009-09","1.4","A",""
"5","17","2009-09","3.6","A",""
"5","18","2009-09","1.6","A",""
"5","20","2009-09","3.5","A",""
"6","Total","2009-09","2.6","A",""
"6","3","2009-09","3","A",""
"6","4","2009-09","1.2","A",""
"6","5","2009-09","2.1","A",""
"6","6","2009-09","1.7","A",""
"6","7","2009-09","2","A",""
"6","9","2009-09","3.1","A",""
"7","Total","2009-09","4.8","A",""
"7","21","2009-09","4.8","A",""
"Total","Total","2009-08","3.8","A",""
"1","Total","2009-08","5.5","A",""
"1","22","2009-08","5.3","A",""
"1","23","2009-08","3.6","A",""
"1","25","2009-08","6.9","A",""
"2","Total","2009-08","3.5","A",""
"2","2","2009-08","2.7","R",""
"2","10","2009-08","3.4","A",""
"2","11","2009-08","4.1","A",""
"2","24","2009-08","6.5","A",""
"2","26","2009-08","5.7","R",""
"3","Total","2009-08","3.6","A",""
"3","12","2009-08","3.8","A",""
"3","13","2009-08","3.5","A",""
"3","19","2009-08","3.6","A",""
"4","Total","2009-08","3.9","A",""
"4","1","2009-08","3.9","A",""
"5","Total","2009-08","3.1","A",""
"5","8","2009-08","2.8","A",""
"5","14","2009-08","3.5","A",""
"5","15","2009-08","2.3","A",""
"5","16","2009-08","1.3","A",""
"5","17","2009-08","3.6","A",""
"5","18","2009-08","1.5","A",""
"5","20","2009-08","3.4","A",""
"6","Total","2009-08","2.6","A",""
"6","3","2009-08","2.9","A",""
"6","4","2009-08","1.1","A",""
"6","5","2009-08","2.2","A",""
"6","6","2009-08","1.6","A",""
"6","7","2009-08","1.9","A",""
"6","9","2009-08","3","A",""
"7","Total","2009-08","4.6","A",""
"7","21","2009-08","4.6","A",""
"Total","Total","2009-07","3.7","A",""
"1","Total","2009-07","5.3","A",""
"1","22","2009-07","5.1","A",""
"1","23","2009-07","3.5","A",""
"1","25","2009-07","6.8","A",""
"2","Total","2009-07","3.3","A",""
"2","2","2009-07","2.5","R",""
"2","10","2009-07","3.2","A",""
"2","11","2009-07","4.1","A",""
"2","24","2009-07","6.1","A",""
"2","26","2009-07","5.6","R",""
"3","Total","2009-07","3.5","A",""
"3","12","2009-07","3.8","A",""
"3","13","2009-07","3.5","A",""
"3","19","2009-07","3.4","A",""
"4","Total","2009-07","3.8","A",""
"4","1","2009-07","3.8","A",""
"5","Total","2009-07","2.9","A",""
"5","8","2009-07","2.5","A",""
"5","14","2009-07","3.3","A",""
"5","15","2009-07","2.2","A",""
"5","16","2009-07","1.3","A",""
"5","17","2009-07","3.4","A",""
"5","18","2009-07","1.5","A",""
"5","20","2009-07","3.2","A",""
"6","Total","2009-07","2.4","A",""
"6","3","2009-07","2.8","A",""
"6","4","2009-07","1","A",""
"6","5","2009-07","2","A",""
"6","6","2009-07","1.5","A",""
"6","7","2009-07","1.8","A",""
"6","9","2009-07","2.8","A",""
"7","Total","2009-07","4.5","A",""
"7","21","2009-07","4.5","A",""
"Total","Total","2009-06","3.6","A",""
"1","Total","2009-06","5.2","A",""
"1","22","2009-06","4.9","A",""
"1","23","2009-06","3.4","A",""
"1","25","2009-06","6.7","A",""
"2","Total","2009-06","3.2","A",""
"2","2","2009-06","2.4","R",""
"2","10","2009-06","3","A",""
"2","11","2009-06","3.9","A",""
"2","24","2009-06","5.8","A",""
"2","26","2009-06","5.1","R",""
"3","Total","2009-06","3.4","A",""
"3","12","2009-06","3.7","A",""
"3","13","2009-06","3.4","A",""
"3","19","2009-06","3.3","A",""
"4","Total","2009-06","3.6","A",""
"4","1","2009-06","3.6","A",""
"5","Total","2009-06","2.8","A",""
"5","8","2009-06","2.3","A",""
"5","14","2009-06","3.2","A",""
"5","15","2009-06","2","A",""
"5","16","2009-06","1.3","A",""
"5","17","2009-06","3.3","A",""
"5","18","2009-06","1.7","A",""
"5","20","2009-06","3","A",""
"6","Total","2009-06","2.4","A",""
"6","3","2009-06","2.7","A",""
"6","4","2009-06","1.1","A",""
"6","5","2009-06","1.9","A",""
"6","6","2009-06","1.5","A",""
"6","7","2009-06","1.8","A",""
"6","9","2009-06","2.7","A",""
"7","Total","2009-06","4.5","A",""
"7","21","2009-06","4.5","A",""
"Total","Total","2009-05","3.4","A",""
"1","Total","2009-05","5.1","A",""
"1","22","2009-05","4.8","A",""
"1","23","2009-05","3.5","A",""
"1","25","2009-05","6.6","A",""
"2","Total","2009-05","3.1","A",""
"2","2","2009-05","2.4","R",""
"2","10","2009-05","2.9","A",""
"2","11","2009-05","3.6","A",""
"2","24","2009-05","5.5","A",""
"2","26","2009-05","4.7","R",""
"3","Total","2009-05","3.2","A",""
"3","12","2009-05","3.6","A",""
"3","13","2009-05","3.2","A",""
"3","19","2009-05","3.1","A",""
"4","Total","2009-05","3.3","A",""
"4","1","2009-05","3.3","A",""
"5","Total","2009-05","2.8","A",""
"5","8","2009-05","2.3","A",""
"5","14","2009-05","3.1","A",""
"5","15","2009-05","2.1","A",""
"5","16","2009-05","1.2","A",""
"5","17","2009-05","3.2","A",""
"5","18","2009-05","2","A",""
"5","20","2009-05","2.9","A",""
"6","Total","2009-05","2.3","A",""
"6","3","2009-05","2.6","A",""
"6","4","2009-05","1.2","A",""
"6","5","2009-05","1.9","A",""
"6","6","2009-05","1.4","A",""
"6","7","2009-05","1.5","A",""
"6","9","2009-05","2.6","A",""
"7","Total","2009-05","4.4","A",""
"7","21","2009-05","4.4","A",""
"Total","Total","2009-04","3.5","A",""
"1","Total","2009-04","5.2","A",""
"1","22","2009-04","4.9","A",""
"1","23","2009-04","3.8","A",""
"1","25","2009-04","6.6","A",""
"2","Total","2009-04","3.1","A",""
"2","2","2009-04","2.5","R",""
"2","10","2009-04","3","A",""
"2","11","2009-04","3.5","A",""
"2","24","2009-04","5","A",""
"2","26","2009-04","4.8","R",""
"3","Total","2009-04","3.2","A",""
"3","12","2009-04","3.6","A",""
"3","13","2009-04","3.1","A",""
"3","19","2009-04","3.2","A",""
"4","Total","2009-04","3.4","A",""
"4","1","2009-04","3.4","A",""
"5","Total","2009-04","2.7","A",""
"5","8","2009-04","2.3","A",""
"5","14","2009-04","3","A",""
"5","15","2009-04","2","A",""
"5","16","2009-04","1.3","A",""
"5","17","2009-04","3.1","A",""
"5","18","2009-04","2.1","A",""
"5","20","2009-04","2.9","A",""
"6","Total","2009-04","2.4","A",""
"6","3","2009-04","2.7","A",""
"6","4","2009-04","1.2","A",""
"6","5","2009-04","2","A",""
"6","6","2009-04","1.5","A",""
"6","7","2009-04","1.5","A",""
"6","9","2009-04","2.7","A",""
"7","Total","2009-04","4.5","A",""
"7","21","2009-04","4.5","A",""
"Total","Total","2009-03","3.4","A",""
"1","Total","2009-03","5.2","A",""
"1","22","2009-03","4.8","A",""
"1","23","2009-03","3.9","A",""
"1","25","2009-03","6.5","A",""
"2","Total","2009-03","3","A",""
"2","2","2009-03","2.5","R",""
"2","10","2009-03","3.2","A",""
"2","11","2009-03","3.4","A",""
"2","24","2009-03","4.8","A",""
"2","26","2009-03","4.7","R",""
"3","Total","2009-03","3.2","A",""
"3","12","2009-03","3.6","A",""
"3","13","2009-03","3","A",""
"3","19","2009-03","3.1","A",""
"4","Total","2009-03","3.3","A",""
"4","1","2009-03","3.3","A",""
"5","Total","2009-03","2.6","A",""
"5","8","2009-03","2.2","A",""
"5","14","2009-03","2.9","A",""
"5","15","2009-03","2.1","A",""
"5","16","2009-03","1.3","A",""
"5","17","2009-03","3","A",""
"5","18","2009-03","1.5","A",""
"5","20","2009-03","2.8","A",""
"6","Total","2009-03","2.4","A",""
"6","3","2009-03","2.7","A",""
"6","4","2009-03","1.2","A",""
"6","5","2009-03","2","A",""
"6","6","2009-03","1.7","A",""
"6","7","2009-03","1.7","A",""
"6","9","2009-03","2.5","A",""
"7","Total","2009-03","4.8","A",""
"7","21","2009-03","4.8","A",""
"Total","Total","2009-02","3.4","A",""
"1","Total","2009-02","5.2","A",""
"1","22","2009-02","4.7","A",""
"1","23","2009-02","4.4","A",""
"1","25","2009-02","6.3","A",""
"2","Total","2009-02","3","A",""
"2","2","2009-02","2.4","R",""
"2","10","2009-02","3.6","A",""
"2","11","2009-02","3.2","A",""
"2","24","2009-02","4.6","A",""
"2","26","2009-02","4.4","R",""
"3","Total","2009-02","3","A",""
"3","12","2009-02","3.5","A",""
"3","13","2009-02","2.9","A",""
"3","19","2009-02","3","A",""
"4","Total","2009-02","3.2","A",""
"4","1","2009-02","3.2","A",""
"5","Total","2009-02","2.5","A",""
"5","8","2009-02","2","A",""
"5","14","2009-02","2.8","A",""
"5","15","2009-02","2.1","A",""
"5","16","2009-02","1.3","A",""
"5","17","2009-02","2.8","A",""
"5","18","2009-02","1.6","A",""
"5","20","2009-02","2.7","A",""
"6","Total","2009-02","2.3","A",""
"6","3","2009-02","2.7","A",""
"6","4","2009-02","1.3","A",""
"6","5","2009-02","1.9","A",""
"6","6","2009-02","1.6","A",""
"6","7","2009-02","1.7","A",""
"6","9","2009-02","2.5","A",""
"7","Total","2009-02","5.1","A",""
"7","21","2009-02","5.1","A",""
"Total","Total","2009-01","3.3","A",""
"1","Total","2009-01","5.2","A",""
"1","22","2009-01","4.6","A",""
"1","23","2009-01","4.8","A",""
"1","25","2009-01","6.2","A",""
"2","Total","2009-01","2.8","A",""
"2","2","2009-01","2.3","R",""
"2","10","2009-01","3.4","A",""
"2","11","2009-01","3","A",""
"2","24","2009-01","4.3","A",""
"2","26","2009-01","4.1","R",""
"3","Total","2009-01","2.9","A",""
"3","12","2009-01","3.5","A",""
"3","13","2009-01","2.7","A",""
"3","19","2009-01","2.9","A",""
"4","Total","2009-01","3","A",""
"4","1","2009-01","3","A",""
"5","Total","2009-01","2.4","A",""
"5","8","2009-01","2","A",""
"5","14","2009-01","2.5","A",""
"5","15","2009-01","1.9","A",""
"5","16","2009-01","1.2","A",""
"5","17","2009-01","2.6","A",""
"5","18","2009-01","1.7","A",""
"5","20","2009-01","2.6","A",""
"6","Total","2009-01","2.2","A",""
"6","3","2009-01","2.6","A",""
"6","4","2009-01","1.3","A",""
"6","5","2009-01","1.8","A",""
"6","6","2009-01","1.5","A",""
"6","7","2009-01","1.6","A",""
"6","9","2009-01","2.4","A",""
"7","Total","2009-01","5.1","A",""
"7","21","2009-01","5.1","A",""
"Total","Total","2008-12","3","A",""
"1","Total","2008-12","4.9","A",""
"1","22","2008-12","4.3","A",""
"1","23","2008-12","4.7","A",""
"1","25","2008-12","5.9","A",""
"2","Total","2008-12","2.6","A",""
"2","2","2008-12","2.1","R",""
"2","10","2008-12","3","A",""
"2","11","2008-12","2.8","A",""
"2","24","2008-12","3.9","A",""
"2","26","2008-12","3.9","R",""
"3","Total","2008-12","2.7","A",""
"3","12","2008-12","3.4","A",""
"3","13","2008-12","2.5","A",""
"3","19","2008-12","2.6","A",""
"4","Total","2008-12","2.8","A",""
"4","1","2008-12","2.8","A",""
"5","Total","2008-12","2.2","A",""
"5","8","2008-12","1.8","A",""
"5","14","2008-12","2.3","A",""
"5","15","2008-12","1.8","A",""
"5","16","2008-12","1.1","A",""
"5","17","2008-12","2.4","A",""
"5","18","2008-12","1.6","A",""
"5","20","2008-12","2.4","A",""
"6","Total","2008-12","2","A",""
"6","3","2008-12","2.3","A",""
"6","4","2008-12","1.1","A",""
"6","5","2008-12","1.7","A",""
"6","6","2008-12","1.3","A",""
"6","7","2008-12","1.6","A",""
"6","9","2008-12","2.1","A",""
"7","Total","2008-12","4.8","A",""
"7","21","2008-12","4.8","A",""
"Total","Total","2008-11","2.7","A",""
"1","Total","2008-11","4.4","A",""
"1","22","2008-11","4","A",""
"1","23","2008-11","3.4","A",""
"1","25","2008-11","5.7","A",""
"2","Total","2008-11","2.3","A",""
"2","2","2008-11","1.9","R",""
"2","10","2008-11","2.7","A",""
"2","11","2008-11","2.4","A",""
"2","24","2008-11","3.5","A",""
"2","26","2008-11","3.4","R",""
"3","Total","2008-11","2.5","A",""
"3","12","2008-11","3.1","A",""
"3","13","2008-11","2.3","A",""
"3","19","2008-11","2.4","A",""
"4","Total","2008-11","2.5","A",""
"4","1","2008-11","2.5","A",""
"5","Total","2008-11","1.9","A",""
"5","8","2008-11","1.6","A",""
"5","14","2008-11","2.1","A",""
"5","15","2008-11","1.5","A",""
"5","16","2008-11","1","A",""
"5","17","2008-11","2.1","A",""
"5","18","2008-11","1.6","A",""
"5","20","2008-11","2.1","A",""
"6","Total","2008-11","1.8","A",""
"6","3","2008-11","2.1","A",""
"6","4","2008-11","1","A",""
"6","5","2008-11","1.4","A",""
"6","6","2008-11","1.3","A",""
"6","7","2008-11","1.4","A",""
"6","9","2008-11","1.8","A",""
"7","Total","2008-11","4.5","A",""
"7","21","2008-11","4.5","A",""
"Total","Total","2008-10","2.5","A",""
"1","Total","2008-10","4.2","A",""
"1","22","2008-10","3.9","A",""
"1","23","2008-10","2.8","A",""
"1","25","2008-10","5.6","A",""
"2","Total","2008-10","2.1","A",""
"2","2","2008-10","1.7","R",""
"2","10","2008-10","2.5","A",""
"2","11","2008-10","2.2","A",""
"2","24","2008-10","3.3","A",""
"2","26","2008-10","3.1","R",""
"3","Total","2008-10","2.4","A",""
"3","12","2008-10","3","A",""
"3","13","2008-10","2.2","A",""
"3","19","2008-10","2.2","A",""
"4","Total","2008-10","2.4","A",""
"4","1","2008-10","2.4","A",""
"5","Total","2008-10","1.8","A",""
"5","8","2008-10","1.4","A",""
"5","14","2008-10","2","A",""
"5","15","2008-10","1.5","A",""
"5","16","2008-10","0.8","A",""
"5","17","2008-10","1.9","A",""
"5","18","2008-10","1.5","A",""
"5","20","2008-10","1.9","A",""
"6","Total","2008-10","1.7","A",""
"6","3","2008-10","1.9","A",""
"6","4","2008-10","0.8","A",""
"6","5","2008-10","1.3","A",""
"6","6","2008-10","1.2","A",""
"6","7","2008-10","1.2","A",""
"6","9","2008-10","1.8","A",""
"7","Total","2008-10","4.2","A",""
"7","21","2008-10","4.2","A",""
"Total","Total","2008-09","2.4","A",""
"1","Total","2008-09","4.1","A",""
"1","22","2008-09","3.8","A",""
"1","23","2008-09","2.5","A",""
"1","25","2008-09","5.5","A",""
"2","Total","2008-09","2","A",""
"2","2","2008-09","1.6","R",""
"2","10","2008-09","2.4","A",""
"2","11","2008-09","2.1","A",""
"2","24","2008-09","3.2","A",""
"2","26","2008-09","2.8","R",""
"3","Total","2008-09","2.3","A",""
"3","12","2008-09","2.9","A",""
"3","13","2008-09","2.1","A",""
"3","19","2008-09","2.2","A",""
"4","Total","2008-09","2.3","A",""
"4","1","2008-09","2.3","A",""
"5","Total","2008-09","1.6","A",""
"5","8","2008-09","1.2","A",""
"5","14","2008-09","1.9","A",""
"5","15","2008-09","1.5","A",""
"5","16","2008-09","0.8","A",""
"5","17","2008-09","1.8","A",""
"5","18","2008-09","1","A",""
"5","20","2008-09","1.9","A",""
"6","Total","2008-09","1.5","A",""
"6","3","2008-09","1.8","A",""
"6","4","2008-09","0.6","A",""
"6","5","2008-09","1.1","A",""
"6","6","2008-09","1","A",""
"6","7","2008-09","1.1","A",""
"6","9","2008-09","1.7","A",""
"7","Total","2008-09","3.7","A",""
"7","21","2008-09","3.7","A",""
"Total","Total","2008-08","2.4","A",""
"1","Total","2008-08","4","A",""
"1","22","2008-08","3.7","A",""
"1","23","2008-08","2.4","A",""
"1","25","2008-08","5.5","A",""
"2","Total","2008-08","2","A",""
"2","2","2008-08","1.6","R",""
"2","10","2008-08","2.4","A",""
"2","11","2008-08","2.1","A",""
"2","24","2008-08","3.1","A",""
"2","26","2008-08","3","R",""
"3","Total","2008-08","2.3","A",""
"3","12","2008-08","2.8","A",""
"3","13","2008-08","2.2","A",""
"3","19","2008-08","2.2","A",""
"4","Total","2008-08","2.3","A",""
"4","1","2008-08","2.3","A",""
"5","Total","2008-08","1.5","A",""
"5","8","2008-08","1.2","A",""
"5","14","2008-08","1.8","A",""
"5","15","2008-08","1.3","A",""
"5","16","2008-08","0.7","A",""
"5","17","2008-08","1.7","A",""
"5","18","2008-08","1","A",""
"5","20","2008-08","1.8","A",""
"6","Total","2008-08","1.5","A",""
"6","3","2008-08","1.8","A",""
"6","4","2008-08","0.7","A",""
"6","5","2008-08","1.1","A",""
"6","6","2008-08","0.9","A",""
"6","7","2008-08","1","A",""
"6","9","2008-08","1.7","A",""
"7","Total","2008-08","3.7","A",""
"7","21","2008-08","3.7","A",""
"Total","Total","2008-07","2.3","A",""
"1","Total","2008-07","3.9","A",""
"1","22","2008-07","3.6","A",""
"1","23","2008-07","2.3","A",""
"1","25","2008-07","5.5","A",""
"2","Total","2008-07","1.9","A",""
"2","2","2008-07","1.5","R",""
"2","10","2008-07","2.2","A",""
"2","11","2008-07","2.1","A",""
"2","24","2008-07","3","A",""
"2","26","2008-07","2.9","R",""
"3","Total","2008-07","2.2","A",""
"3","12","2008-07","2.9","A",""
"3","13","2008-07","2.1","A",""
"3","19","2008-07","2.1","A",""
"4","Total","2008-07","2.3","A",""
"4","1","2008-07","2.3","A",""
"5","Total","2008-07","1.5","A",""
"5","8","2008-07","1","A",""
"5","14","2008-07","1.7","A",""
"5","15","2008-07","1.3","A",""
"5","16","2008-07","0.6","A",""
"5","17","2008-07","1.7","A",""
"5","18","2008-07","0.9","A",""
"5","20","2008-07","1.8","A",""
"6","Total","2008-07","1.5","A",""
"6","3","2008-07","1.7","A",""
"6","4","2008-07","0.6","A",""
"6","5","2008-07","1","A",""
"6","6","2008-07","0.9","A",""
"6","7","2008-07","1","A",""
"6","9","2008-07","1.7","A",""
"7","Total","2008-07","3.6","A",""
"7","21","2008-07","3.6","A",""
"Total","Total","2008-06","2.3","A",""
"1","Total","2008-06","4","A",""
"1","22","2008-06","3.6","A",""
"1","23","2008-06","2.4","A",""
"1","25","2008-06","5.5","A",""
"2","Total","2008-06","1.8","A",""
"2","2","2008-06","1.4","R",""
"2","10","2008-06","2.1","A",""
"2","11","2008-06","2","A",""
"2","24","2008-06","3","A",""
"2","26","2008-06","2.7","R",""
"3","Total","2008-06","2.2","A",""
"3","12","2008-06","2.9","A",""
"3","13","2008-06","2.1","A",""
"3","19","2008-06","2.1","A",""
"4","Total","2008-06","2.2","A",""
"4","1","2008-06","2.2","A",""
"5","Total","2008-06","1.5","A",""
"5","8","2008-06","1.1","A",""
"5","14","2008-06","1.7","A",""
"5","15","2008-06","1.1","A",""
"5","16","2008-06","0.7","A",""
"5","17","2008-06","1.6","A",""
"5","18","2008-06","1","A",""
"5","20","2008-06","1.7","A",""
"6","Total","2008-06","1.5","A",""
"6","3","2008-06","1.8","A",""
"6","4","2008-06","0.7","A",""
"6","5","2008-06","1","A",""
"6","6","2008-06","1","A",""
"6","7","2008-06","1.1","A",""
"6","9","2008-06","1.6","A",""
"7","Total","2008-06","3.5","A",""
"7","21","2008-06","3.5","A",""
"Total","Total","2008-05","2.4","A",""
"1","Total","2008-05","4.1","A",""
"1","22","2008-05","3.6","A",""
"1","23","2008-05","2.8","A",""
"1","25","2008-05","5.6","A",""
"2","Total","2008-05","1.9","A",""
"2","2","2008-05","1.6","R",""
"2","10","2008-05","2.2","A",""
"2","11","2008-05","2.1","A",""
"2","24","2008-05","3.1","A",""
"2","26","2008-05","2.8","R",""
"3","Total","2008-05","2.3","A",""
"3","12","2008-05","2.8","A",""
"3","13","2008-05","2.1","A",""
"3","19","2008-05","2.2","A",""
"4","Total","2008-05","2.3","A",""
"4","1","2008-05","2.3","A",""
"5","Total","2008-05","1.6","A",""
"5","8","2008-05","1.2","A",""
"5","14","2008-05","1.9","A",""
"5","15","2008-05","1.2","A",""
"5","16","2008-05","0.7","A",""
"5","17","2008-05","1.7","A",""
"5","18","2008-05","1.4","A",""
"5","20","2008-05","1.8","A",""
"6","Total","2008-05","1.6","A",""
"6","3","2008-05","1.9","A",""
"6","4","2008-05","0.8","A",""
"6","5","2008-05","1.1","A",""
"6","6","2008-05","1.1","A",""
"6","7","2008-05","1.3","A",""
"6","9","2008-05","1.7","A",""
"7","Total","2008-05","3.6","A",""
"7","21","2008-05","3.6","A",""
"Total","Total","2008-04","2.6","A",""
"1","Total","2008-04","4.3","A",""
"1","22","2008-04","3.9","A",""
"1","23","2008-04","3.1","A",""
"1","25","2008-04","5.8","A",""
"2","Total","2008-04","2.1","A",""
"2","2","2008-04","1.7","R",""
"2","10","2008-04","2.4","A",""
"2","11","2008-04","2.3","A",""
"2","24","2008-04","3.3","A",""
"2","26","2008-04","2.9","R",""
"3","Total","2008-04","2.4","A",""
"3","12","2008-04","2.8","A",""
"3","13","2008-04","2.2","A",""
"3","19","2008-04","2.3","A",""
"4","Total","2008-04","2.4","A",""
"4","1","2008-04","2.4","A",""
"5","Total","2008-04","1.7","A",""
"5","8","2008-04","1.2","A",""
"5","14","2008-04","2.1","A",""
"5","15","2008-04","1.2","A",""
"5","16","2008-04","0.9","A",""
"5","17","2008-04","1.8","A",""
"5","18","2008-04","1.6","A",""
"5","20","2008-04","1.9","A",""
"6","Total","2008-04","1.7","A",""
"6","3","2008-04","2","A",""
"6","4","2008-04","0.8","A",""
"6","5","2008-04","1.2","A",""
"6","6","2008-04","1.2","A",""
"6","7","2008-04","1.3","A",""
"6","9","2008-04","1.8","A",""
"7","Total","2008-04","3.9","A",""
"7","21","2008-04","3.9","A",""
"Total","Total","2008-03","2.6","A",""
"1","Total","2008-03","4.4","A",""
"1","22","2008-03","4","A",""
"1","23","2008-03","3.1","A",""
"1","25","2008-03","5.8","A",""
"2","Total","2008-03","2.2","A",""
"2","2","2008-03","1.8","R",""
"2","10","2008-03","2.6","A",""
"2","11","2008-03","2.3","A",""
"2","24","2008-03","3.4","A",""
"2","26","2008-03","3","R",""
"3","Total","2008-03","2.4","A",""
"3","12","2008-03","3","A",""
"3","13","2008-03","2.2","A",""
"3","19","2008-03","2.4","A",""
"4","Total","2008-03","2.5","A",""
"4","1","2008-03","2.5","A",""
"5","Total","2008-03","1.7","A",""
"5","8","2008-03","1.2","A",""
"5","14","2008-03","2.3","A",""
"5","15","2008-03","1.3","A",""
"5","16","2008-03","0.9","A",""
"5","17","2008-03","1.8","A",""
"5","18","2008-03","1.1","A",""
"5","20","2008-03","1.9","A",""
"6","Total","2008-03","1.7","A",""
"6","3","2008-03","2.1","A",""
"6","4","2008-03","0.9","A",""
"6","5","2008-03","1.3","A",""
"6","6","2008-03","1.2","A",""
"6","7","2008-03","1.3","A",""
"6","9","2008-03","1.8","A",""
"7","Total","2008-03","4.1","A",""
"7","21","2008-03","4.1","A",""
"Total","Total","2008-02","2.7","A",""
"1","Total","2008-02","4.5","A",""
"1","22","2008-02","4.1","A",""
"1","23","2008-02","3.5","A",""
"1","25","2008-02","5.9","A",""
"2","Total","2008-02","2.3","A",""
"2","2","2008-02","1.9","R",""
"2","10","2008-02","2.7","A",""
"2","11","2008-02","2.4","A",""
"2","24","2008-02","3.5","A",""
"2","26","2008-02","3.2","R",""
"3","Total","2008-02","2.5","A",""
"3","12","2008-02","3.1","A",""
"3","13","2008-02","2.3","A",""
"3","19","2008-02","2.4","A",""
"4","Total","2008-02","2.6","A",""
"4","1","2008-02","2.6","A",""
"5","Total","2008-02","1.8","A",""
"5","8","2008-02","1.3","A",""
"5","14","2008-02","2.5","A",""
"5","15","2008-02","1.4","A",""
"5","16","2008-02","1","A",""
"5","17","2008-02","1.9","A",""
"5","18","2008-02","1.2","A",""
"5","20","2008-02","2","A",""
"6","Total","2008-02","1.8","A",""
"6","3","2008-02","2.2","A",""
"6","4","2008-02","1","A",""
"6","5","2008-02","1.4","A",""
"6","6","2008-02","1.2","A",""
"6","7","2008-02","1.3","A",""
"6","9","2008-02","1.8","A",""
"7","Total","2008-02","4.7","A",""
"7","21","2008-02","4.7","A",""
"Total","Total","2008-01","2.8","A",""
"1","Total","2008-01","4.7","A",""
"1","22","2008-01","4.1","A",""
"1","23","2008-01","4.2","A",""
"1","25","2008-01","5.9","A",""
"2","Total","2008-01","2.4","A",""
"2","2","2008-01","2","R",""
"2","10","2008-01","2.9","A",""
"2","11","2008-01","2.5","A",""
"2","24","2008-01","3.6","A",""
"2","26","2008-01","3.2","R",""
"3","Total","2008-01","2.6","A",""
"3","12","2008-01","3.1","A",""
"3","13","2008-01","2.4","A",""
"3","19","2008-01","2.5","A",""
"4","Total","2008-01","2.7","A",""
"4","1","2008-01","2.7","A",""
"5","Total","2008-01","1.8","A",""
"5","8","2008-01","1.5","A",""
"5","14","2008-01","2.5","A",""
"5","15","2008-01","1.5","A",""
"5","16","2008-01","1.1","A",""
"5","17","2008-01","1.9","A",""
"5","18","2008-01","1.3","A",""
"5","20","2008-01","2.1","A",""
"6","Total","2008-01","1.9","A",""
"6","3","2008-01","2.2","A",""
"6","4","2008-01","1","A",""
"6","5","2008-01","1.5","A",""
"6","6","2008-01","1.2","A",""
"6","7","2008-01","1.2","A",""
"6","9","2008-01","1.8","A",""
"7","Total","2008-01","4.9","A",""
"7","21","2008-01","4.9","A",""
"Total","Total","2007-12","2.8","A",""
"1","Total","2007-12","4.6","A",""
"1","22","2007-12","4","A",""
"1","23","2007-12","4.1","A",""
"1","25","2007-12","5.9","A",""
"2","Total","2007-12","2.3","A",""
"2","2","2007-12","2","R",""
"2","10","2007-12","2.7","A",""
"2","11","2007-12","2.5","A",""
"2","24","2007-12","3.4","A",""
"2","26","2007-12","3.1","R",""
"3","Total","2007-12","2.5","A",""
"3","12","2007-12","3","A",""
"3","13","2007-12","2.3","A",""
"3","19","2007-12","2.3","A",""
"4","Total","2007-12","2.6","A",""
"4","1","2007-12","2.6","A",""
"5","Total","2007-12","1.8","A",""
"5","8","2007-12","1.5","A",""
"5","14","2007-12","2.3","A",""
"5","15","2007-12","1.5","A",""
"5","16","2007-12","1","A",""
"5","17","2007-12","1.8","A",""
"5","18","2007-12","1.6","A",""
"5","20","2007-12","2","A",""
"6","Total","2007-12","1.8","A",""
"6","3","2007-12","2.1","A",""
"6","4","2007-12","1","A",""
"6","5","2007-12","1.5","A",""
"6","6","2007-12","1.3","A",""
"6","7","2007-12","1.3","A",""
"6","9","2007-12","1.8","A",""
"7","Total","2007-12","4.7","A",""
"7","21","2007-12","4.7","A",""
"Total","Total","2007-11","2.7","A",""
"1","Total","2007-11","4.4","A",""
"1","22","2007-11","3.8","A",""
"1","23","2007-11","3.2","A",""
"1","25","2007-11","6","A",""
"2","Total","2007-11","2.2","A",""
"2","2","2007-11","1.9","R",""
"2","10","2007-11","2.5","A",""
"2","11","2007-11","2.3","A",""
"2","24","2007-11","3.3","A",""
"2","26","2007-11","2.9","R",""
"3","Total","2007-11","2.4","A",""
"3","12","2007-11","3","A",""
"3","13","2007-11","2.2","A",""
"3","19","2007-11","2.3","A",""
"4","Total","2007-11","2.5","A",""
"4","1","2007-11","2.5","A",""
"5","Total","2007-11","1.8","A",""
"5","8","2007-11","1.3","A",""
"5","14","2007-11","2.2","A",""
"5","15","2007-11","1.5","A",""
"5","16","2007-11","1","A",""
"5","17","2007-11","1.8","A",""
"5","18","2007-11","1.7","A",""
"5","20","2007-11","1.9","A",""
"6","Total","2007-11","1.7","A",""
"6","3","2007-11","2","A",""
"6","4","2007-11","1","A",""
"6","5","2007-11","1.4","A",""
"6","6","2007-11","1.2","A",""
"6","7","2007-11","1.2","A",""
"6","9","2007-11","1.7","A",""
"7","Total","2007-11","4.6","A",""
"7","21","2007-11","4.6","A",""
"Total","Total","2007-10","2.6","A",""
"1","Total","2007-10","4.3","A",""
"1","22","2007-10","3.8","A",""
"1","23","2007-10","2.8","A",""
"1","25","2007-10","6.1","A",""
"2","Total","2007-10","2.2","A",""
"2","2","2007-10","1.9","R",""
"2","10","2007-10","2.5","A",""
"2","11","2007-10","2.2","A",""
"2","24","2007-10","3.2","A",""
"2","26","2007-10","2.8","R",""
"3","Total","2007-10","2.3","A",""
"3","12","2007-10","2.9","A",""
"3","13","2007-10","2.2","A",""
"3","19","2007-10","2.2","A",""
"4","Total","2007-10","2.4","A",""
"4","1","2007-10","2.4","A",""
"5","Total","2007-10","1.7","A",""
"5","8","2007-10","1.4","A",""
"5","14","2007-10","2.2","A",""
"5","15","2007-10","1.4","A",""
"5","16","2007-10","0.8","A",""
"5","17","2007-10","1.8","A",""
"5","18","2007-10","1.5","A",""
"5","20","2007-10","1.8","A",""
"6","Total","2007-10","1.7","A",""
"6","3","2007-10","2","A",""
"6","4","2007-10","0.9","A",""
"6","5","2007-10","1.3","A",""
"6","6","2007-10","1.2","A",""
"6","7","2007-10","1.1","A",""
"6","9","2007-10","1.7","A",""
"7","Total","2007-10","4.2","A",""
"7","21","2007-10","4.2","A",""
"Total","Total","2007-09","2.5","A",""
"1","Total","2007-09","4.2","A",""
"1","22","2007-09","3.8","A",""
"1","23","2007-09","2.4","A",""
"1","25","2007-09","6","A",""
"2","Total","2007-09","2.2","A",""
"2","2","2007-09","1.8","R",""
"2","10","2007-09","2.4","A",""
"2","11","2007-09","2.3","A",""
"2","24","2007-09","3.2","A",""
"2","26","2007-09","3","R",""
"3","Total","2007-09","2.3","A",""
"3","12","2007-09","2.9","A",""
"3","13","2007-09","2.1","A",""
"3","19","2007-09","2.2","A",""
"4","Total","2007-09","2.4","A",""
"4","1","2007-09","2.4","A",""
"5","Total","2007-09","1.6","A",""
"5","8","2007-09","1.4","A",""
"5","14","2007-09","1.9","A",""
"5","15","2007-09","1.4","A",""
"5","16","2007-09","0.9","A",""
"5","17","2007-09","1.8","A",""
"5","18","2007-09","1","A",""
"5","20","2007-09","1.8","A",""
"6","Total","2007-09","1.6","A",""
"6","3","2007-09","1.9","A",""
"6","4","2007-09","0.7","A",""
"6","5","2007-09","1.3","A",""
"6","6","2007-09","1.1","A",""
"6","7","2007-09","1","A",""
"6","9","2007-09","1.7","A",""
"7","Total","2007-09","3.9","A",""
"7","21","2007-09","3.9","A",""
"Total","Total","2007-08","2.6","A",""
"1","Total","2007-08","4.3","A",""
"1","22","2007-08","3.9","A",""
"1","23","2007-08","2.5","A",""
"1","25","2007-08","5.9","A",""
"2","Total","2007-08","2.2","A",""
"2","2","2007-08","1.8","R",""
"2","10","2007-08","2.5","A",""
"2","11","2007-08","2.4","A",""
"2","24","2007-08","3.3","A",""
"2","26","2007-08","3.2","R",""
"3","Total","2007-08","2.4","A",""
"3","12","2007-08","3.1","A",""
"3","13","2007-08","2.2","A",""
"3","19","2007-08","2.2","A",""
"4","Total","2007-08","2.4","A",""
"4","1","2007-08","2.4","A",""
"5","Total","2007-08","1.6","A",""
"5","8","2007-08","1.6","A",""
"5","14","2007-08","1.9","A",""
"5","15","2007-08","1.4","A",""
"5","16","2007-08","1","A",""
"5","17","2007-08","1.8","A",""
"5","18","2007-08","1","A",""
"5","20","2007-08","1.7","A",""
"6","Total","2007-08","1.6","A",""
"6","3","2007-08","1.9","A",""
"6","4","2007-08","0.7","A",""
"6","5","2007-08","1.4","A",""
"6","6","2007-08","1","A",""
"6","7","2007-08","0.9","A",""
"6","9","2007-08","1.8","A",""
"7","Total","2007-08","3.9","A",""
"7","21","2007-08","3.9","A",""
"Total","Total","2007-07","2.5","A",""
"1","Total","2007-07","4.2","A",""
"1","22","2007-07","3.9","A",""
"1","23","2007-07","2.4","A",""
"1","25","2007-07","5.9","A",""
"2","Total","2007-07","2.1","A",""
"2","2","2007-07","1.7","R",""
"2","10","2007-07","2.4","A",""
"2","11","2007-07","2.3","A",""
"2","24","2007-07","3.1","A",""
"2","26","2007-07","3.3","R",""
"3","Total","2007-07","2.4","A",""
"3","12","2007-07","3.2","A",""
"3","13","2007-07","2.2","A",""
"3","19","2007-07","2.2","A",""
"4","Total","2007-07","2.4","A",""
"4","1","2007-07","2.4","A",""
"5","Total","2007-07","1.6","A",""
"5","8","2007-07","1.4","A",""
"5","14","2007-07","1.9","A",""
"5","15","2007-07","1.4","A",""
"5","16","2007-07","0.9","A",""
"5","17","2007-07","1.8","A",""
"5","18","2007-07","1","A",""
"5","20","2007-07","1.8","A",""
"6","Total","2007-07","1.6","A",""
"6","3","2007-07","1.9","A",""
"6","4","2007-07","0.8","A",""
"6","5","2007-07","1.3","A",""
"6","6","2007-07","1","A",""
"6","7","2007-07","1","A",""
"6","9","2007-07","1.8","A",""
"7","Total","2007-07","3.8","A",""
"7","21","2007-07","3.8","A",""
"Total","Total","2007-06","2.5","A",""
"1","Total","2007-06","4.3","A",""
"1","22","2007-06","3.8","A",""
"1","23","2007-06","2.6","A",""
"1","25","2007-06","6","A",""
"2","Total","2007-06","2.1","A",""
"2","2","2007-06","1.7","R",""
"2","10","2007-06","2.4","A",""
"2","11","2007-06","2.3","A",""
"2","24","2007-06","3","A",""
"2","26","2007-06","3","R",""
"3","Total","2007-06","2.4","A",""
"3","12","2007-06","3.2","A",""
"3","13","2007-06","2.2","A",""
"3","19","2007-06","2.2","A",""
"4","Total","2007-06","2.4","A",""
"4","1","2007-06","2.4","A",""
"5","Total","2007-06","1.6","A",""
"5","8","2007-06","1.5","A",""
"5","14","2007-06","1.9","A",""
"5","15","2007-06","1.3","A",""
"5","16","2007-06","0.9","A",""
"5","17","2007-06","1.8","A",""
"5","18","2007-06","1.2","A",""
"5","20","2007-06","1.7","A",""
"6","Total","2007-06","1.6","A",""
"6","3","2007-06","1.9","A",""
"6","4","2007-06","0.9","A",""
"6","5","2007-06","1.2","A",""
"6","6","2007-06","0.9","A",""
"6","7","2007-06","1","A",""
"6","9","2007-06","1.8","A",""
"7","Total","2007-06","3.7","A",""
"7","21","2007-06","3.7","A",""
"Total","Total","2007-05","2.7","A",""
"1","Total","2007-05","4.5","A",""
"1","22","2007-05","4.1","A",""
"1","23","2007-05","3","A",""
"1","25","2007-05","6.3","A",""
"2","Total","2007-05","2.2","A",""
"2","2","2007-05","1.9","R",""
"2","10","2007-05","2.5","A",""
"2","11","2007-05","2.4","A",""
"2","24","2007-05","3.3","A",""
"2","26","2007-05","3.3","R",""
"3","Total","2007-05","2.5","A",""
"3","12","2007-05","3.3","A",""
"3","13","2007-05","2.3","A",""
"3","19","2007-05","2.3","A",""
"4","Total","2007-05","2.5","A",""
"4","1","2007-05","2.5","A",""
"5","Total","2007-05","1.8","A",""
"5","8","2007-05","1.6","A",""
"5","14","2007-05","2","A",""
"5","15","2007-05","1.4","A",""
"5","16","2007-05","0.9","A",""
"5","17","2007-05","1.9","A",""
"5","18","2007-05","1.7","A",""
"5","20","2007-05","1.9","A",""
"6","Total","2007-05","1.7","A",""
"6","3","2007-05","2.1","A",""
"6","4","2007-05","1","A",""
"6","5","2007-05","1.3","A",""
"6","6","2007-05","0.9","A",""
"6","7","2007-05","1.1","A",""
"6","9","2007-05","1.9","A",""
"7","Total","2007-05","4","A",""
"7","21","2007-05","4","A",""
"Total","Total","2007-04","2.9","A",""
"1","Total","2007-04","4.8","A",""
"1","22","2007-04","4.3","A",""
"1","23","2007-04","3.2","A",""
"1","25","2007-04","6.5","A",""
"2","Total","2007-04","2.4","A",""
"2","2","2007-04","2.1","R",""
"2","10","2007-04","2.7","A",""
"2","11","2007-04","2.4","A",""
"2","24","2007-04","3.6","A",""
"2","26","2007-04","3.4","R",""
"3","Total","2007-04","2.6","A",""
"3","12","2007-04","3.4","A",""
"3","13","2007-04","2.3","A",""
"3","19","2007-04","2.4","A",""
"4","Total","2007-04","2.7","A",""
"4","1","2007-04","2.7","A",""
"5","Total","2007-04","1.9","A",""
"5","8","2007-04","1.7","A",""
"5","14","2007-04","2.2","A",""
"5","15","2007-04","1.6","A",""
"5","16","2007-04","1.1","A",""
"5","17","2007-04","2.1","A",""
"5","18","2007-04","1.7","A",""
"5","20","2007-04","2","A",""
"6","Total","2007-04","1.9","A",""
"6","3","2007-04","2.2","A",""
"6","4","2007-04","1.2","A",""
"6","5","2007-04","1.5","A",""
"6","6","2007-04","1.1","A",""
"6","7","2007-04","1.2","A",""
"6","9","2007-04","2.1","A",""
"7","Total","2007-04","4.3","A",""
"7","21","2007-04","4.3","A",""
"Total","Total","2007-03","3","A",""
"1","Total","2007-03","4.9","A",""
"1","22","2007-03","4.5","A",""
"1","23","2007-03","3.3","A",""
"1","25","2007-03","6.7","A",""
"2","Total","2007-03","2.6","A",""
"2","2","2007-03","2.2","R",""
"2","10","2007-03","2.9","A",""
"2","11","2007-03","2.6","A",""
"2","24","2007-03","3.7","A",""
"2","26","2007-03","3.6","R",""
"3","Total","2007-03","2.7","A",""
"3","12","2007-03","3.5","A",""
"3","13","2007-03","2.4","A",""
"3","19","2007-03","2.6","A",""
"4","Total","2007-03","2.9","A",""
"4","1","2007-03","2.9","A",""
"5","Total","2007-03","1.9","A",""
"5","8","2007-03","1.8","A",""
"5","14","2007-03","2.3","A",""
"5","15","2007-03","1.7","A",""
"5","16","2007-03","1.1","A",""
"5","17","2007-03","2.2","A",""
"5","18","2007-03","1.2","A",""
"5","20","2007-03","2.1","A",""
"6","Total","2007-03","2","A",""
"6","3","2007-03","2.3","A",""
"6","4","2007-03","1.4","A",""
"6","5","2007-03","1.6","A",""
"6","6","2007-03","1.2","A",""
"6","7","2007-03","1.3","A",""
"6","9","2007-03","2.1","A",""
"7","Total","2007-03","4.7","A",""
"7","21","2007-03","4.7","A",""
"Total","Total","2007-02","3.2","A",""
"1","Total","2007-02","5.2","A",""
"1","22","2007-02","4.7","A",""
"1","23","2007-02","4","A",""
"1","25","2007-02","6.9","A",""
"2","Total","2007-02","2.7","A",""
"2","2","2007-02","2.4","R",""
"2","10","2007-02","3.1","A",""
"2","11","2007-02","2.7","A",""
"2","24","2007-02","3.8","A",""
"2","26","2007-02","3.9","R",""
"3","Total","2007-02","2.8","A",""
"3","12","2007-02","3.6","A",""
"3","13","2007-02","2.6","A",""
"3","19","2007-02","2.7","A",""
"4","Total","2007-02","3","A",""
"4","1","2007-02","3","A",""
"5","Total","2007-02","2.1","A",""
"5","8","2007-02","2","A",""
"5","14","2007-02","2.5","A",""
"5","15","2007-02","1.8","A",""
"5","16","2007-02","1.3","A",""
"5","17","2007-02","2.3","A",""
"5","18","2007-02","1.4","A",""
"5","20","2007-02","2.4","A",""
"6","Total","2007-02","2.2","A",""
"6","3","2007-02","2.5","A",""
"6","4","2007-02","1.5","A",""
"6","5","2007-02","1.8","A",""
"6","6","2007-02","1.2","A",""
"6","7","2007-02","1.4","A",""
"6","9","2007-02","2.4","A",""
"7","Total","2007-02","5.3","A",""
"7","21","2007-02","5.3","A",""
"Total","Total","2007-01","3.3","A",""
"1","Total","2007-01","5.4","A",""
"1","22","2007-01","4.7","A",""
"1","23","2007-01","4.5","A",""
"1","25","2007-01","6.9","A",""
"2","Total","2007-01","2.8","A",""
"2","2","2007-01","2.5","R",""
"2","10","2007-01","3.3","A",""
"2","11","2007-01","2.8","A",""
"2","24","2007-01","4","A",""
"2","26","2007-01","4.1","R",""
"3","Total","2007-01","2.9","A",""
"3","12","2007-01","3.7","A",""
"3","13","2007-01","2.6","A",""
"3","19","2007-01","2.7","A",""
"4","Total","2007-01","3.2","A",""
"4","1","2007-01","3.2","A",""
"5","Total","2007-01","2.3","A",""
"5","8","2007-01","2.2","A",""
"5","14","2007-01","2.7","A",""
"5","15","2007-01","1.9","A",""
"5","16","2007-01","1.3","A",""
"5","17","2007-01","2.4","A",""
"5","18","2007-01","1.6","A",""
"5","20","2007-01","2.5","A",""
"6","Total","2007-01","2.3","A",""
"6","3","2007-01","2.7","A",""
"6","4","2007-01","1.5","A",""
"6","5","2007-01","1.9","A",""
"6","6","2007-01","1.1","A",""
"6","7","2007-01","1.5","A",""
"6","9","2007-01","2.5","A",""
"7","Total","2007-01","5.5","A",""
"7","21","2007-01","5.5","A",""
"Total","Total","2006-12","3.3","A",""
"1","Total","2006-12","5.3","A",""
"1","22","2006-12","4.6","A",""
"1","23","2006-12","4.5","A",""
"1","25","2006-12","6.8","A",""
"2","Total","2006-12","2.8","A",""
"2","2","2006-12","2.5","R",""
"2","10","2006-12","3","A",""
"2","11","2006-12","2.7","A",""
"2","24","2006-12","3.9","A",""
"2","26","2006-12","3.9","R",""
"3","Total","2006-12","2.8","A",""
"3","12","2006-12","3.6","A",""
"3","13","2006-12","2.6","A",""
"3","19","2006-12","2.7","A",""
"4","Total","2006-12","3.1","A",""
"4","1","2006-12","3.1","A",""
"5","Total","2006-12","2.3","A",""
"5","8","2006-12","2.2","A",""
"5","14","2006-12","2.6","A",""
"5","15","2006-12","1.8","A",""
"5","16","2006-12","1.2","A",""
"5","17","2006-12","2.4","A",""
"5","18","2006-12","1.8","A",""
"5","20","2006-12","2.4","A",""
"6","Total","2006-12","2.3","A",""
"6","3","2006-12","2.6","A",""
"6","4","2006-12","1.3","A",""
"6","5","2006-12","1.9","A",""
"6","6","2006-12","1.4","A",""
"6","7","2006-12","1.5","A",""
"6","9","2006-12","2.4","A",""
"7","Total","2006-12","5.2","A",""
"7","21","2006-12","5.2","A",""
"Total","Total","2006-11","3.1","A",""
"1","Total","2006-11","5.1","A",""
"1","22","2006-11","4.5","A",""
"1","23","2006-11","3.6","A",""
"1","25","2006-11","6.8","A",""
"2","Total","2006-11","2.7","A",""
"2","2","2006-11","2.4","R",""
"2","10","2006-11","2.9","A",""
"2","11","2006-11","2.6","A",""
"2","24","2006-11","3.8","A",""
"2","26","2006-11","3.6","R",""
"3","Total","2006-11","2.7","A",""
"3","12","2006-11","3.5","A",""
"3","13","2006-11","2.5","A",""
"3","19","2006-11","2.6","A",""
"4","Total","2006-11","3","A",""
"4","1","2006-11","3","A",""
"5","Total","2006-11","2.2","A",""
"5","8","2006-11","2","A",""
"5","14","2006-11","2.6","A",""
"5","15","2006-11","1.8","A",""
"5","16","2006-11","1","A",""
"5","17","2006-11","2.3","A",""
"5","18","2006-11","2","A",""
"5","20","2006-11","2.4","A",""
"6","Total","2006-11","2.2","A",""
"6","3","2006-11","2.5","A",""
"6","4","2006-11","1.2","A",""
"6","5","2006-11","1.8","A",""
"6","6","2006-11","1.3","A",""
"6","7","2006-11","1.5","A",""
"6","9","2006-11","2.2","A",""
"7","Total","2006-11","5","A",""
"7","21","2006-11","5","A",""
"Total","Total","2006-10","3.1","A",""
"1","Total","2006-10","5","A",""
"1","22","2006-10","4.5","A",""
"1","23","2006-10","3.2","A",""
"1","25","2006-10","6.8","A",""
"2","Total","2006-10","2.7","A",""
"2","2","2006-10","2.4","R",""
"2","10","2006-10","2.9","A",""
"2","11","2006-10","2.6","A",""
"2","24","2006-10","3.9","A",""
"2","26","2006-10","3.5","R",""
"3","Total","2006-10","2.7","A",""
"3","12","2006-10","3.5","A",""
"3","13","2006-10","2.5","A",""
"3","19","2006-10","2.6","A",""
"4","Total","2006-10","3","A",""
"4","1","2006-10","3","A",""
"5","Total","2006-10","2.2","A",""
"5","8","2006-10","2","A",""
"5","14","2006-10","2.6","A",""
"5","15","2006-10","1.9","A",""
"5","16","2006-10","0.9","A",""
"5","17","2006-10","2.3","A",""
"5","18","2006-10","1.8","A",""
"5","20","2006-10","2.4","A",""
"6","Total","2006-10","2.2","A",""
"6","3","2006-10","2.5","A",""
"6","4","2006-10","1.2","A",""
"6","5","2006-10","1.9","A",""
"6","6","2006-10","1.3","A",""
"6","7","2006-10","1.5","A",""
"6","9","2006-10","2.3","A",""
"7","Total","2006-10","4.7","A",""
"7","21","2006-10","4.7","A",""
"Total","Total","2006-09","3.1","A",""
"1","Total","2006-09","4.9","A",""
"1","22","2006-09","4.5","A",""
"1","23","2006-09","2.8","A",""
"1","25","2006-09","6.8","A",""
"2","Total","2006-09","2.6","A",""
"2","2","2006-09","2.3","R",""
"2","10","2006-09","2.9","A",""
"2","11","2006-09","2.7","A",""
"2","24","2006-09","3.9","A",""
"2","26","2006-09","3.5","R",""
"3","Total","2006-09","2.8","A",""
"3","12","2006-09","3.5","A",""
"3","13","2006-09","2.6","A",""
"3","19","2006-09","2.6","A",""
"4","Total","2006-09","3.1","A",""
"4","1","2006-09","3.1","A",""
"5","Total","2006-09","2.2","A",""
"5","8","2006-09","2","A",""
"5","14","2006-09","2.5","A",""
"5","15","2006-09","1.8","A",""
"5","16","2006-09","1","A",""
"5","17","2006-09","2.3","A",""
"5","18","2006-09","1.4","A",""
"5","20","2006-09","2.5","A",""
"6","Total","2006-09","2.2","A",""
"6","3","2006-09","2.5","A",""
"6","4","2006-09","1.1","A",""
"6","5","2006-09","1.8","A",""
"6","6","2006-09","1.3","A",""
"6","7","2006-09","1.5","A",""
"6","9","2006-09","2.4","A",""
"7","Total","2006-09","4.5","A",""
"7","21","2006-09","4.5","A",""
"Total","Total","2006-08","3.1","A",""
"1","Total","2006-08","4.9","A",""
"1","22","2006-08","4.6","A",""
"1","23","2006-08","2.7","A",""
"1","25","2006-08","6.9","A",""
"2","Total","2006-08","2.6","A",""
"2","2","2006-08","2.2","R",""
"2","10","2006-08","3","A",""
"2","11","2006-08","2.7","A",""
"2","24","2006-08","4","A",""
"2","26","2006-08","3.8","R",""
"3","Total","2006-08","2.9","A",""
"3","12","2006-08","3.6","A",""
"3","13","2006-08","2.7","A",""
"3","19","2006-08","2.7","A",""
"4","Total","2006-08","3.1","A",""
"4","1","2006-08","3.1","A",""
"5","Total","2006-08","2.2","A",""
"5","8","2006-08","2.1","A",""
"5","14","2006-08","2.7","A",""
"5","15","2006-08","1.9","A",""
"5","16","2006-08","1","A",""
"5","17","2006-08","2.4","A",""
"5","18","2006-08","1.3","A",""
"5","20","2006-08","2.5","A",""
"6","Total","2006-08","2.2","A",""
"6","3","2006-08","2.5","A",""
"6","4","2006-08","0.9","A",""
"6","5","2006-08","1.9","A",""
"6","6","2006-08","1.3","A",""
"6","7","2006-08","1.5","A",""
"6","9","2006-08","2.4","A",""
"7","Total","2006-08","4.4","A",""
"7","21","2006-08","4.4","A",""
"Total","Total","2006-07","3.1","A",""
"1","Total","2006-07","4.9","A",""
"1","22","2006-07","4.5","A",""
"1","23","2006-07","2.5","A",""
"1","25","2006-07","6.9","A",""
"2","Total","2006-07","2.6","A",""
"2","2","2006-07","2.2","R",""
"2","10","2006-07","2.8","A",""
"2","11","2006-07","2.8","A",""
"2","24","2006-07","3.9","A",""
"2","26","2006-07","3.7","R",""
"3","Total","2006-07","2.9","A",""
"3","12","2006-07","3.6","A",""
"3","13","2006-07","2.7","A",""
"3","19","2006-07","2.7","A",""
"4","Total","2006-07","3.1","A",""
"4","1","2006-07","3.1","A",""
"5","Total","2006-07","2.2","A",""
"5","8","2006-07","2.1","A",""
"5","14","2006-07","2.5","A",""
"5","15","2006-07","1.8","A",""
"5","16","2006-07","0.7","A",""
"5","17","2006-07","2.3","A",""
"5","18","2006-07","1.4","A",""
"5","20","2006-07","2.4","A",""
"6","Total","2006-07","2.1","A",""
"6","3","2006-07","2.5","A",""
"6","4","2006-07","0.7","A",""
"6","5","2006-07","1.8","A",""
"6","6","2006-07","1.3","A",""
"6","7","2006-07","1.5","A",""
"6","9","2006-07","2.4","A",""
"7","Total","2006-07","4.3","A",""
"7","21","2006-07","4.3","A",""
"Total","Total","2006-06","3.1","A",""
"1","Total","2006-06","4.9","A",""
"1","22","2006-06","4.6","A",""
"1","23","2006-06","2.7","A",""
"1","25","2006-06","6.8","A",""
"2","Total","2006-06","2.6","A",""
"2","2","2006-06","2.2","R",""
"2","10","2006-06","2.8","A",""
"2","11","2006-06","2.8","A",""
"2","24","2006-06","3.9","A",""
"2","26","2006-06","3.7","R",""
"3","Total","2006-06","2.9","A",""
"3","12","2006-06","3.5","A",""
"3","13","2006-06","2.7","A",""
"3","19","2006-06","2.7","A",""
"4","Total","2006-06","3.2","A",""
"4","1","2006-06","3.2","A",""
"5","Total","2006-06","2.2","A",""
"5","8","2006-06","2.2","A",""
"5","14","2006-06","2.6","A",""
"5","15","2006-06","1.8","A",""
"5","16","2006-06","1","A",""
"5","17","2006-06","2.3","A",""
"5","18","2006-06","1.6","A",""
"5","20","2006-06","2.4","A",""
"6","Total","2006-06","2.1","A",""
"6","3","2006-06","2.5","A",""
"6","4","2006-06","0.8","A",""
"6","5","2006-06","1.7","A",""
"6","6","2006-06","1.3","A",""
"6","7","2006-06","1.4","A",""
"6","9","2006-06","2.3","A",""
"7","Total","2006-06","4.3","A",""
"7","21","2006-06","4.3","A",""
"Total","Total","2006-05","3.3","A",""
"1","Total","2006-05","5.2","A",""
"1","22","2006-05","4.8","A",""
"1","23","2006-05","3.3","A",""
"1","25","2006-05","6.9","A",""
"2","Total","2006-05","2.7","A",""
"2","2","2006-05","2.4","R",""
"2","10","2006-05","2.8","A",""
"2","11","2006-05","2.9","A",""
"2","24","2006-05","4.1","A",""
"2","26","2006-05","3.8","R",""
"3","Total","2006-05","3","A",""
"3","12","2006-05","3.7","A",""
"3","13","2006-05","2.8","A",""
"3","19","2006-05","2.8","A",""
"4","Total","2006-05","3.3","A",""
"4","1","2006-05","3.3","A",""
"5","Total","2006-05","2.4","A",""
"5","8","2006-05","2.3","A",""
"5","14","2006-05","2.9","A",""
"5","15","2006-05","1.8","A",""
"5","16","2006-05","1","A",""
"5","17","2006-05","2.5","A",""
"5","18","2006-05","2.1","A",""
"5","20","2006-05","2.6","A",""
"6","Total","2006-05","2.3","A",""
"6","3","2006-05","2.6","A",""
"6","4","2006-05","1","A",""
"6","5","2006-05","1.9","A",""
"6","6","2006-05","1.5","A",""
"6","7","2006-05","1.6","A",""
"6","9","2006-05","2.4","A",""
"7","Total","2006-05","4.5","A",""
"7","21","2006-05","4.5","A",""
"Total","Total","2006-04","3.5","A",""
"1","Total","2006-04","5.3","A",""
"1","22","2006-04","4.9","A",""
"1","23","2006-04","3.5","A",""
"1","25","2006-04","7.1","A",""
"2","Total","2006-04","2.9","A",""
"2","2","2006-04","2.6","R",""
"2","10","2006-04","3","A",""
"2","11","2006-04","3.1","A",""
"2","24","2006-04","4.2","A",""
"2","26","2006-04","4.1","R",""
"3","Total","2006-04","3.1","A",""
"3","12","2006-04","3.9","A",""
"3","13","2006-04","2.9","A",""
"3","19","2006-04","3","A",""
"4","Total","2006-04","3.5","A",""
"4","1","2006-04","3.5","A",""
"5","Total","2006-04","2.5","A",""
"5","8","2006-04","2.5","A",""
"5","14","2006-04","3","A",""
"5","15","2006-04","1.8","A",""
"5","16","2006-04","1.2","A",""
"5","17","2006-04","2.6","A",""
"5","18","2006-04","2.2","A",""
"5","20","2006-04","2.8","A",""
"6","Total","2006-04","2.4","A",""
"6","3","2006-04","2.8","A",""
"6","4","2006-04","1.2","A",""
"6","5","2006-04","2","A",""
"6","6","2006-04","1.6","A",""
"6","7","2006-04","1.7","A",""
"6","9","2006-04","2.6","A",""
"7","Total","2006-04","4.7","A",""
"7","21","2006-04","4.7","A",""
"Total","Total","2006-03","3.6","A",""
"1","Total","2006-03","5.5","A",""
"1","22","2006-03","5.1","A",""
"1","23","2006-03","3.7","A",""
"1","25","2006-03","7.1","A",""
"2","Total","2006-03","3.1","A",""
"2","2","2006-03","2.7","R",""
"2","10","2006-03","3.2","A",""
"2","11","2006-03","3.2","A",""
"2","24","2006-03","4.5","A",""
"2","26","2006-03","4.3","R",""
"3","Total","2006-03","3.3","A",""
"3","12","2006-03","4.1","A",""
"3","13","2006-03","3","A",""
"3","19","2006-03","3.2","A",""
"4","Total","2006-03","3.7","A",""
"4","1","2006-03","3.7","A",""
"5","Total","2006-03","2.6","A",""
"5","8","2006-03","2.7","A",""
"5","14","2006-03","3.3","A",""
"5","15","2006-03","1.9","A",""
"5","16","2006-03","1.4","A",""
"5","17","2006-03","2.8","A",""
"5","18","2006-03","1.8","A",""
"5","20","2006-03","3","A",""
"6","Total","2006-03","2.6","A",""
"6","3","2006-03","3","A",""
"6","4","2006-03","1.3","A",""
"6","5","2006-03","2.2","A",""
"6","6","2006-03","1.7","A",""
"6","7","2006-03","1.8","A",""
"6","9","2006-03","2.7","A",""
"7","Total","2006-03","5.3","A",""
"7","21","2006-03","5.3","A",""
"Total","Total","2006-02","3.8","A",""
"1","Total","2006-02","5.7","A",""
"1","22","2006-02","5.3","A",""
"1","23","2006-02","4.4","A",""
"1","25","2006-02","7.2","A",""
"2","Total","2006-02","3.3","A",""
"2","2","2006-02","2.9","R",""
"2","10","2006-02","3.4","A",""
"2","11","2006-02","3.4","A",""
"2","24","2006-02","4.5","A",""
"2","26","2006-02","4.4","R",""
"3","Total","2006-02","3.4","A",""
"3","12","2006-02","4.2","A",""
"3","13","2006-02","3.2","A",""
"3","19","2006-02","3.3","A",""
"4","Total","2006-02","3.9","A",""
"4","1","2006-02","3.9","A",""
"5","Total","2006-02","2.8","A",""
"5","8","2006-02","2.7","A",""
"5","14","2006-02","3.5","A",""
"5","15","2006-02","2","A",""
"5","16","2006-02","1.6","A",""
"5","17","2006-02","2.9","A",""
"5","18","2006-02","2.1","A",""
"5","20","2006-02","3.1","A",""
"6","Total","2006-02","2.8","A",""
"6","3","2006-02","3.2","A",""
"6","4","2006-02","1.2","A",""
"6","5","2006-02","2.4","A",""
"6","6","2006-02","1.8","A",""
"6","7","2006-02","2","A",""
"6","9","2006-02","3","A",""
"7","Total","2006-02","5.8","A",""
"7","21","2006-02","5.8","A",""
"Total","Total","2006-01","3.9","A",""
"1","Total","2006-01","5.9","A",""
"1","22","2006-01","5.4","A",""
"1","23","2006-01","5","A",""
"1","25","2006-01","7.3","A",""
"2","Total","2006-01","3.3","A",""
"2","2","2006-01","3","R",""
"2","10","2006-01","3.5","A",""
"2","11","2006-01","3.5","A",""
"2","24","2006-01","4.6","A",""
"2","26","2006-01","4.6","R",""
"3","Total","2006-01","3.5","A",""
"3","12","2006-01","4.1","A",""
"3","13","2006-01","3.1","A",""
"3","19","2006-01","3.4","A",""
"4","Total","2006-01","4","A",""
"4","1","2006-01","4","A",""
"5","Total","2006-01","2.9","A",""
"5","8","2006-01","2.8","A",""
"5","14","2006-01","3.6","A",""
"5","15","2006-01","2.4","A",""
"5","16","2006-01","1.7","A",""
"5","17","2006-01","3","A",""
"5","18","2006-01","2.2","A",""
"5","20","2006-01","3.2","A",""
"6","Total","2006-01","2.8","A",""
"6","3","2006-01","3.2","A",""
"6","4","2006-01","1.3","A",""
"6","5","2006-01","2.4","A",""
"6","6","2006-01","1.9","A",""
"6","7","2006-01","2.2","A",""
"6","9","2006-01","3.1","A",""
"7","Total","2006-01","5.9","A",""
"7","21","2006-01","5.9","A",""
"Total","Total","2005-12","3.8","A",""
"1","Total","2005-12","5.8","A",""
"1","22","2005-12","5.2","A",""
"1","23","2005-12","5","A",""
"1","25","2005-12","7.3","A",""
"2","Total","2005-12","3.3","A",""
"2","2","2005-12","3","R",""
"2","10","2005-12","3.3","A",""
"2","11","2005-12","3.4","A",""
"2","24","2005-12","4.5","A",""
"2","26","2005-12","4.3","R",""
"3","Total","2005-12","3.4","A",""
"3","12","2005-12","4.1","A",""
"3","13","2005-12","3.2","A",""
"3","19","2005-12","3.3","A",""
"4","Total","2005-12","3.9","A",""
"4","1","2005-12","3.9","A",""
"5","Total","2005-12","2.8","A",""
"5","8","2005-12","2.7","A",""
"5","14","2005-12","3.4","A",""
"5","15","2005-12","2.3","A",""
"5","16","2005-12","1.8","A",""
"5","17","2005-12","3","A",""
"5","18","2005-12","2.2","A",""
"5","20","2005-12","3.2","A",""
"6","Total","2005-12","2.8","A",""
"6","3","2005-12","3.2","A",""
"6","4","2005-12","1.2","A",""
"6","5","2005-12","2.4","A",""
"6","6","2005-12","1.9","A",""
"6","7","2005-12","2.2","A",""
"6","9","2005-12","3","A",""
"7","Total","2005-12","5.7","A",""
"7","21","2005-12","5.7","A",""
"Total","Total","2005-11","3.7","A",""
"1","Total","2005-11","5.6","A",""
"1","22","2005-11","5.1","A",""
"1","23","2005-11","4.1","A",""
"1","25","2005-11","7.3","A",""
"2","Total","2005-11","3.1","A",""
"2","2","2005-11","2.9","R",""
"2","10","2005-11","3","A",""
"2","11","2005-11","3.3","A",""
"2","24","2005-11","4.3","A",""
"2","26","2005-11","3.9","R",""
"3","Total","2005-11","3.3","A",""
"3","12","2005-11","3.9","A",""
"3","13","2005-11","3.1","A",""
"3","19","2005-11","3.2","A",""
"4","Total","2005-11","3.9","A",""
"4","1","2005-11","3.9","A",""
"5","Total","2005-11","2.8","A",""
"5","8","2005-11","2.6","A",""
"5","14","2005-11","3.3","A",""
"5","15","2005-11","2.2","A",""
"5","16","2005-11","1.5","A",""
"5","17","2005-11","2.8","A",""
"5","18","2005-11","2.5","A",""
"5","20","2005-11","3.1","A",""
"6","Total","2005-11","2.7","A",""
"6","3","2005-11","3.1","A",""
"6","4","2005-11","1.1","A",""
"6","5","2005-11","2.3","A",""
"6","6","2005-11","1.9","A",""
"6","7","2005-11","2.2","A",""
"6","9","2005-11","2.9","A",""
"7","Total","2005-11","5.4","A",""
"7","21","2005-11","5.4","A",""
"Total","Total","2005-10","3.7","A",""
"1","Total","2005-10","5.5","A",""
"1","22","2005-10","5.1","A",""
"1","23","2005-10","3.7","A",""
"1","25","2005-10","7.2","A",""
"2","Total","2005-10","3.1","A",""
"2","2","2005-10","2.8","R",""
"2","10","2005-10","3","A",""
"2","11","2005-10","3.2","A",""
"2","24","2005-10","4.3","A",""
"2","26","2005-10","3.9","R",""
"3","Total","2005-10","3.3","A",""
"3","12","2005-10","3.9","A",""
"3","13","2005-10","3.1","A",""
"3","19","2005-10","3.1","A",""
"4","Total","2005-10","3.9","A",""
"4","1","2005-10","3.9","A",""
"5","Total","2005-10","2.7","A",""
"5","8","2005-10","2.4","A",""
"5","14","2005-10","3.3","A",""
"5","15","2005-10","2.2","A",""
"5","16","2005-10","1.6","A",""
"5","17","2005-10","2.8","A",""
"5","18","2005-10","2.2","A",""
"5","20","2005-10","3","A",""
"6","Total","2005-10","2.7","A",""
"6","3","2005-10","3.1","A",""
"6","4","2005-10","1.1","A",""
"6","5","2005-10","2.3","A",""
"6","6","2005-10","1.7","A",""
"6","7","2005-10","1.9","A",""
"6","9","2005-10","2.9","A",""
"7","Total","2005-10","4.9","A",""
"7","21","2005-10","4.9","A",""
"Total","Total","2005-09","3.6","A",""
"1","Total","2005-09","5.4","A",""
"1","22","2005-09","5.1","A",""
"1","23","2005-09","3.4","A",""
"1","25","2005-09","7.1","A",""
"2","Total","2005-09","3.1","A",""
"2","2","2005-09","2.7","R",""
"2","10","2005-09","3","A",""
"2","11","2005-09","3.3","A",""
"2","24","2005-09","4.3","A",""
"2","26","2005-09","4.1","R",""
"3","Total","2005-09","3.3","A",""
"3","12","2005-09","3.9","A",""
"3","13","2005-09","3.1","A",""
"3","19","2005-09","3.2","A",""
"4","Total","2005-09","3.9","A",""
"4","1","2005-09","3.9","A",""
"5","Total","2005-09","2.7","A",""
"5","8","2005-09","2.3","A",""
"5","14","2005-09","3.1","A",""
"5","15","2005-09","2.2","A",""
"5","16","2005-09","1.5","A",""
"5","17","2005-09","2.9","A",""
"5","18","2005-09","1.8","A",""
"5","20","2005-09","3","A",""
"6","Total","2005-09","2.7","A",""
"6","3","2005-09","3.1","A",""
"6","4","2005-09","1.1","A",""
"6","5","2005-09","2.3","A",""
"6","6","2005-09","1.4","A",""
"6","7","2005-09","1.8","A",""
"6","9","2005-09","3","A",""
"7","Total","2005-09","4.5","A",""
"7","21","2005-09","4.5","A",""
"Total","Total","2005-08","3.6","A",""
"1","Total","2005-08","5.3","A",""
"1","22","2005-08","5.1","A",""
"1","23","2005-08","3.2","A",""
"1","25","2005-08","7","A",""
"2","Total","2005-08","3","A",""
"2","2","2005-08","2.7","R",""
"2","10","2005-08","3.1","A",""
"2","11","2005-08","3.3","A",""
"2","24","2005-08","4.3","A",""
"2","26","2005-08","4.3","R",""
"3","Total","2005-08","3.3","A",""
"3","12","2005-08","3.9","A",""
"3","13","2005-08","3.2","A",""
"3","19","2005-08","3.2","A",""
"4","Total","2005-08","3.9","A",""
"4","1","2005-08","3.9","A",""
"5","Total","2005-08","2.7","A",""
"5","8","2005-08","2.5","A",""
"5","14","2005-08","3.2","A",""
"5","15","2005-08","2.2","A",""
"5","16","2005-08","1.5","A",""
"5","17","2005-08","2.9","A",""
"5","18","2005-08","1.8","A",""
"5","20","2005-08","3","A",""
"6","Total","2005-08","2.7","A",""
"6","3","2005-08","3.1","A",""
"6","4","2005-08","1.2","A",""
"6","5","2005-08","2.2","A",""
"6","6","2005-08","1.2","A",""
"6","7","2005-08","1.8","A",""
"6","9","2005-08","3.1","A",""
"7","Total","2005-08","4.5","A",""
"7","21","2005-08","4.5","A",""
"Total","Total","2005-07","3.5","A",""
"1","Total","2005-07","5.4","A",""
"1","22","2005-07","5.1","A",""
"1","23","2005-07","3","A",""
"1","25","2005-07","7.4","A",""
"2","Total","2005-07","3","A",""
"2","2","2005-07","2.6","R",""
"2","10","2005-07","2.9","A",""
"2","11","2005-07","3.2","A",""
"2","24","2005-07","4.1","A",""
"2","26","2005-07","4.3","R",""
"3","Total","2005-07","3.2","A",""
"3","12","2005-07","4","A",""
"3","13","2005-07","3.2","A",""
"3","19","2005-07","3","A",""
"4","Total","2005-07","3.8","A",""
"4","1","2005-07","3.8","A",""
"5","Total","2005-07","2.6","A",""
"5","8","2005-07","2.3","A",""
"5","14","2005-07","2.9","A",""
"5","15","2005-07","2.2","A",""
"5","16","2005-07","1.3","A",""
"5","17","2005-07","2.8","A",""
"5","18","2005-07","1.8","A",""
"5","20","2005-07","2.8","A",""
"6","Total","2005-07","2.6","A",""
"6","3","2005-07","2.9","A",""
"6","4","2005-07","1.2","A",""
"6","5","2005-07","2.1","A",""
"6","6","2005-07","1.4","A",""
"6","7","2005-07","1.9","A",""
"6","9","2005-07","3.1","A",""
"7","Total","2005-07","4.3","A",""
"7","21","2005-07","4.3","A",""
"Total","Total","2005-06","3.6","A",""
"1","Total","2005-06","5.6","A",""
"1","22","2005-06","5.2","A",""
"1","23","2005-06","3.2","A",""
"1","25","2005-06","7.6","A",""
"2","Total","2005-06","2.9","A",""
"2","2","2005-06","2.5","R",""
"2","10","2005-06","2.8","A",""
"2","11","2005-06","3.2","A",""
"2","24","2005-06","4","A",""
"2","26","2005-06","4.1","R",""
"3","Total","2005-06","3.2","A",""
"3","12","2005-06","4","A",""
"3","13","2005-06","3.2","A",""
"3","19","2005-06","3","A",""
"4","Total","2005-06","3.9","A",""
"4","1","2005-06","3.9","A",""
"5","Total","2005-06","2.6","A",""
"5","8","2005-06","2.3","A",""
"5","14","2005-06","3","A",""
"5","15","2005-06","2.1","A",""
"5","16","2005-06","1.2","A",""
"5","17","2005-06","2.8","A",""
"5","18","2005-06","2","A",""
"5","20","2005-06","2.9","A",""
"6","Total","2005-06","2.5","A",""
"6","3","2005-06","2.8","A",""
"6","4","2005-06","1.2","A",""
"6","5","2005-06","2.1","A",""
"6","6","2005-06","1.5","A",""
"6","7","2005-06","1.8","A",""
"6","9","2005-06","3.1","A",""
"7","Total","2005-06","4.3","A",""
"7","21","2005-06","4.3","A",""
"Total","Total","2005-05","3.7","A",""
"1","Total","2005-05","5.7","A",""
"1","22","2005-05","5.3","A",""
"1","23","2005-05","3.7","A",""
"1","25","2005-05","7.5","A",""
"2","Total","2005-05","3","A",""
"2","2","2005-05","2.7","R",""
"2","10","2005-05","3","A",""
"2","11","2005-05","3.3","A",""
"2","24","2005-05","4.1","A",""
"2","26","2005-05","4.2","R",""
"3","Total","2005-05","3.3","A",""
"3","12","2005-05","4","A",""
"3","13","2005-05","3.2","A",""
"3","19","2005-05","3.1","A",""
"4","Total","2005-05","4","A",""
"4","1","2005-05","4","A",""
"5","Total","2005-05","2.8","A",""
"5","8","2005-05","2.5","A",""
"5","14","2005-05","3.1","A",""
"5","15","2005-05","2.1","A",""
"5","16","2005-05","1.2","A",""
"5","17","2005-05","2.9","A",""
"5","18","2005-05","2.6","A",""
"5","20","2005-05","3","A",""
"6","Total","2005-05","2.6","A",""
"6","3","2005-05","2.9","A",""
"6","4","2005-05","1.4","A",""
"6","5","2005-05","2.2","A",""
"6","6","2005-05","1.5","A",""
"6","7","2005-05","1.8","A",""
"6","9","2005-05","3.2","A",""
"7","Total","2005-05","4.5","A",""
"7","21","2005-05","4.5","A",""
"Total","Total","2005-04","3.8","A",""
"1","Total","2005-04","5.9","A",""
"1","22","2005-04","5.5","A",""
"1","23","2005-04","4","A",""
"1","25","2005-04","7.5","A",""
"2","Total","2005-04","3.2","A",""
"2","2","2005-04","2.8","R",""
"2","10","2005-04","3.1","A",""
"2","11","2005-04","3.4","A",""
"2","24","2005-04","4.3","A",""
"2","26","2005-04","4.4","R",""
"3","Total","2005-04","3.5","A",""
"3","12","2005-04","4.1","A",""
"3","13","2005-04","3.4","A",""
"3","19","2005-04","3.3","A",""
"4","Total","2005-04","4.1","A",""
"4","1","2005-04","4.1","A",""
"5","Total","2005-04","2.9","A",""
"5","8","2005-04","2.4","A",""
"5","14","2005-04","3.3","A",""
"5","15","2005-04","2.1","A",""
"5","16","2005-04","1.5","A",""
"5","17","2005-04","3","A",""
"5","18","2005-04","2.6","A",""
"5","20","2005-04","3.1","A",""
"6","Total","2005-04","2.7","A",""
"6","3","2005-04","3","A",""
"6","4","2005-04","1.5","A",""
"6","5","2005-04","2.3","A",""
"6","6","2005-04","1.7","A",""
"6","7","2005-04","1.9","A",""
"6","9","2005-04","3.3","A",""
"7","Total","2005-04","4.6","A",""
"7","21","2005-04","4.6","A",""
"Total","Total","2005-03","3.9","A",""
"1","Total","2005-03","6","A",""
"1","22","2005-03","5.7","A",""
"1","23","2005-03","4.2","A",""
"1","25","2005-03","7.5","A",""
"2","Total","2005-03","3.3","A",""
"2","2","2005-03","3","R",""
"2","10","2005-03","3.2","A",""
"2","11","2005-03","3.6","A",""
"2","24","2005-03","4.5","A",""
"2","26","2005-03","4.7","R",""
"3","Total","2005-03","3.6","A",""
"3","12","2005-03","4.2","A",""
"3","13","2005-03","3.5","A",""
"3","19","2005-03","3.5","A",""
"4","Total","2005-03","4.3","A",""
"4","1","2005-03","4.3","A",""
"5","Total","2005-03","2.9","A",""
"5","8","2005-03","2.7","A",""
"5","14","2005-03","3.5","A",""
"5","15","2005-03","2.1","A",""
"5","16","2005-03","1.5","A",""
"5","17","2005-03","3.2","A",""
"5","18","2005-03","2.1","A",""
"5","20","2005-03","3.2","A",""
"6","Total","2005-03","2.9","A",""
"6","3","2005-03","3.2","A",""
"6","4","2005-03","1.6","A",""
"6","5","2005-03","2.4","A",""
"6","6","2005-03","1.7","A",""
"6","7","2005-03","2","A",""
"6","9","2005-03","3.4","A",""
"7","Total","2005-03","4.8","A",""
"7","21","2005-03","4.8","A",""
"Total","Total","2005-02","4.1","A",""
"1","Total","2005-02","6.2","A",""
"1","22","2005-02","5.8","A",""
"1","23","2005-02","4.9","A",""
"1","25","2005-02","7.5","A",""
"2","Total","2005-02","3.4","A",""
"2","2","2005-02","3","R",""
"2","10","2005-02","3.3","A",""
"2","11","2005-02","3.7","A",""
"2","24","2005-02","4.6","A",""
"2","26","2005-02","4.7","R",""
"3","Total","2005-02","3.7","A",""
"3","12","2005-02","4.5","A",""
"3","13","2005-02","3.6","A",""
"3","19","2005-02","3.5","A",""
"4","Total","2005-02","4.3","A",""
"4","1","2005-02","4.3","A",""
"5","Total","2005-02","3","A",""
"5","8","2005-02","2.6","A",""
"5","14","2005-02","3.6","A",""
"5","15","2005-02","2.2","A",""
"5","16","2005-02","1.5","A",""
"5","17","2005-02","3.2","A",""
"5","18","2005-02","2.1","A",""
"5","20","2005-02","3.3","A",""
"6","Total","2005-02","2.9","A",""
"6","3","2005-02","3.3","A",""
"6","4","2005-02","1.6","A",""
"6","5","2005-02","2.5","A",""
"6","6","2005-02","1.8","A",""
"6","7","2005-02","2","A",""
"6","9","2005-02","3.4","A",""
"7","Total","2005-02","5.4","A",""
"7","21","2005-02","5.4","A",""
"Total","Total","2005-01","4.1","A",""
"1","Total","2005-01","6.2","A",""
"1","22","2005-01","5.8","A",""
"1","23","2005-01","5.3","A",""
"1","25","2005-01","7.5","A",""
"2","Total","2005-01","3.4","A",""
"2","2","2005-01","3.1","R",""
"2","10","2005-01","3.3","A",""
"2","11","2005-01","3.7","A",""
"2","24","2005-01","4.7","A",""
"2","26","2005-01","4.7","R",""
"3","Total","2005-01","3.8","A",""
"3","12","2005-01","4.5","A",""
"3","13","2005-01","3.6","A",""
"3","19","2005-01","3.6","A",""
"4","Total","2005-01","4.4","A",""
"4","1","2005-01","4.4","A",""
"5","Total","2005-01","3","A",""
"5","8","2005-01","2.6","A",""
"5","14","2005-01","3.8","A",""
"5","15","2005-01","2.3","A",""
"5","16","2005-01","1.7","A",""
"5","17","2005-01","3.2","A",""
"5","18","2005-01","2.2","A",""
"5","20","2005-01","3.3","A",""
"6","Total","2005-01","2.9","A",""
"6","3","2005-01","3.3","A",""
"6","4","2005-01","1.6","A",""
"6","5","2005-01","2.5","A",""
"6","6","2005-01","1.8","A",""
"6","7","2005-01","2.1","A",""
"6","9","2005-01","3.4","A",""
"7","Total","2005-01","5.5","A",""
"7","21","2005-01","5.5","A",""
"Total","Total","2004-12","4","A",""
"1","Total","2004-12","6","A",""
"1","22","2004-12","5.6","A",""
"1","23","2004-12","4.9","A",""
"1","25","2004-12","7.3","A",""
"2","Total","2004-12","3.3","A",""
"2","2","2004-12","3","R",""
"2","10","2004-12","3.2","A",""
"2","11","2004-12","3.6","A",""
"2","24","2004-12","4.5","A",""
"2","26","2004-12","4.5","R",""
"3","Total","2004-12","3.7","A",""
"3","12","2004-12","4.6","A",""
"3","13","2004-12","3.7","A",""
"3","19","2004-12","3.5","A",""
"4","Total","2004-12","4.3","A",""
"4","1","2004-12","4.3","A",""
"5","Total","2004-12","2.9","A",""
"5","8","2004-12","2.6","A",""
"5","14","2004-12","3.5","A",""
"5","15","2004-12","2.4","A",""
"5","16","2004-12","1.6","A",""
"5","17","2004-12","3.1","A",""
"5","18","2004-12","2.2","A",""
"5","20","2004-12","3.2","A",""
"6","Total","2004-12","2.9","A",""
"6","3","2004-12","3.2","A",""
"6","4","2004-12","1.5","A",""
"6","5","2004-12","2.5","A",""
"6","6","2004-12","1.7","A",""
"6","7","2004-12","2.2","A",""
"6","9","2004-12","3.5","A",""
"7","Total","2004-12","5.3","A",""
"7","21","2004-12","5.3","A",""
"Total","Total","2004-11","3.9","A",""
"1","Total","2004-11","5.8","A",""
"1","22","2004-11","5.5","A",""
"1","23","2004-11","4.1","A",""
"1","25","2004-11","7.3","A",""
"2","Total","2004-11","3.2","A",""
"2","2","2004-11","2.9","R",""
"2","10","2004-11","2.9","A",""
"2","11","2004-11","3.4","A",""
"2","24","2004-11","4.3","A",""
"2","26","2004-11","4.3","R",""
"3","Total","2004-11","3.5","A",""
"3","12","2004-11","4.4","A",""
"3","13","2004-11","3.4","A",""
"3","19","2004-11","3.3","A",""
"4","Total","2004-11","4.3","A",""
"4","1","2004-11","4.3","A",""
"5","Total","2004-11","2.8","A",""
"5","8","2004-11","2.4","A",""
"5","14","2004-11","3.3","A",""
"5","15","2004-11","2.3","A",""
"5","16","2004-11","1.6","A",""
"5","17","2004-11","3","A",""
"5","18","2004-11","2.3","A",""
"5","20","2004-11","3","A",""
"6","Total","2004-11","2.8","A",""
"6","3","2004-11","3","A",""
"6","4","2004-11","1.3","A",""
"6","5","2004-11","2.4","A",""
"6","6","2004-11","1.8","A",""
"6","7","2004-11","2.1","A",""
"6","9","2004-11","3.3","A",""
"7","Total","2004-11","5.1","A",""
"7","21","2004-11","5.1","A",""
"Total","Total","2004-10","3.7","A",""
"1","Total","2004-10","5.6","A",""
"1","22","2004-10","5.3","A",""
"1","23","2004-10","3.7","A",""
"1","25","2004-10","7.3","A",""
"2","Total","2004-10","3","A",""
"2","2","2004-10","2.8","R",""
"2","10","2004-10","2.8","A",""
"2","11","2004-10","3.3","A",""
"2","24","2004-10","4.2","A",""
"2","26","2004-10","4.3","R",""
"3","Total","2004-10","3.5","A",""
"3","12","2004-10","4.3","A",""
"3","13","2004-10","3.2","A",""
"3","19","2004-10","3.3","A",""
"4","Total","2004-10","4.2","A",""
"4","1","2004-10","4.2","A",""
"5","Total","2004-10","2.7","A",""
"5","8","2004-10","2.2","A",""
"5","14","2004-10","3.2","A",""
"5","15","2004-10","2.2","A",""
"5","16","2004-10","1.3","A",""
"5","17","2004-10","2.9","A",""
"5","18","2004-10","2.1","A",""
"5","20","2004-10","3.1","A",""
"6","Total","2004-10","2.7","A",""
"6","3","2004-10","3","A",""
"6","4","2004-10","1.3","A",""
"6","5","2004-10","2.3","A",""
"6","6","2004-10","1.6","A",""
"6","7","2004-10","2","A",""
"6","9","2004-10","3.3","A",""
"7","Total","2004-10","4.6","A",""
"7","21","2004-10","4.6","A",""
"Total","Total","2004-09","3.7","A",""
"1","Total","2004-09","5.5","A",""
"1","22","2004-09","5.3","A",""
"1","23","2004-09","3.3","A",""
"1","25","2004-09","7.2","A",""
"2","Total","2004-09","3","A",""
"2","2","2004-09","2.7","R",""
"2","10","2004-09","2.7","A",""
"2","11","2004-09","3.4","A",""
"2","24","2004-09","4.3","A",""
"2","26","2004-09","4.5","R",""
"3","Total","2004-09","3.5","A",""
"3","12","2004-09","4.5","A",""
"3","13","2004-09","3.3","A",""
"3","19","2004-09","3.3","A",""
"4","Total","2004-09","4.2","A",""
"4","1","2004-09","4.2","A",""
"5","Total","2004-09","2.7","A",""
"5","8","2004-09","2.3","A",""
"5","14","2004-09","3.1","A",""
"5","15","2004-09","2.2","A",""
"5","16","2004-09","1.4","A",""
"5","17","2004-09","3","A",""
"5","18","2004-09","1.8","A",""
"5","20","2004-09","3","A",""
"6","Total","2004-09","2.7","A",""
"6","3","2004-09","3","A",""
"6","4","2004-09","1","A",""
"6","5","2004-09","2.3","A",""
"6","6","2004-09","1.6","A",""
"6","7","2004-09","1.8","A",""
"6","9","2004-09","3.3","A",""
"7","Total","2004-09","4.3","A",""
"7","21","2004-09","4.3","A",""
"Total","Total","2004-08","3.7","A",""
"1","Total","2004-08","5.4","A",""
"1","22","2004-08","5.3","A",""
"1","23","2004-08","3.1","A",""
"1","25","2004-08","7.1","A",""
"2","Total","2004-08","3","A",""
"2","2","2004-08","2.6","R",""
"2","10","2004-08","2.8","A",""
"2","11","2004-08","3.5","A",""
"2","24","2004-08","4.3","A",""
"2","26","2004-08","4.5","R",""
"3","Total","2004-08","3.5","A",""
"3","12","2004-08","4.5","A",""
"3","13","2004-08","3.3","A",""
"3","19","2004-08","3.3","A",""
"4","Total","2004-08","4.2","A",""
"4","1","2004-08","4.2","A",""
"5","Total","2004-08","2.7","A",""
"5","8","2004-08","2.2","A",""
"5","14","2004-08","3.1","A",""
"5","15","2004-08","2.2","A",""
"5","16","2004-08","1.5","A",""
"5","17","2004-08","3","A",""
"5","18","2004-08","1.8","A",""
"5","20","2004-08","3","A",""
"6","Total","2004-08","2.7","A",""
"6","3","2004-08","3.1","A",""
"6","4","2004-08","1","A",""
"6","5","2004-08","2.2","A",""
"6","6","2004-08","1.5","A",""
"6","7","2004-08","1.8","A",""
"6","9","2004-08","3.4","A",""
"7","Total","2004-08","4.2","A",""
"7","21","2004-08","4.2","A",""
"Total","Total","2004-07","3.6","A",""
"1","Total","2004-07","5.3","A",""
"1","22","2004-07","5.2","A",""
"1","23","2004-07","2.9","A",""
"1","25","2004-07","7","A",""
"2","Total","2004-07","2.9","A",""
"2","2","2004-07","2.5","R",""
"2","10","2004-07","2.7","A",""
"2","11","2004-07","3.4","A",""
"2","24","2004-07","4.2","A",""
"2","26","2004-07","4.6","R",""
"3","Total","2004-07","3.4","A",""
"3","12","2004-07","4.4","A",""
"3","13","2004-07","3.3","A",""
"3","19","2004-07","3.2","A",""
"4","Total","2004-07","4.2","A",""
"4","1","2004-07","4.2","A",""
"5","Total","2004-07","2.6","A",""
"5","8","2004-07","2","A",""
"5","14","2004-07","3","A",""
"5","15","2004-07","2.3","A",""
"5","16","2004-07","1.4","A",""
"5","17","2004-07","2.9","A",""
"5","18","2004-07","1.8","A",""
"5","20","2004-07","2.9","A",""
"6","Total","2004-07","2.6","A",""
"6","3","2004-07","3","A",""
"6","4","2004-07","0.9","A",""
"6","5","2004-07","2","A",""
"6","6","2004-07","1.4","A",""
"6","7","2004-07","1.8","A",""
"6","9","2004-07","3.4","A",""
"7","Total","2004-07","4","A",""
"7","21","2004-07","4","A",""
"Total","Total","2004-06","3.7","A",""
"1","Total","2004-06","5.3","A",""
"1","22","2004-06","5.2","A",""
"1","23","2004-06","3","A",""
"1","25","2004-06","6.9","A",""
"2","Total","2004-06","2.9","A",""
"2","2","2004-06","2.6","R",""
"2","10","2004-06","2.6","A",""
"2","11","2004-06","3.3","A",""
"2","24","2004-06","4.1","A",""
"2","26","2004-06","4.3","R",""
"3","Total","2004-06","3.4","A",""
"3","12","2004-06","4.4","A",""
"3","13","2004-06","3.2","A",""
"3","19","2004-06","3.2","A",""
"4","Total","2004-06","4.3","A",""
"4","1","2004-06","4.3","A",""
"5","Total","2004-06","2.7","A",""
"5","8","2004-06","2.1","A",""
"5","14","2004-06","3.4","A",""
"5","15","2004-06","2.1","A",""
"5","16","2004-06","1.5","A",""
"5","17","2004-06","2.9","A",""
"5","18","2004-06","1.9","A",""
"5","20","2004-06","2.9","A",""
"6","Total","2004-06","2.6","A",""
"6","3","2004-06","3","A",""
"6","4","2004-06","0.9","A",""
"6","5","2004-06","2.1","A",""
"6","6","2004-06","1.4","A",""
"6","7","2004-06","1.8","A",""
"6","9","2004-06","3.3","A",""
"7","Total","2004-06","4","A",""
"7","21","2004-06","4","A",""
"Total","Total","2004-05","3.8","A",""
"1","Total","2004-05","5.4","A",""
"1","22","2004-05","5.3","A",""
"1","23","2004-05","3.5","A",""
"1","25","2004-05","6.9","A",""
"2","Total","2004-05","3.1","A",""
"2","2","2004-05","2.8","R",""
"2","10","2004-05","2.7","A",""
"2","11","2004-05","3.4","A",""
"2","24","2004-05","4.3","A",""
"2","26","2004-05","4.5","R",""
"3","Total","2004-05","3.5","A",""
"3","12","2004-05","4.4","A",""
"3","13","2004-05","3.3","A",""
"3","19","2004-05","3.3","A",""
"4","Total","2004-05","4.5","A",""
"4","1","2004-05","4.5","A",""
"5","Total","2004-05","2.9","A",""
"5","8","2004-05","2.3","A",""
"5","14","2004-05","3.5","A",""
"5","15","2004-05","2.1","A",""
"5","16","2004-05","1.6","A",""
"5","17","2004-05","3.1","A",""
"5","18","2004-05","2.3","A",""
"5","20","2004-05","3","A",""
"6","Total","2004-05","2.7","A",""
"6","3","2004-05","3","A",""
"6","4","2004-05","1","A",""
"6","5","2004-05","2.1","A",""
"6","6","2004-05","1.6","A",""
"6","7","2004-05","1.8","A",""
"6","9","2004-05","3.4","A",""
"7","Total","2004-05","4","A",""
"7","21","2004-05","4","A",""
"Total","Total","2004-04","3.9","A",""
"1","Total","2004-04","5.6","A",""
"1","22","2004-04","5.4","A",""
"1","23","2004-04","3.8","A",""
"1","25","2004-04","6.9","A",""
"2","Total","2004-04","3.3","A",""
"2","2","2004-04","3","R",""
"2","10","2004-04","2.9","A",""
"2","11","2004-04","3.6","A",""
"2","24","2004-04","4.6","A",""
"2","26","2004-04","4.7","R",""
"3","Total","2004-04","3.6","A",""
"3","12","2004-04","4.6","A",""
"3","13","2004-04","3.3","A",""
"3","19","2004-04","3.5","A",""
"4","Total","2004-04","4.7","A",""
"4","1","2004-04","4.7","A",""
"5","Total","2004-04","3","A",""
"5","8","2004-04","2.3","A",""
"5","14","2004-04","3.7","A",""
"5","15","2004-04","2.3","A",""
"5","16","2004-04","1.8","A",""
"5","17","2004-04","3.2","A",""
"5","18","2004-04","2.3","A",""
"5","20","2004-04","3.2","A",""
"6","Total","2004-04","2.8","A",""
"6","3","2004-04","3.2","A",""
"6","4","2004-04","1.1","A",""
"6","5","2004-04","2.3","A",""
"6","6","2004-04","1.7","A",""
"6","7","2004-04","1.8","A",""
"6","9","2004-04","3.5","A",""
"7","Total","2004-04","4.2","A",""
"7","21","2004-04","4.2","A",""
"Total","Total","2004-03","4.1","A",""
"1","Total","2004-03","5.6","A",""
"1","22","2004-03","5.5","A",""
"1","23","2004-03","3.8","A",""
"1","25","2004-03","6.9","A",""
"2","Total","2004-03","3.5","A",""
"2","2","2004-03","3.1","R",""
"2","10","2004-03","3.1","A",""
"2","11","2004-03","3.8","A",""
"2","24","2004-03","4.8","A",""
"2","26","2004-03","5","R",""
"3","Total","2004-03","3.8","A",""
"3","12","2004-03","4.8","A",""
"3","13","2004-03","3.5","A",""
"3","19","2004-03","3.7","A",""
"4","Total","2004-03","4.9","A",""
"4","1","2004-03","4.9","A",""
"5","Total","2004-03","3","A",""
"5","8","2004-03","2.5","A",""
"5","14","2004-03","3.7","A",""
"5","15","2004-03","2.4","A",""
"5","16","2004-03","2","A",""
"5","17","2004-03","3.2","A",""
"5","18","2004-03","1.9","A",""
"5","20","2004-03","3.3","A",""
"6","Total","2004-03","3","A",""
"6","3","2004-03","3.3","A",""
"6","4","2004-03","1.3","A",""
"6","5","2004-03","2.4","A",""
"6","6","2004-03","1.9","A",""
"6","7","2004-03","2","A",""
"6","9","2004-03","3.6","A",""
"7","Total","2004-03","4.6","A",""
"7","21","2004-03","4.6","A",""
"Total","Total","2004-02","4.2","A",""
"1","Total","2004-02","5.8","A",""
"1","22","2004-02","5.5","A",""
"1","23","2004-02","4.5","A",""
"1","25","2004-02","7","A",""
"2","Total","2004-02","3.6","A",""
"2","2","2004-02","3.3","R",""
"2","10","2004-02","3.2","A",""
"2","11","2004-02","3.9","A",""
"2","24","2004-02","4.9","A",""
"2","26","2004-02","5.3","R",""
"3","Total","2004-02","3.9","A",""
"3","12","2004-02","4.9","A",""
"3","13","2004-02","3.5","A",""
"3","19","2004-02","3.8","A",""
"4","Total","2004-02","5","A",""
"4","1","2004-02","5","A",""
"5","Total","2004-02","3.1","A",""
"5","8","2004-02","2.8","A",""
"5","14","2004-02","3.8","A",""
"5","15","2004-02","2.4","A",""
"5","16","2004-02","1.9","A",""
"5","17","2004-02","3.3","A",""
"5","18","2004-02","2.2","A",""
"5","20","2004-02","3.4","A",""
"6","Total","2004-02","3","A",""
"6","3","2004-02","3.4","A",""
"6","4","2004-02","1.4","A",""
"6","5","2004-02","2.4","A",""
"6","6","2004-02","2","A",""
"6","7","2004-02","2","A",""
"6","9","2004-02","3.7","A",""
"7","Total","2004-02","5","A",""
"7","21","2004-02","5","A",""
"Total","Total","2004-01","4.3","A",""
"1","Total","2004-01","5.8","A",""
"1","22","2004-01","5.5","A",""
"1","23","2004-01","4.8","A",""
"1","25","2004-01","7","A",""
"2","Total","2004-01","3.7","A",""
"2","2","2004-01","3.3","R",""
"2","10","2004-01","3.3","A",""
"2","11","2004-01","4","A",""
"2","24","2004-01","5","A",""
"2","26","2004-01","5.3","R",""
"3","Total","2004-01","3.9","A",""
"3","12","2004-01","5","A",""
"3","13","2004-01","3.5","A",""
"3","19","2004-01","3.8","A",""
"4","Total","2004-01","5","A",""
"4","1","2004-01","5","A",""
"5","Total","2004-01","3.1","A",""
"5","8","2004-01","2.9","A",""
"5","14","2004-01","3.8","A",""
"5","15","2004-01","2.4","A",""
"5","16","2004-01","2","A",""
"5","17","2004-01","3.4","A",""
"5","18","2004-01","2.4","A",""
"5","20","2004-01","3.4","A",""
"6","Total","2004-01","3.1","A",""
"6","3","2004-01","3.5","A",""
"6","4","2004-01","1.5","A",""
"6","5","2004-01","2.4","A",""
"6","6","2004-01","2.1","A",""
"6","7","2004-01","2.3","A",""
"6","9","2004-01","3.7","A",""
"7","Total","2004-01","5.2","A",""
"7","21","2004-01","5.2","A",""
"Total","Total","2003-12","4.1","A",""
"1","Total","2003-12","5.6","A",""
"1","22","2003-12","5.2","A",""
"1","23","2003-12","4.5","A",""
"1","25","2003-12","6.9","A",""
"2","Total","2003-12","3.5","A",""
"2","2","2003-12","3.2","R",""
"2","10","2003-12","3.2","A",""
"2","11","2003-12","3.9","A",""
"2","24","2003-12","4.9","A",""
"2","26","2003-12","5.1","R",""
"3","Total","2003-12","3.8","A",""
"3","12","2003-12","4.8","A",""
"3","13","2003-12","3.5","A",""
"3","19","2003-12","3.7","A",""
"4","Total","2003-12","4.9","A",""
"4","1","2003-12","4.9","A",""
"5","Total","2003-12","3","A",""
"5","8","2003-12","2.7","A",""
"5","14","2003-12","3.7","A",""
"5","15","2003-12","2.2","A",""
"5","16","2003-12","1.8","A",""
"5","17","2003-12","3.2","A",""
"5","18","2003-12","2.3","A",""
"5","20","2003-12","3.3","A",""
"6","Total","2003-12","3","A",""
"6","3","2003-12","3.5","A",""
"6","4","2003-12","1.5","A",""
"6","5","2003-12","2.3","A",""
"6","6","2003-12","1.9","A",""
"6","7","2003-12","2.2","A",""
"6","9","2003-12","3.8","A",""
"7","Total","2003-12","5.1","A",""
"7","21","2003-12","5.1","A",""
"Total","Total","2003-11","4","A",""
"1","Total","2003-11","5.3","A",""
"1","22","2003-11","5","A",""
"1","23","2003-11","3.7","A",""
"1","25","2003-11","6.8","A",""
"2","Total","2003-11","3.4","A",""
"2","2","2003-11","3.1","R",""
"2","10","2003-11","3","A",""
"2","11","2003-11","3.8","A",""
"2","24","2003-11","4.7","A",""
"2","26","2003-11","5","R",""
"3","Total","2003-11","3.7","A",""
"3","12","2003-11","4.6","A",""
"3","13","2003-11","3.2","A",""
"3","19","2003-11","3.5","A",""
"4","Total","2003-11","4.8","A",""
"4","1","2003-11","4.8","A",""
"5","Total","2003-11","2.9","A",""
"5","8","2003-11","2.6","A",""
"5","14","2003-11","3.5","A",""
"5","15","2003-11","2.2","A",""
"5","16","2003-11","1.7","A",""
"5","17","2003-11","3.2","A",""
"5","18","2003-11","2.4","A",""
"5","20","2003-11","3.1","A",""
"6","Total","2003-11","2.9","A",""
"6","3","2003-11","3.3","A",""
"6","4","2003-11","1.3","A",""
"6","5","2003-11","2.2","A",""
"6","6","2003-11","1.9","A",""
"6","7","2003-11","2.1","A",""
"6","9","2003-11","3.6","A",""
"7","Total","2003-11","4.8","A",""
"7","21","2003-11","4.8","A",""
"Total","Total","2003-10","3.8","A",""
"1","Total","2003-10","5.2","A",""
"1","22","2003-10","4.8","A",""
"1","23","2003-10","3.5","A",""
"1","25","2003-10","6.7","A",""
"2","Total","2003-10","3.2","A",""
"2","2","2003-10","2.9","R",""
"2","10","2003-10","2.8","A",""
"2","11","2003-10","3.6","A",""
"2","24","2003-10","4.5","A",""
"2","26","2003-10","5.1","R",""
"3","Total","2003-10","3.5","A",""
"3","12","2003-10","4.4","A",""
"3","13","2003-10","3.1","A",""
"3","19","2003-10","3.4","A",""
"4","Total","2003-10","4.7","A",""
"4","1","2003-10","4.7","A",""
"5","Total","2003-10","2.8","A",""
"5","8","2003-10","2.4","A",""
"5","14","2003-10","3.4","A",""
"5","15","2003-10","2.1","A",""
"5","16","2003-10","1.5","A",""
"5","17","2003-10","3.1","A",""
"5","18","2003-10","2.1","A",""
"5","20","2003-10","3","A",""
"6","Total","2003-10","2.9","A",""
"6","3","2003-10","3.3","A",""
"6","4","2003-10","1.1","A",""
"6","5","2003-10","2.2","A",""
"6","6","2003-10","1.9","A",""
"6","7","2003-10","2","A",""
"6","9","2003-10","3.5","A",""
"7","Total","2003-10","4.3","A",""
"7","21","2003-10","4.3","A",""
"Total","Total","2003-09","3.7","A",""
"1","Total","2003-09","5","A",""
"1","22","2003-09","4.7","A",""
"1","23","2003-09","3","A",""
"1","25","2003-09","6.6","A",""
"2","Total","2003-09","3.1","A",""
"2","2","2003-09","2.8","R",""
"2","10","2003-09","2.7","A",""
"2","11","2003-09","3.5","A",""
"2","24","2003-09","4.4","A",""
"2","26","2003-09","5.1","R",""
"3","Total","2003-09","3.5","A",""
"3","12","2003-09","4.3","A",""
"3","13","2003-09","3","A",""
"3","19","2003-09","3.4","A",""
"4","Total","2003-09","4.7","A",""
"4","1","2003-09","4.7","A",""
"5","Total","2003-09","2.7","A",""
"5","8","2003-09","2.3","A",""
"5","14","2003-09","3.1","A",""
"5","15","2003-09","2.3","A",""
"5","16","2003-09","1.2","A",""
"5","17","2003-09","3.1","A",""
"5","18","2003-09","1.8","A",""
"5","20","2003-09","3","A",""
"6","Total","2003-09","2.8","A",""
"6","3","2003-09","3.2","A",""
"6","4","2003-09","0.8","A",""
"6","5","2003-09","2","A",""
"6","6","2003-09","1.6","A",""
"6","7","2003-09","1.9","A",""
"6","9","2003-09","3.5","A",""
"7","Total","2003-09","4","A",""
"7","21","2003-09","4","A",""
"Total","Total","2003-08","3.6","A",""
"1","Total","2003-08","4.9","A",""
"1","22","2003-08","4.6","A",""
"1","23","2003-08","2.8","A",""
"1","25","2003-08","6.5","A",""
"2","Total","2003-08","3","A",""
"2","2","2003-08","2.7","R",""
"2","10","2003-08","2.7","A",""
"2","11","2003-08","3.3","A",""
"2","24","2003-08","4.3","A",""
"2","26","2003-08","5.2","R",""
"3","Total","2003-08","3.4","A",""
"3","12","2003-08","4.2","A",""
"3","13","2003-08","2.9","A",""
"3","19","2003-08","3.3","A",""
"4","Total","2003-08","4.6","A",""
"4","1","2003-08","4.6","A",""
"5","Total","2003-08","2.7","A",""
"5","8","2003-08","2.4","A",""
"5","14","2003-08","3.1","A",""
"5","15","2003-08","2.2","A",""
"5","16","2003-08","1.3","A",""
"5","17","2003-08","3","A",""
"5","18","2003-08","1.8","A",""
"5","20","2003-08","3","A",""
"6","Total","2003-08","2.7","A",""
"6","3","2003-08","3.1","A",""
"6","4","2003-08","0.9","A",""
"6","5","2003-08","2.1","A",""
"6","6","2003-08","1.6","A",""
"6","7","2003-08","1.9","A",""
"6","9","2003-08","3.5","A",""
"7","Total","2003-08","3.9","A",""
"7","21","2003-08","3.9","A",""
"Total","Total","2003-07","3.6","A",""
"1","Total","2003-07","4.9","A",""
"1","22","2003-07","4.6","A",""
"1","23","2003-07","2.8","A",""
"1","25","2003-07","6.5","A",""
"2","Total","2003-07","3","A",""
"2","2","2003-07","2.7","R",""
"2","10","2003-07","2.6","A",""
"2","11","2003-07","3.1","A",""
"2","24","2003-07","4.3","A",""
"2","26","2003-07","5","R",""
"3","Total","2003-07","3.4","A",""
"3","12","2003-07","4.3","A",""
"3","13","2003-07","3","A",""
"3","19","2003-07","3.2","A",""
"4","Total","2003-07","4.5","A",""
"4","1","2003-07","4.5","A",""
"5","Total","2003-07","2.6","A",""
"5","8","2003-07","2.1","A",""
"5","14","2003-07","2.9","A",""
"5","15","2003-07","2.1","A",""
"5","16","2003-07","1.1","A",""
"5","17","2003-07","2.9","A",""
"5","18","2003-07","1.8","A",""
"5","20","2003-07","2.8","A",""
"6","Total","2003-07","2.7","A",""
"6","3","2003-07","3.1","A",""
"6","4","2003-07","0.8","A",""
"6","5","2003-07","2","A",""
"6","6","2003-07","1.5","A",""
"6","7","2003-07","1.9","A",""
"6","9","2003-07","3.6","A",""
"7","Total","2003-07","3.8","A",""
"7","21","2003-07","3.8","A",""
"Total","Total","2003-06","3.6","A",""
"1","Total","2003-06","4.8","A",""
"1","22","2003-06","4.5","A",""
"1","23","2003-06","2.9","A",""
"1","25","2003-06","6.5","A",""
"2","Total","2003-06","2.9","A",""
"2","2","2003-06","2.7","R",""
"2","10","2003-06","2.5","A",""
"2","11","2003-06","3.1","A",""
"2","24","2003-06","4.2","A",""
"2","26","2003-06","5","R",""
"3","Total","2003-06","3.3","A",""
"3","12","2003-06","4.3","A",""
"3","13","2003-06","2.9","A",""
"3","19","2003-06","3.2","A",""
"4","Total","2003-06","4.5","A",""
"4","1","2003-06","4.5","A",""
"5","Total","2003-06","2.6","A",""
"5","8","2003-06","2.1","A",""
"5","14","2003-06","2.8","A",""
"5","15","2003-06","2","A",""
"5","16","2003-06","1.3","A",""
"5","17","2003-06","2.9","A",""
"5","18","2003-06","1.9","A",""
"5","20","2003-06","2.7","A",""
"6","Total","2003-06","2.6","A",""
"6","3","2003-06","3","A",""
"6","4","2003-06","0.8","A",""
"6","5","2003-06","2","A",""
"6","6","2003-06","1.3","A",""
"6","7","2003-06","1.8","A",""
"6","9","2003-06","3.5","A",""
"7","Total","2003-06","3.8","A",""
"7","21","2003-06","3.8","A",""
"Total","Total","2003-05","3.6","A",""
"1","Total","2003-05","4.9","A",""
"1","22","2003-05","4.5","A",""
"1","23","2003-05","3.2","A",""
"1","25","2003-05","6.4","A",""
"2","Total","2003-05","3","A",""
"2","2","2003-05","2.7","R",""
"2","10","2003-05","2.6","A",""
"2","11","2003-05","3.1","A",""
"2","24","2003-05","4.2","A",""
"2","26","2003-05","4.9","R",""
"3","Total","2003-05","3.3","A",""
"3","12","2003-05","4.3","A",""
"3","13","2003-05","2.8","A",""
"3","19","2003-05","3.2","A",""
"4","Total","2003-05","4.4","A",""
"4","1","2003-05","4.4","A",""
"5","Total","2003-05","2.6","A",""
"5","8","2003-05","2.2","A",""
"5","14","2003-05","2.8","A",""
"5","15","2003-05","2","A",""
"5","16","2003-05","1.4","A",""
"5","17","2003-05","2.9","A",""
"5","18","2003-05","2.2","A",""
"5","20","2003-05","2.8","A",""
"6","Total","2003-05","2.6","A",""
"6","3","2003-05","3","A",""
"6","4","2003-05","1","A",""
"6","5","2003-05","2","A",""
"6","6","2003-05","1.4","A",""
"6","7","2003-05","1.9","A",""
"6","9","2003-05","3.6","A",""
"7","Total","2003-05","3.9","A",""
"7","21","2003-05","3.9","A",""
"Total","Total","2003-04","3.6","A",""
"1","Total","2003-04","4.9","A",""
"1","22","2003-04","4.5","A",""
"1","23","2003-04","3.3","A",""
"1","25","2003-04","6.4","A",""
"2","Total","2003-04","3","A",""
"2","2","2003-04","2.8","R",""
"2","10","2003-04","2.7","A",""
"2","11","2003-04","3.2","A",""
"2","24","2003-04","4.3","A",""
"2","26","2003-04","4.8","R",""
"3","Total","2003-04","3.3","A",""
"3","12","2003-04","4.3","A",""
"3","13","2003-04","2.9","A",""
"3","19","2003-04","3.2","A",""
"4","Total","2003-04","4.4","A",""
"4","1","2003-04","4.4","A",""
"5","Total","2003-04","2.6","A",""
"5","8","2003-04","2.3","A",""
"5","14","2003-04","2.9","A",""
"5","15","2003-04","2","A",""
"5","16","2003-04","1.3","A",""
"5","17","2003-04","2.9","A",""
"5","18","2003-04","2","A",""
"5","20","2003-04","2.8","A",""
"6","Total","2003-04","2.7","A",""
"6","3","2003-04","3","A",""
"6","4","2003-04","1","A",""
"6","5","2003-04","2.1","A",""
"6","6","2003-04","1.4","A",""
"6","7","2003-04","1.8","A",""
"6","9","2003-04","3.7","A",""
"7","Total","2003-04","3.9","A",""
"7","21","2003-04","3.9","A",""
"Total","Total","2003-03","3.6","A",""
"1","Total","2003-03","4.8","A",""
"1","22","2003-03","4.5","A",""
"1","23","2003-03","3.4","A",""
"1","25","2003-03","6.3","A",""
"2","Total","2003-03","3.1","A",""
"2","2","2003-03","2.8","R",""
"2","10","2003-03","2.7","A",""
"2","11","2003-03","3.2","A",""
"2","24","2003-03","4.5","A",""
"2","26","2003-03","4.8","R",""
"3","Total","2003-03","3.3","A",""
"3","12","2003-03","4.2","A",""
"3","13","2003-03","2.8","A",""
"3","19","2003-03","3.2","A",""
"4","Total","2003-03","4.4","A",""
"4","1","2003-03","4.4","A",""
"5","Total","2003-03","2.6","A",""
"5","8","2003-03","2.4","A",""
"5","14","2003-03","3","A",""
"5","15","2003-03","2.2","A",""
"5","16","2003-03","1.4","A",""
"5","17","2003-03","2.9","A",""
"5","18","2003-03","1.7","A",""
"5","20","2003-03","2.9","A",""
"6","Total","2003-03","2.7","A",""
"6","3","2003-03","3","A",""
"6","4","2003-03","1.2","A",""
"6","5","2003-03","2.1","A",""
"6","6","2003-03","1.5","A",""
"6","7","2003-03","1.8","A",""
"6","9","2003-03","3.7","A",""
"7","Total","2003-03","4.2","A",""
"7","21","2003-03","4.2","A",""
"Total","Total","2003-02","3.6","A",""
"1","Total","2003-02","4.9","A",""
"1","22","2003-02","4.4","A",""
"1","23","2003-02","4","A",""
"1","25","2003-02","6.2","A",""
"2","Total","2003-02","3.1","A",""
"2","2","2003-02","2.8","R",""
"2","10","2003-02","2.8","A",""
"2","11","2003-02","3.2","A",""
"2","24","2003-02","4.5","A",""
"2","26","2003-02","4.9","R",""
"3","Total","2003-02","3.2","A",""
"3","12","2003-02","3.8","A",""
"3","13","2003-02","2.7","A",""
"3","19","2003-02","3.2","A",""
"4","Total","2003-02","4.2","A",""
"4","1","2003-02","4.2","A",""
"5","Total","2003-02","2.7","A",""
"5","8","2003-02","2.4","A",""
"5","14","2003-02","3.1","A",""
"5","15","2003-02","2.1","A",""
"5","16","2003-02","1.4","A",""
"5","17","2003-02","3","A",""
"5","18","2003-02","1.8","A",""
"5","20","2003-02","2.9","A",""
"6","Total","2003-02","2.7","A",""
"6","3","2003-02","3","A",""
"6","4","2003-02","1.2","A",""
"6","5","2003-02","2.2","A",""
"6","6","2003-02","1.4","A",""
"6","7","2003-02","1.8","A",""
"6","9","2003-02","3.7","A",""
"7","Total","2003-02","4.7","A",""
"7","21","2003-02","4.7","A",""
"Total","Total","2003-01","3.5","A",""
"1","Total","2003-01","4.8","A",""
"1","22","2003-01","4.3","A",""
"1","23","2003-01","4.2","A",""
"1","25","2003-01","6","A",""
"2","Total","2003-01","3.1","A",""
"2","2","2003-01","2.7","R",""
"2","10","2003-01","2.8","A",""
"2","11","2003-01","3.1","A",""
"2","24","2003-01","4.5","A",""
"2","26","2003-01","4.9","R",""
"3","Total","2003-01","3.1","A",""
"3","12","2003-01","3.7","A",""
"3","13","2003-01","2.6","A",""
"3","19","2003-01","3.2","A",""
"4","Total","2003-01","4.1","A",""
"4","1","2003-01","4.1","A",""
"5","Total","2003-01","2.6","A",""
"5","8","2003-01","2.4","A",""
"5","14","2003-01","3.1","A",""
"5","15","2003-01","2.2","A",""
"5","16","2003-01","1.4","A",""
"5","17","2003-01","2.8","A",""
"5","18","2003-01","1.7","A",""
"5","20","2003-01","2.8","A",""
"6","Total","2003-01","2.6","A",""
"6","3","2003-01","2.9","A",""
"6","4","2003-01","1.2","A",""
"6","5","2003-01","2.1","A",""
"6","6","2003-01","1.4","A",""
"6","7","2003-01","1.8","A",""
"6","9","2003-01","3.6","A",""
"7","Total","2003-01","4.7","A",""
"7","21","2003-01","4.7","A",""
"Total","Total","2002-12","3.3","A",""
"1","Total","2002-12","4.6","A",""
"1","22","2002-12","4.1","A",""
"1","23","2002-12","3.9","A",""
"1","25","2002-12","5.8","A",""
"2","Total","2002-12","2.8","A",""
"2","2","2002-12","2.5","R",""
"2","10","2002-12","2.4","A",""
"2","11","2002-12","2.9","A",""
"2","24","2002-12","4.2","A",""
"2","26","2002-12","4.4","R",""
"3","Total","2002-12","3","A",""
"3","12","2002-12","3.6","A",""
"3","13","2002-12","2.6","A",""
"3","19","2002-12","2.9","A",""
"4","Total","2002-12","3.8","A",""
"4","1","2002-12","3.8","A",""
"5","Total","2002-12","2.4","A",""
"5","8","2002-12","2.1","A",""
"5","14","2002-12","2.9","A",""
"5","15","2002-12","1.9","A",""
"5","16","2002-12","1.1","A",""
"5","17","2002-12","2.7","A",""
"5","18","2002-12","1.6","A",""
"5","20","2002-12","2.5","A",""
"6","Total","2002-12","2.5","A",""
"6","3","2002-12","2.8","A",""
"6","4","2002-12","1.1","A",""
"6","5","2002-12","1.8","A",""
"6","6","2002-12","1.4","A",""
"6","7","2002-12","1.7","A",""
"6","9","2002-12","3.5","A",""
"7","Total","2002-12","4.5","A",""
"7","21","2002-12","4.5","A",""
"Total","Total","2002-11","3.1","A",""
"1","Total","2002-11","4.2","A",""
"1","22","2002-11","3.8","A",""
"1","23","2002-11","3.1","A",""
"1","25","2002-11","5.6","A",""
"2","Total","2002-11","2.6","A",""
"2","2","2002-11","2.3","R",""
"2","10","2002-11","2.1","A",""
"2","11","2002-11","2.7","A",""
"2","24","2002-11","3.7","A",""
"2","26","2002-11","4.1","R",""
"3","Total","2002-11","2.7","A",""
"3","12","2002-11","3.5","A",""
"3","13","2002-11","2.2","A",""
"3","19","2002-11","2.7","A",""
"4","Total","2002-11","3.6","A",""
"4","1","2002-11","3.6","A",""
"5","Total","2002-11","2.3","A",""
"5","8","2002-11","1.9","A",""
"5","14","2002-11","2.7","A",""
"5","15","2002-11","1.8","A",""
"5","16","2002-11","1","A",""
"5","17","2002-11","2.5","A",""
"5","18","2002-11","1.8","A",""
"5","20","2002-11","2.4","A",""
"6","Total","2002-11","2.3","A",""
"6","3","2002-11","2.6","A",""
"6","4","2002-11","1","A",""
"6","5","2002-11","1.6","A",""
"6","6","2002-11","1.3","A",""
"6","7","2002-11","1.6","A",""
"6","9","2002-11","3.3","A",""
"7","Total","2002-11","4.2","A",""
"7","21","2002-11","4.2","A",""
"Total","Total","2002-10","2.8","A",""
"1","Total","2002-10","4","A",""
"1","22","2002-10","3.5","A",""
"1","23","2002-10","2.7","A",""
"1","25","2002-10","5.4","A",""
"2","Total","2002-10","2.3","A",""
"2","2","2002-10","2","R",""
"2","10","2002-10","2","A",""
"2","11","2002-10","2.5","A",""
"2","24","2002-10","3.4","A",""
"2","26","2002-10","3.9","R",""
"3","Total","2002-10","2.5","A",""
"3","12","2002-10","3.1","A",""
"3","13","2002-10","2.1","A",""
"3","19","2002-10","2.4","A",""
"4","Total","2002-10","3.3","A",""
"4","1","2002-10","3.3","A",""
"5","Total","2002-10","2.1","A",""
"5","8","2002-10","1.9","A",""
"5","14","2002-10","2.5","A",""
"5","15","2002-10","1.7","A",""
"5","16","2002-10","0.9","A",""
"5","17","2002-10","2.3","A",""
"5","18","2002-10","1.6","A",""
"5","20","2002-10","2.1","A",""
"6","Total","2002-10","2.1","A",""
"6","3","2002-10","2.3","A",""
"6","4","2002-10","1","A",""
"6","5","2002-10","1.5","A",""
"6","6","2002-10","1.1","A",""
"6","7","2002-10","1.4","A",""
"6","9","2002-10","3.1","A",""
"7","Total","2002-10","3.6","A",""
"7","21","2002-10","3.6","A",""
"Total","Total","2002-09","2.6","A",""
"1","Total","2002-09","3.7","A",""
"1","22","2002-09","3.3","A",""
"1","23","2002-09","2.3","A",""
"1","25","2002-09","5.2","A",""
"2","Total","2002-09","2.1","A",""
"2","2","2002-09","1.7","R",""
"2","10","2002-09","1.8","A",""
"2","11","2002-09","2.5","A",""
"2","24","2002-09","3.1","A",""
"2","26","2002-09","3.8","R",""
"3","Total","2002-09","2.3","A",""
"3","12","2002-09","3","A",""
"3","13","2002-09","1.9","A",""
"3","19","2002-09","2.2","A",""
"4","Total","2002-09","3.1","A",""
"4","1","2002-09","3.1","A",""
"5","Total","2002-09","1.9","A",""
"5","8","2002-09","1.8","A",""
"5","14","2002-09","2.4","A",""
"5","15","2002-09","1.6","A",""
"5","16","2002-09","0.7","A",""
"5","17","2002-09","2.2","A",""
"5","18","2002-09","1.3","A",""
"5","20","2002-09","2","A",""
"6","Total","2002-09","1.9","A",""
"6","3","2002-09","2","A",""
"6","4","2002-09","0.7","A",""
"6","5","2002-09","1.3","A",""
"6","6","2002-09","1","A",""
"6","7","2002-09","1.3","A",""
"6","9","2002-09","2.9","A",""
"7","Total","2002-09","3.3","A",""
"7","21","2002-09","3.3","A",""
"Total","Total","2002-08","2.4","A",""
"1","Total","2002-08","3.6","A",""
"1","22","2002-08","3.2","A",""
"1","23","2002-08","2.1","A",""
"1","25","2002-08","5","A",""
"2","Total","2002-08","1.9","A",""
"2","2","2002-08","1.6","R",""
"2","10","2002-08","1.7","A",""
"2","11","2002-08","2.3","A",""
"2","24","2002-08","3.1","A",""
"2","26","2002-08","3.6","R",""
"3","Total","2002-08","2.1","A",""
"3","12","2002-08","2.9","A",""
"3","13","2002-08","1.8","A",""
"3","19","2002-08","2","A",""
"4","Total","2002-08","2.9","A",""
"4","1","2002-08","2.9","A",""
"5","Total","2002-08","1.8","A",""
"5","8","2002-08","1.7","A",""
"5","14","2002-08","2.2","A",""
"5","15","2002-08","1.7","A",""
"5","16","2002-08","0.9","A",""
"5","17","2002-08","2.1","A",""
"5","18","2002-08","1.2","A",""
"5","20","2002-08","1.9","A",""
"6","Total","2002-08","1.8","A",""
"6","3","2002-08","1.9","A",""
"6","4","2002-08","0.6","A",""
"6","5","2002-08","1.2","A",""
"6","6","2002-08","0.9","A",""
"6","7","2002-08","1.1","A",""
"6","9","2002-08","2.7","A",""
"7","Total","2002-08","3.3","A",""
"7","21","2002-08","3.3","A",""
"Total","Total","2002-07","2.4","A",""
"1","Total","2002-07","3.5","A",""
"1","22","2002-07","3.1","A",""
"1","23","2002-07","1.9","A",""
"1","25","2002-07","5","A",""
"2","Total","2002-07","1.8","A",""
"2","2","2002-07","1.5","R",""
"2","10","2002-07","1.5","A",""
"2","11","2002-07","2.1","A",""
"2","24","2002-07","3","A",""
"2","26","2002-07","3.6","R",""
"3","Total","2002-07","2.1","A",""
"3","12","2002-07","3","A",""
"3","13","2002-07","1.8","A",""
"3","19","2002-07","2","A",""
"4","Total","2002-07","2.9","A",""
"4","1","2002-07","2.9","A",""
"5","Total","2002-07","1.7","A",""
"5","8","2002-07","1.5","A",""
"5","14","2002-07","2","A",""
"5","15","2002-07","1.5","A",""
"5","16","2002-07","0.8","A",""
"5","17","2002-07","2","A",""
"5","18","2002-07","1.1","A",""
"5","20","2002-07","1.8","A",""
"6","Total","2002-07","1.6","A",""
"6","3","2002-07","1.8","A",""
"6","4","2002-07","0.6","A",""
"6","5","2002-07","1.1","A",""
"6","6","2002-07","0.8","A",""
"6","7","2002-07","1","A",""
"6","9","2002-07","2.5","A",""
"7","Total","2002-07","3.1","A",""
"7","21","2002-07","3.1","A",""
"Total","Total","2002-06","2.3","A",""
"1","Total","2002-06","3.4","A",""
"1","22","2002-06","3","A",""
"1","23","2002-06","1.9","A",""
"1","25","2002-06","4.9","A",""
"2","Total","2002-06","1.7","A",""
"2","2","2002-06","1.4","R",""
"2","10","2002-06","1.5","A",""
"2","11","2002-06","2.2","A",""
"2","24","2002-06","2.8","A",""
"2","26","2002-06","3.4","R",""
"3","Total","2002-06","2.1","A",""
"3","12","2002-06","2.9","A",""
"3","13","2002-06","1.8","A",""
"3","19","2002-06","2","A",""
"4","Total","2002-06","2.8","A",""
"4","1","2002-06","2.8","A",""
"5","Total","2002-06","1.7","A",""
"5","8","2002-06","1.2","A",""
"5","14","2002-06","2","A",""
"5","15","2002-06","1.5","A",""
"5","16","2002-06","0.9","A",""
"5","17","2002-06","1.9","A",""
"5","18","2002-06","1.2","A",""
"5","20","2002-06","1.8","A",""
"6","Total","2002-06","1.5","A",""
"6","3","2002-06","1.7","A",""
"6","4","2002-06","0.5","A",""
"6","5","2002-06","1","A",""
"6","6","2002-06","0.7","A",""
"6","7","2002-06","0.9","A",""
"6","9","2002-06","2.3","A",""
"7","Total","2002-06","2.9","A",""
"7","21","2002-06","2.9","A",""
"Total","Total","2002-05","2.3","A",""
"1","Total","2002-05","3.4","A",""
"1","22","2002-05","3","A",""
"1","23","2002-05","2.2","A",""
"1","25","2002-05","4.9","A",""
"2","Total","2002-05","1.8","A",""
"2","2","2002-05","1.4","R",""
"2","10","2002-05","1.5","A",""
"2","11","2002-05","2.2","A",""
"2","24","2002-05","2.9","A",""
"2","26","2002-05","3.5","R",""
"3","Total","2002-05","2.1","A",""
"3","12","2002-05","2.8","A",""
"3","13","2002-05","1.7","A",""
"3","19","2002-05","1.9","A",""
"4","Total","2002-05","2.8","A",""
"4","1","2002-05","2.8","A",""
"5","Total","2002-05","1.8","A",""
"5","8","2002-05","1.1","A",""
"5","14","2002-05","2.2","A",""
"5","15","2002-05","1.6","A",""
"5","16","2002-05","0.8","A",""
"5","17","2002-05","1.9","A",""
"5","18","2002-05","1.4","A",""
"5","20","2002-05","1.8","A",""
"6","Total","2002-05","1.5","A",""
"6","3","2002-05","1.7","A",""
"6","4","2002-05","0.6","A",""
"6","5","2002-05","1","A",""
"6","6","2002-05","0.7","A",""
"6","7","2002-05","0.8","A",""
"6","9","2002-05","2.3","A",""
"7","Total","2002-05","2.9","A",""
"7","21","2002-05","2.9","A",""
"Total","Total","2002-04","2.3","A",""
"1","Total","2002-04","3.5","A",""
"1","22","2002-04","3.1","A",""
"1","23","2002-04","2.3","A",""
"1","25","2002-04","4.8","A",""
"2","Total","2002-04","1.8","A",""
"2","2","2002-04","1.5","R",""
"2","10","2002-04","1.5","A",""
"2","11","2002-04","2.1","A",""
"2","24","2002-04","3","A",""
"2","26","2002-04","3.4","R",""
"3","Total","2002-04","2.1","A",""
"3","12","2002-04","2.9","A",""
"3","13","2002-04","1.7","A",""
"3","19","2002-04","1.9","A",""
"4","Total","2002-04","2.7","A",""
"4","1","2002-04","2.7","A",""
"5","Total","2002-04","1.8","A",""
"5","8","2002-04","1.1","A",""
"5","14","2002-04","2.3","A",""
"5","15","2002-04","1.5","A",""
"5","16","2002-04","0.8","A",""
"5","17","2002-04","1.9","A",""
"5","18","2002-04","1.5","A",""
"5","20","2002-04","1.8","A",""
"6","Total","2002-04","1.6","A",""
"6","3","2002-04","1.8","A",""
"6","4","2002-04","0.6","A",""
"6","5","2002-04","1","A",""
"6","6","2002-04","0.8","A",""
"6","7","2002-04","0.8","A",""
"6","9","2002-04","2.3","A",""
"7","Total","2002-04","3","A",""
"7","21","2002-04","3","A",""
"Total","Total","2002-03","2.3","A",""
"1","Total","2002-03","3.5","A",""
"1","22","2002-03","3.1","A",""
"1","23","2002-03","2.3","A",""
"1","25","2002-03","4.8","A",""
"2","Total","2002-03","1.9","A",""
"2","2","2002-03","1.6","R",""
"2","10","2002-03","1.7","A",""
"2","11","2002-03","2.1","A",""
"2","24","2002-03","3.2","A",""
"2","26","2002-03","3.5","R",""
"3","Total","2002-03","2","A",""
"3","12","2002-03","2.8","A",""
"3","13","2002-03","1.8","A",""
"3","19","2002-03","1.9","A",""
"4","Total","2002-03","2.7","A",""
"4","1","2002-03","2.7","A",""
"5","Total","2002-03","1.7","A",""
"5","8","2002-03","1.2","A",""
"5","14","2002-03","2.4","A",""
"5","15","2002-03","1.4","A",""
"5","16","2002-03","0.7","A",""
"5","17","2002-03","1.9","A",""
"5","18","2002-03","1.2","A",""
"5","20","2002-03","1.8","A",""
"6","Total","2002-03","1.6","A",""
"6","3","2002-03","1.8","A",""
"6","4","2002-03","0.6","A",""
"6","5","2002-03","1.1","A",""
"6","6","2002-03","0.8","A",""
"6","7","2002-03","0.8","A",""
"6","9","2002-03","2.4","A",""
"7","Total","2002-03","3.2","A",""
"7","21","2002-03","3.2","A",""
"Total","Total","2002-02","2.4","A",""
"1","Total","2002-02","3.6","A",""
"1","22","2002-02","3.2","A",""
"1","23","2002-02","2.9","A",""
"1","25","2002-02","4.7","A",""
"2","Total","2002-02","2","A",""
"2","2","2002-02","1.6","R",""
"2","10","2002-02","1.8","A",""
"2","11","2002-02","2.1","A",""
"2","24","2002-02","3.3","A",""
"2","26","2002-02","3.7","R",""
"3","Total","2002-02","2","A",""
"3","12","2002-02","2.7","A",""
"3","13","2002-02","1.8","A",""
"3","19","2002-02","1.8","A",""
"4","Total","2002-02","2.7","A",""
"4","1","2002-02","2.7","A",""
"5","Total","2002-02","1.7","A",""
"5","8","2002-02","1.5","A",""
"5","14","2002-02","2.3","A",""
"5","15","2002-02","1.4","A",""
"5","16","2002-02","0.7","A",""
"5","17","2002-02","1.9","A",""
"5","18","2002-02","1.2","A",""
"5","20","2002-02","1.9","A",""
"6","Total","2002-02","1.6","A",""
"6","3","2002-02","1.8","A",""
"6","4","2002-02","0.6","A",""
"6","5","2002-02","1.1","A",""
"6","6","2002-02","1","A",""
"6","7","2002-02","1","A",""
"6","9","2002-02","2.3","A",""
"7","Total","2002-02","3.7","A",""
"7","21","2002-02","3.7","A",""
"Total","Total","2002-01","2.4","A",""
"1","Total","2002-01","3.7","A",""
"1","22","2002-01","3.2","A",""
"1","23","2002-01","3.4","A",""
"1","25","2002-01","4.7","A",""
"2","Total","2002-01","1.9","A",""
"2","2","2002-01","1.6","R",""
"2","10","2002-01","1.8","A",""
"2","11","2002-01","2.1","A",""
"2","24","2002-01","3.3","A",""
"2","26","2002-01","3.4","R",""
"3","Total","2002-01","1.9","A",""
"3","12","2002-01","2.7","A",""
"3","13","2002-01","1.8","A",""
"3","19","2002-01","1.7","A",""
"4","Total","2002-01","2.6","A",""
"4","1","2002-01","2.6","A",""
"5","Total","2002-01","1.7","A",""
"5","8","2002-01","1.5","A",""
"5","14","2002-01","2.3","A",""
"5","15","2002-01","1.3","A",""
"5","16","2002-01","0.5","A",""
"5","17","2002-01","1.9","A",""
"5","18","2002-01","1.3","A",""
"5","20","2002-01","1.9","A",""
"6","Total","2002-01","1.6","A",""
"6","3","2002-01","1.8","A",""
"6","4","2002-01","0.7","A",""
"6","5","2002-01","1","A",""
"6","6","2002-01","0.8","A",""
"6","7","2002-01","0.8","A",""
"6","9","2002-01","2.3","A",""
"7","Total","2002-01","3.8","A",""
"7","21","2002-01","3.8","A",""
"Total","Total","2001-12","2.2","A",""
"1","Total","2001-12","3.5","A",""
"1","22","2001-12","3","A",""
"1","23","2001-12","3.1","A",""
"1","25","2001-12","4.5","A",""
"2","Total","2001-12","1.7","A",""
"2","2","2001-12","1.4","R",""
"2","10","2001-12","1.7","A",""
"2","11","2001-12","1.9","A",""
"2","24","2001-12","3","A",""
"2","26","2001-12","2.9","R",""
"3","Total","2001-12","1.8","A",""
"3","12","2001-12","2.6","A",""
"3","13","2001-12","1.7","A",""
"3","19","2001-12","1.6","A",""
"4","Total","2001-12","2.4","A",""
"4","1","2001-12","2.4","A",""
"5","Total","2001-12","1.5","A",""
"5","8","2001-12","1.1","A",""
"5","14","2001-12","1.9","A",""
"5","15","2001-12","1.1","A",""
"5","16","2001-12","0.4","A",""
"5","17","2001-12","1.7","A",""
"5","18","2001-12","1.1","A",""
"5","20","2001-12","1.7","A",""
"6","Total","2001-12","1.5","A",""
"6","3","2001-12","1.7","A",""
"6","4","2001-12","0.7","A",""
"6","5","2001-12","0.9","A",""
"6","6","2001-12","0.9","A",""
"6","7","2001-12","0.9","A",""
"6","9","2001-12","2.1","A",""
"7","Total","2001-12","3.4","A",""
"7","21","2001-12","3.4","A",""
"Total","Total","2001-11","2","A",""
"1","Total","2001-11","3.2","A",""
"1","22","2001-11","2.8","A",""
"1","23","2001-11","2.3","A",""
"1","25","2001-11","4.3","A",""
"2","Total","2001-11","1.6","A",""
"2","2","2001-11","1.3","R",""
"2","10","2001-11","1.5","A",""
"2","11","2001-11","1.6","A",""
"2","24","2001-11","2.5","A",""
"2","26","2001-11","2.5","R",""
"3","Total","2001-11","1.6","A",""
"3","12","2001-11","2.3","A",""
"3","13","2001-11","1.5","A",""
"3","19","2001-11","1.4","A",""
"4","Total","2001-11","2.1","A",""
"4","1","2001-11","2.1","A",""
"5","Total","2001-11","1.4","A",""
"5","8","2001-11","0.9","A",""
"5","14","2001-11","1.7","A",""
"5","15","2001-11","1","A",""
"5","16","2001-11","0.4","A",""
"5","17","2001-11","1.5","A",""
"5","18","2001-11","1.3","A",""
"5","20","2001-11","1.5","A",""
"6","Total","2001-11","1.3","A",""
"6","3","2001-11","1.5","A",""
"6","4","2001-11","0.7","A",""
"6","5","2001-11","0.7","A",""
"6","6","2001-11","0.8","A",""
"6","7","2001-11","0.8","A",""
"6","9","2001-11","1.8","A",""
"7","Total","2001-11","3.2","A",""
"7","21","2001-11","3.2","A",""
"Total","Total","2001-10","1.7","A",""
"1","Total","2001-10","3","A",""
"1","22","2001-10","2.6","A",""
"1","23","2001-10","1.9","A",""
"1","25","2001-10","4.2","A",""
"2","Total","2001-10","1.4","A",""
"2","2","2001-10","1.1","R",""
"2","10","2001-10","1.4","A",""
"2","11","2001-10","1.4","A",""
"2","24","2001-10","2.2","A",""
"2","26","2001-10","2.3","R",""
"3","Total","2001-10","1.4","A",""
"3","12","2001-10","2.1","A",""
"3","13","2001-10","1.4","A",""
"3","19","2001-10","1.2","A",""
"4","Total","2001-10","1.8","A",""
"4","1","2001-10","1.8","A",""
"5","Total","2001-10","1.2","A",""
"5","8","2001-10","0.7","A",""
"5","14","2001-10","1.4","A",""
"5","15","2001-10","0.9","A",""
"5","16","2001-10","0.3","A",""
"5","17","2001-10","1.3","A",""
"5","18","2001-10","1.1","A",""
"5","20","2001-10","1.2","A",""
"6","Total","2001-10","1.1","A",""
"6","3","2001-10","1.3","A",""
"6","4","2001-10","0.5","A",""
"6","5","2001-10","0.6","A",""
"6","6","2001-10","0.6","A",""
"6","7","2001-10","0.6","A",""
"6","9","2001-10","1.6","A",""
"7","Total","2001-10","2.6","A",""
"7","21","2001-10","2.6","A",""
"Total","Total","2001-09","1.6","A",""
"1","Total","2001-09","2.8","A",""
"1","22","2001-09","2.5","A",""
"1","23","2001-09","1.6","A",""
"1","25","2001-09","3.9","A",""
"2","Total","2001-09","1.2","A",""
"2","2","2001-09","1","R",""
"2","10","2001-09","1.3","A",""
"2","11","2001-09","1.4","A",""
"2","24","2001-09","2","A",""
"2","26","2001-09","2.1","R",""
"3","Total","2001-09","1.3","A",""
"3","12","2001-09","2.1","A",""
"3","13","2001-09","1.3","A",""
"3","19","2001-09","1.1","A",""
"4","Total","2001-09","1.6","A",""
"4","1","2001-09","1.6","A",""
"5","Total","2001-09","1.1","A",""
"5","8","2001-09","0.7","A",""
"5","14","2001-09","1.4","A",""
"5","15","2001-09","0.8","A",""
"5","16","2001-09","0.3","A",""
"5","17","2001-09","1.2","A",""
"5","18","2001-09","0.9","A",""
"5","20","2001-09","1.1","A",""
"6","Total","2001-09","1","A",""
"6","3","2001-09","1.1","A",""
"6","4","2001-09","0.3","A",""
"6","5","2001-09","0.5","A",""
"6","6","2001-09","0.4","A",""
"6","7","2001-09","0.6","A",""
"6","9","2001-09","1.4","A",""
"7","Total","2001-09","2.3","A",""
"7","21","2001-09","2.3","A",""
"Total","Total","2001-08","1.5","A",""
"1","Total","2001-08","2.8","A",""
"1","22","2001-08","2.5","A",""
"1","23","2001-08","1.5","A",""
"1","25","2001-08","3.9","A",""
"2","Total","2001-08","1.2","A",""
"2","2","2001-08","1","R",""
"2","10","2001-08","1.2","A",""
"2","11","2001-08","1.4","A",""
"2","24","2001-08","2","A",""
"2","26","2001-08","2","R",""
"3","Total","2001-08","1.3","A",""
"3","12","2001-08","2","A",""
"3","13","2001-08","1.3","A",""
"3","19","2001-08","1.1","A",""
"4","Total","2001-08","1.5","A",""
"4","1","2001-08","1.5","A",""
"5","Total","2001-08","1","A",""
"5","8","2001-08","0.6","A",""
"5","14","2001-08","1.3","A",""
"5","15","2001-08","0.8","A",""
"5","16","2001-08","0.2","A",""
"5","17","2001-08","1.2","A",""
"5","18","2001-08","0.8","A",""
"5","20","2001-08","1","A",""
"6","Total","2001-08","0.9","A",""
"6","3","2001-08","1.1","A",""
"6","4","2001-08","0.2","A",""
"6","5","2001-08","0.5","A",""
"6","6","2001-08","0.5","A",""
"6","7","2001-08","0.6","A",""
"6","9","2001-08","1.4","A",""
"7","Total","2001-08","2.3","A",""
"7","21","2001-08","2.3","A",""
"Total","Total","2001-07","1.5","A",""
"1","Total","2001-07","2.7","A",""
"1","22","2001-07","2.5","A",""
"1","23","2001-07","1.4","A",""
"1","25","2001-07","3.8","A",""
"2","Total","2001-07","1.2","A",""
"2","2","2001-07","1","R",""
"2","10","2001-07","1.2","A",""
"2","11","2001-07","1.3","A",""
"2","24","2001-07","1.9","A",""
"2","26","2001-07","2","R",""
"3","Total","2001-07","1.3","A",""
"3","12","2001-07","2.1","A",""
"3","13","2001-07","1.4","A",""
"3","19","2001-07","1.1","A",""
"4","Total","2001-07","1.5","A",""
"4","1","2001-07","1.5","A",""
"5","Total","2001-07","1","A",""
"5","8","2001-07","0.6","A",""
"5","14","2001-07","1.3","A",""
"5","15","2001-07","0.8","A",""
"5","16","2001-07","0.2","A",""
"5","17","2001-07","1.2","A",""
"5","18","2001-07","0.8","A",""
"5","20","2001-07","1","A",""
"6","Total","2001-07","0.9","A",""
"6","3","2001-07","1.1","A",""
"6","4","2001-07","0.2","A",""
"6","5","2001-07","0.5","A",""
"6","6","2001-07","0.5","A",""
"6","7","2001-07","0.6","A",""
"6","9","2001-07","1.3","A",""
"7","Total","2001-07","2.2","A",""
"7","21","2001-07","2.2","A",""
"Total","Total","2001-06","1.5","A",""
"1","Total","2001-06","2.7","A",""
"1","22","2001-06","2.5","A",""
"1","23","2001-06","1.6","A",""
"1","25","2001-06","3.8","A",""
"2","Total","2001-06","1.2","A",""
"2","2","2001-06","1","R",""
"2","10","2001-06","1.1","A",""
"2","11","2001-06","1.3","A",""
"2","24","2001-06","1.8","A",""
"2","26","2001-06","1.7","R",""
"3","Total","2001-06","1.3","A",""
"3","12","2001-06","2","A",""
"3","13","2001-06","1.3","A",""
"3","19","2001-06","1.1","A",""
"4","Total","2001-06","1.5","A",""
"4","1","2001-06","1.5","A",""
"5","Total","2001-06","1","A",""
"5","8","2001-06","0.5","A",""
"5","14","2001-06","1.4","A",""
"5","15","2001-06","0.8","A",""
"5","16","2001-06","0.2","A",""
"5","17","2001-06","1.2","A",""
"5","18","2001-06","0.9","A",""
"5","20","2001-06","1","A",""
"6","Total","2001-06","0.9","A",""
"6","3","2001-06","1.1","A",""
"6","4","2001-06","0.2","A",""
"6","5","2001-06","0.5","A",""
"6","6","2001-06","0.5","A",""
"6","7","2001-06","0.4","A",""
"6","9","2001-06","1.2","A",""
"7","Total","2001-06","2","A",""
"7","21","2001-06","2","A",""
"Total","Total","2001-05","1.5","A",""
"1","Total","2001-05","2.8","A",""
"1","22","2001-05","2.5","A",""
"1","23","2001-05","1.8","A",""
"1","25","2001-05","3.8","A",""
"2","Total","2001-05","1.2","A",""
"2","2","2001-05","1.1","R",""
"2","10","2001-05","1.2","A",""
"2","11","2001-05","1.4","A",""
"2","24","2001-05","1.9","A",""
"2","26","2001-05","1.6","R",""
"3","Total","2001-05","1.3","A",""
"3","12","2001-05","2.1","A",""
"3","13","2001-05","1.3","A",""
"3","19","2001-05","1.1","A",""
"4","Total","2001-05","1.5","A",""
"4","1","2001-05","1.5","A",""
"5","Total","2001-05","1.1","A",""
"5","8","2001-05","0.6","A",""
"5","14","2001-05","1.4","A",""
"5","15","2001-05","0.8","A",""
"5","16","2001-05","0.2","A",""
"5","17","2001-05","1.2","A",""
"5","18","2001-05","1.1","A",""
"5","20","2001-05","1","A",""
"6","Total","2001-05","0.9","A",""
"6","3","2001-05","1.1","A",""
"6","4","2001-05","0.2","A",""
"6","5","2001-05","0.5","A",""
"6","6","2001-05","0.4","A",""
"6","7","2001-05","0.5","A",""
"6","9","2001-05","1.2","A",""
"7","Total","2001-05","2.1","A",""
"7","21","2001-05","2.1","A",""
"Total","Total","2001-04","1.6","A",""
"1","Total","2001-04","2.9","A",""
"1","22","2001-04","2.6","A",""
"1","23","2001-04","1.9","A",""
"1","25","2001-04","3.8","A",""
"2","Total","2001-04","1.3","A",""
"2","2","2001-04","1.2","R",""
"2","10","2001-04","1.3","A",""
"2","11","2001-04","1.4","A",""
"2","24","2001-04","2","A",""
"2","26","2001-04","1.6","R",""
"3","Total","2001-04","1.3","A",""
"3","12","2001-04","2.1","A",""
"3","13","2001-04","1.2","A",""
"3","19","2001-04","1.1","A",""
"4","Total","2001-04","1.6","A",""
"4","1","2001-04","1.6","A",""
"5","Total","2001-04","1.1","A",""
"5","8","2001-04","0.7","A",""
"5","14","2001-04","1.6","A",""
"5","15","2001-04","0.7","A",""
"5","16","2001-04","0.3","A",""
"5","17","2001-04","1.2","A",""
"5","18","2001-04","1","A",""
"5","20","2001-04","1.1","A",""
"6","Total","2001-04","0.9","A",""
"6","3","2001-04","1.1","A",""
"6","4","2001-04","0.3","A",""
"6","5","2001-04","0.5","A",""
"6","6","2001-04","0.4","A",""
"6","7","2001-04","0.5","A",""
"6","9","2001-04","1.2","A",""
"7","Total","2001-04","2.2","A",""
"7","21","2001-04","2.2","A",""
"Total","Total","2001-03","1.7","A",""
"1","Total","2001-03","2.9","A",""
"1","22","2001-03","2.7","A",""
"1","23","2001-03","2","A",""
"1","25","2001-03","3.9","A",""
"2","Total","2001-03","1.3","A",""
"2","2","2001-03","1.2","R",""
"2","10","2001-03","1.3","A",""
"2","11","2001-03","1.4","A",""
"2","24","2001-03","2","A",""
"2","26","2001-03","1.6","R",""
"3","Total","2001-03","1.4","A",""
"3","12","2001-03","2.1","A",""
"3","13","2001-03","1.3","A",""
"3","19","2001-03","1.2","A",""
"4","Total","2001-03","1.6","A",""
"4","1","2001-03","1.6","A",""
"5","Total","2001-03","1.2","A",""
"5","8","2001-03","0.7","A",""
"5","14","2001-03","1.8","A",""
"5","15","2001-03","0.8","A",""
"5","16","2001-03","0.3","A",""
"5","17","2001-03","1.3","A",""
"5","18","2001-03","1","A",""
"5","20","2001-03","1.1","A",""
"6","Total","2001-03","0.9","A",""
"6","3","2001-03","1.2","A",""
"6","4","2001-03","0.4","A",""
"6","5","2001-03","0.6","A",""
"6","6","2001-03","0.4","A",""
"6","7","2001-03","0.5","A",""
"6","9","2001-03","1.2","A",""
"7","Total","2001-03","2.6","A",""
"7","21","2001-03","2.6","A",""
"Total","Total","2001-02","1.8","A",""
"1","Total","2001-02","3.1","A",""
"1","22","2001-02","2.8","A",""
"1","23","2001-02","2.5","A",""
"1","25","2001-02","3.9","A",""
"2","Total","2001-02","1.4","A",""
"2","2","2001-02","1.3","R",""
"2","10","2001-02","1.4","A",""
"2","11","2001-02","1.5","A",""
"2","24","2001-02","2.1","A",""
"2","26","2001-02","1.7","R",""
"3","Total","2001-02","1.5","A",""
"3","12","2001-02","2.2","A",""
"3","13","2001-02","1.3","A",""
"3","19","2001-02","1.3","A",""
"4","Total","2001-02","1.7","A",""
"4","1","2001-02","1.7","A",""
"5","Total","2001-02","1.2","A",""
"5","8","2001-02","0.8","A",""
"5","14","2001-02","1.8","A",""
"5","15","2001-02","0.9","A",""
"5","16","2001-02","0.3","A",""
"5","17","2001-02","1.4","A",""
"5","18","2001-02","1.1","A",""
"5","20","2001-02","1.2","A",""
"6","Total","2001-02","1","A",""
"6","3","2001-02","1.2","A",""
"6","4","2001-02","0.5","A",""
"6","5","2001-02","0.7","A",""
"6","6","2001-02","0.5","A",""
"6","7","2001-02","0.5","A",""
"6","9","2001-02","1.2","A",""
"7","Total","2001-02","3.2","A",""
"7","21","2001-02","3.2","A",""
"Total","Total","2001-01","1.8","A",""
"1","Total","2001-01","3.2","A",""
"1","22","2001-01","2.9","A",""
"1","23","2001-01","3","A",""
"1","25","2001-01","3.9","A",""
"2","Total","2001-01","1.5","A",""
"2","2","2001-01","1.3","R",""
"2","10","2001-01","1.5","A",""
"2","11","2001-01","1.5","A",""
"2","24","2001-01","2.1","A",""
"2","26","2001-01","1.7","R",""
"3","Total","2001-01","1.5","A",""
"3","12","2001-01","2.2","A",""
"3","13","2001-01","1.3","A",""
"3","19","2001-01","1.3","A",""
"4","Total","2001-01","1.7","A",""
"4","1","2001-01","1.7","A",""
"5","Total","2001-01","1.3","A",""
"5","8","2001-01","0.8","A",""
"5","14","2001-01","1.9","A",""
"5","15","2001-01","1","A",""
"5","16","2001-01","0.3","A",""
"5","17","2001-01","1.3","A",""
"5","18","2001-01","1.2","A",""
"5","20","2001-01","1.2","A",""
"6","Total","2001-01","1","A",""
"6","3","2001-01","1.3","A",""
"6","4","2001-01","0.6","A",""
"6","5","2001-01","0.6","A",""
"6","6","2001-01","0.5","A",""
"6","7","2001-01","0.5","A",""
"6","9","2001-01","1.1","A",""
"7","Total","2001-01","3.5","A",""
"7","21","2001-01","3.5","A",""
"Total","Total","2000-12","1.8","A",""
"1","Total","2000-12","3.1","A",""
"1","22","2000-12","2.7","A",""
"1","23","2000-12","2.8","A",""
"1","25","2000-12","3.9","A",""
"2","Total","2000-12","1.4","A",""
"2","2","2000-12","1.3","R",""
"2","10","2000-12","1.4","A",""
"2","11","2000-12","1.4","A",""
"2","24","2000-12","2","A",""
"2","26","2000-12","1.6","R",""
"3","Total","2000-12","1.5","A",""
"3","12","2000-12","2.1","A",""
"3","13","2000-12","1.3","A",""
"3","19","2000-12","1.3","A",""
"4","Total","2000-12","1.7","A",""
"4","1","2000-12","1.7","A",""
"5","Total","2000-12","1.2","A",""
"5","8","2000-12","0.8","A",""
"5","14","2000-12","1.8","A",""
"5","15","2000-12","1","A",""
"5","16","2000-12","0.3","A",""
"5","17","2000-12","1.3","A",""
"5","18","2000-12","1.1","A",""
"5","20","2000-12","1.2","A",""
"6","Total","2000-12","1","A",""
"6","3","2000-12","1.3","A",""
"6","4","2000-12","0.6","A",""
"6","5","2000-12","0.7","A",""
"6","6","2000-12","0.4","A",""
"6","7","2000-12","0.4","A",""
"6","9","2000-12","1","A",""
"7","Total","2000-12","3.3","A",""
"7","21","2000-12","3.3","A",""
"Total","Total","2000-11","1.7","A",""
"1","Total","2000-11","2.9","A",""
"1","22","2000-11","2.6","A",""
"1","23","2000-11","2","A",""
"1","25","2000-11","3.9","A",""
"2","Total","2000-11","1.3","A",""
"2","2","2000-11","1.2","R",""
"2","10","2000-11","1.3","A",""
"2","11","2000-11","1.3","A",""
"2","24","2000-11","1.9","A",""
"2","26","2000-11","1.6","R",""
"3","Total","2000-11","1.3","A",""
"3","12","2000-11","1.9","A",""
"3","13","2000-11","1.2","A",""
"3","19","2000-11","1.2","A",""
"4","Total","2000-11","1.6","A",""
"4","1","2000-11","1.6","A",""
"5","Total","2000-11","1.2","A",""
"5","8","2000-11","0.8","A",""
"5","14","2000-11","1.7","A",""
"5","15","2000-11","0.9","A",""
"5","16","2000-11","0.3","A",""
"5","17","2000-11","1.2","A",""
"5","18","2000-11","1.2","A",""
"5","20","2000-11","1.1","A",""
"6","Total","2000-11","0.9","A",""
"6","3","2000-11","1.2","A",""
"6","4","2000-11","0.6","A",""
"6","5","2000-11","0.6","A",""
"6","6","2000-11","0.4","A",""
"6","7","2000-11","0.4","A",""
"6","9","2000-11","0.9","A",""
"7","Total","2000-11","3.2","A",""
"7","21","2000-11","3.2","A",""
"Total","Total","2000-10","1.6","A",""
"1","Total","2000-10","2.8","A",""
"1","22","2000-10","2.6","A",""
"1","23","2000-10","1.8","A",""
"1","25","2000-10","3.8","A",""
"2","Total","2000-10","1.2","A",""
"2","2","2000-10","1.1","R",""
"2","10","2000-10","1.3","A",""
"2","11","2000-10","1.3","A",""
"2","24","2000-10","1.9","A",""
"2","26","2000-10","1.6","R",""
"3","Total","2000-10","1.3","A",""
"3","12","2000-10","1.9","A",""
"3","13","2000-10","1.2","A",""
"3","19","2000-10","1.1","A",""
"4","Total","2000-10","1.6","A",""
"4","1","2000-10","1.6","A",""
"5","Total","2000-10","1.1","A",""
"5","8","2000-10","0.6","A",""
"5","14","2000-10","1.5","A",""
"5","15","2000-10","0.8","A",""
"5","16","2000-10","0.2","A",""
"5","17","2000-10","1.2","A",""
"5","18","2000-10","1","A",""
"5","20","2000-10","1.1","A",""
"6","Total","2000-10","0.9","A",""
"6","3","2000-10","1.2","A",""
"6","4","2000-10","0.5","A",""
"6","5","2000-10","0.5","A",""
"6","6","2000-10","0.4","A",""
"6","7","2000-10","0.5","A",""
"6","9","2000-10","1","A",""
"7","Total","2000-10","2.7","A",""
"7","21","2000-10","2.7","A",""
"Total","Total","2000-09","1.6","A",""
"1","Total","2000-09","2.8","A",""
"1","22","2000-09","2.6","A",""
"1","23","2000-09","1.5","A",""
"1","25","2000-09","3.9","A",""
"2","Total","2000-09","1.3","A",""
"2","2","2000-09","1.1","R",""
"2","10","2000-09","1.3","A",""
"2","11","2000-09","1.4","A",""
"2","24","2000-09","2","A",""
"2","26","2000-09","1.6","R",""
"3","Total","2000-09","1.3","A",""
"3","12","2000-09","1.8","A",""
"3","13","2000-09","1.2","A",""
"3","19","2000-09","1.2","A",""
"4","Total","2000-09","1.6","A",""
"4","1","2000-09","1.6","A",""
"5","Total","2000-09","1","A",""
"5","8","2000-09","0.7","A",""
"5","14","2000-09","1.3","A",""
"5","15","2000-09","0.7","A",""
"5","16","2000-09","0.2","A",""
"5","17","2000-09","1.2","A",""
"5","18","2000-09","0.9","A",""
"5","20","2000-09","1","A",""
"6","Total","2000-09","0.9","A",""
"6","3","2000-09","1.2","A",""
"6","4","2000-09","0.5","A",""
"6","5","2000-09","0.5","A",""
"6","6","2000-09","0.3","A",""
"6","7","2000-09","0.5","A",""
"6","9","2000-09","1","A",""
"7","Total","2000-09","2.4","A",""
"7","21","2000-09","2.4","A",""
"Total","Total","2000-08","1.6","A",""
"1","Total","2000-08","2.8","A",""
"1","22","2000-08","2.7","A",""
"1","23","2000-08","1.5","A",""
"1","25","2000-08","4","A",""
"2","Total","2000-08","1.3","A",""
"2","2","2000-08","1.1","R",""
"2","10","2000-08","1.4","A",""
"2","11","2000-08","1.4","A",""
"2","24","2000-08","2.1","A",""
"2","26","2000-08","1.7","R",""
"3","Total","2000-08","1.3","A",""
"3","12","2000-08","1.9","A",""
"3","13","2000-08","1.2","A",""
"3","19","2000-08","1.2","A",""
"4","Total","2000-08","1.6","A",""
"4","1","2000-08","1.6","A",""
"5","Total","2000-08","1.1","A",""
"5","8","2000-08","0.8","A",""
"5","14","2000-08","1.5","A",""
"5","15","2000-08","0.7","A",""
"5","16","2000-08","0.2","A",""
"5","17","2000-08","1.2","A",""
"5","18","2000-08","0.8","A",""
"5","20","2000-08","1","A",""
"6","Total","2000-08","0.9","A",""
"6","3","2000-08","1.2","A",""
"6","4","2000-08","0.4","A",""
"6","5","2000-08","0.6","A",""
"6","6","2000-08","0.3","A",""
"6","7","2000-08","0.4","A",""
"6","9","2000-08","1","A",""
"7","Total","2000-08","2.5","A",""
"7","21","2000-08","2.5","A",""
"Total","Total","2000-07","1.7","A",""
"1","Total","2000-07","2.9","A",""
"1","22","2000-07","2.7","A",""
"1","23","2000-07","1.4","A",""
"1","25","2000-07","4","A",""
"2","Total","2000-07","1.3","A",""
"2","2","2000-07","1.2","R",""
"2","10","2000-07","1.4","A",""
"2","11","2000-07","1.4","A",""
"2","24","2000-07","2.1","A",""
"2","26","2000-07","1.6","R",""
"3","Total","2000-07","1.4","A",""
"3","12","2000-07","2","A",""
"3","13","2000-07","1.3","A",""
"3","19","2000-07","1.3","A",""
"4","Total","2000-07","1.7","A",""
"4","1","2000-07","1.7","A",""
"5","Total","2000-07","1.1","A",""
"5","8","2000-07","0.7","A",""
"5","14","2000-07","1.5","A",""
"5","15","2000-07","0.6","A",""
"5","16","2000-07","0.3","A",""
"5","17","2000-07","1.3","A",""
"5","18","2000-07","0.8","A",""
"5","20","2000-07","1","A",""
"6","Total","2000-07","0.9","A",""
"6","3","2000-07","1.2","A",""
"6","4","2000-07","0.3","A",""
"6","5","2000-07","0.6","A",""
"6","6","2000-07","0.3","A",""
"6","7","2000-07","0.4","A",""
"6","9","2000-07","1","A",""
"7","Total","2000-07","2.5","A",""
"7","21","2000-07","2.5","A",""
"Total","Total","2000-06","1.7","A",""
"1","Total","2000-06","2.9","A",""
"1","22","2000-06","2.7","A",""
"1","23","2000-06","1.6","A",""
"1","25","2000-06","4","A",""
"2","Total","2000-06","1.4","A",""
"2","2","2000-06","1.2","R",""
"2","10","2000-06","1.3","A",""
"2","11","2000-06","1.5","A",""
"2","24","2000-06","2","A",""
"2","26","2000-06","1.6","R",""
"3","Total","2000-06","1.4","A",""
"3","12","2000-06","2.1","A",""
"3","13","2000-06","1.3","A",""
"3","19","2000-06","1.3","A",""
"4","Total","2000-06","1.7","A",""
"4","1","2000-06","1.7","A",""
"5","Total","2000-06","1.1","A",""
"5","8","2000-06","0.7","A",""
"5","14","2000-06","1.5","A",""
"5","15","2000-06","0.6","A",""
"5","16","2000-06","0.2","A",""
"5","17","2000-06","1.3","A",""
"5","18","2000-06","0.9","A",""
"5","20","2000-06","1","A",""
"6","Total","2000-06","0.9","A",""
"6","3","2000-06","1.2","A",""
"6","4","2000-06","0.3","A",""
"6","5","2000-06","0.6","A",""
"6","6","2000-06","0.4","A",""
"6","7","2000-06","0.4","A",""
"6","9","2000-06","1.1","A",""
"7","Total","2000-06","2.4","A",""
"7","21","2000-06","2.4","A",""
"Total","Total","2000-05","1.8","A",""
"1","Total","2000-05","3.1","A",""
"1","22","2000-05","2.9","A",""
"1","23","2000-05","1.8","A",""
"1","25","2000-05","4.1","A",""
"2","Total","2000-05","1.4","A",""
"2","2","2000-05","1.3","R",""
"2","10","2000-05","1.4","A",""
"2","11","2000-05","1.5","A",""
"2","24","2000-05","2.1","A",""
"2","26","2000-05","1.7","R",""
"3","Total","2000-05","1.5","A",""
"3","12","2000-05","2.2","A",""
"3","13","2000-05","1.3","A",""
"3","19","2000-05","1.3","A",""
"4","Total","2000-05","1.8","A",""
"4","1","2000-05","1.8","A",""
"5","Total","2000-05","1.2","A",""
"5","8","2000-05","0.9","A",""
"5","14","2000-05","1.6","A",""
"5","15","2000-05","0.8","A",""
"5","16","2000-05","0.3","A",""
"5","17","2000-05","1.4","A",""
"5","18","2000-05","1.1","A",""
"5","20","2000-05","1.1","A",""
"6","Total","2000-05","1","A",""
"6","3","2000-05","1.3","A",""
"6","4","2000-05","0.4","A",""
"6","5","2000-05","0.7","A",""
"6","6","2000-05","0.4","A",""
"6","7","2000-05","0.4","A",""
"6","9","2000-05","1.1","A",""
"7","Total","2000-05","2.5","A",""
"7","21","2000-05","2.5","A",""
"Total","Total","2000-04","1.9","A",""
"1","Total","2000-04","3.3","A",""
"1","22","2000-04","3.1","A",""
"1","23","2000-04","2.1","A",""
"1","25","2000-04","4.2","A",""
"2","Total","2000-04","1.6","A",""
"2","2","2000-04","1.4","R",""
"2","10","2000-04","1.6","A",""
"2","11","2000-04","1.8","A",""
"2","24","2000-04","2.4","A",""
"2","26","2000-04","2","R",""
"3","Total","2000-04","1.6","A",""
"3","12","2000-04","2.2","A",""
"3","13","2000-04","1.5","A",""
"3","19","2000-04","1.4","A",""
"4","Total","2000-04","1.9","A",""
"4","1","2000-04","1.9","A",""
"5","Total","2000-04","1.3","A",""
"5","8","2000-04","1","A",""
"5","14","2000-04","1.7","A",""
"5","15","2000-04","0.8","A",""
"5","16","2000-04","0.3","A",""
"5","17","2000-04","1.5","A",""
"5","18","2000-04","1.1","A",""
"5","20","2000-04","1.3","A",""
"6","Total","2000-04","1.1","A",""
"6","3","2000-04","1.4","A",""
"6","4","2000-04","0.5","A",""
"6","5","2000-04","0.8","A",""
"6","6","2000-04","0.4","A",""
"6","7","2000-04","0.4","A",""
"6","9","2000-04","1.1","A",""
"7","Total","2000-04","2.9","A",""
"7","21","2000-04","2.9","A",""
"Total","Total","2000-03","2.1","A",""
"1","Total","2000-03","3.5","A",""
"1","22","2000-03","3.4","A",""
"1","23","2000-03","2.3","A",""
"1","25","2000-03","4.3","A",""
"2","Total","2000-03","1.8","A",""
"2","2","2000-03","1.6","R",""
"2","10","2000-03","1.8","A",""
"2","11","2000-03","1.9","A",""
"2","24","2000-03","2.7","A",""
"2","26","2000-03","2.1","R",""
"3","Total","2000-03","1.7","A",""
"3","12","2000-03","2.3","A",""
"3","13","2000-03","1.5","A",""
"3","19","2000-03","1.6","A",""
"4","Total","2000-03","2","A",""
"4","1","2000-03","2","A",""
"5","Total","2000-03","1.4","A",""
"5","8","2000-03","1.2","A",""
"5","14","2000-03","1.9","A",""
"5","15","2000-03","0.8","A",""
"5","16","2000-03","0.4","A",""
"5","17","2000-03","1.6","A",""
"5","18","2000-03","1.1","A",""
"5","20","2000-03","1.4","A",""
"6","Total","2000-03","1.2","A",""
"6","3","2000-03","1.5","A",""
"6","4","2000-03","0.6","A",""
"6","5","2000-03","0.9","A",""
"6","6","2000-03","0.4","A",""
"6","7","2000-03","0.4","A",""
"6","9","2000-03","1.2","A",""
"7","Total","2000-03","3.5","A",""
"7","21","2000-03","3.5","A",""
"Total","Total","2000-02","2.2","A",""
"1","Total","2000-02","3.8","A",""
"1","22","2000-02","3.5","A",""
"1","23","2000-02","3.3","A",""
"1","25","2000-02","4.5","A",""
"2","Total","2000-02","2","A",""
"2","2","2000-02","1.7","R",""
"2","10","2000-02","2","A",""
"2","11","2000-02","2.1","A",""
"2","24","2000-02","3.1","A",""
"2","26","2000-02","2.6","R",""
"3","Total","2000-02","1.8","A",""
"3","12","2000-02","2.4","A",""
"3","13","2000-02","1.6","A",""
"3","19","2000-02","1.6","A",""
"4","Total","2000-02","2.1","A",""
"4","1","2000-02","2.1","A",""
"5","Total","2000-02","1.6","A",""
"5","8","2000-02","1.5","A",""
"5","14","2000-02","2.2","A",""
"5","15","2000-02","0.9","A",""
"5","16","2000-02","0.5","A",""
"5","17","2000-02","1.8","A",""
"5","18","2000-02","1.2","A",""
"5","20","2000-02","1.6","A",""
"6","Total","2000-02","1.3","A",""
"6","3","2000-02","1.6","A",""
"6","4","2000-02","0.8","A",""
"6","5","2000-02","0.9","A",""
"6","6","2000-02","0.4","A",""
"6","7","2000-02","0.5","A",""
"6","9","2000-02","1.4","A",""
"7","Total","2000-02","4.3","A",""
"7","21","2000-02","4.3","A",""
"Total","Total","2000-01","2.3","A",""
"1","Total","2000-01","4","A",""
"1","22","2000-01","3.6","A",""
"1","23","2000-01","3.9","A",""
"1","25","2000-01","4.6","A",""
"2","Total","2000-01","2.1","A",""
"2","2","2000-01","1.8","R",""
"2","10","2000-01","2.1","A",""
"2","11","2000-01","2.2","A",""
"2","24","2000-01","3.3","A",""
"2","26","2000-01","2.8","R",""
"3","Total","2000-01","1.8","A",""
"3","12","2000-01","2.4","A",""
"3","13","2000-01","1.6","A",""
"3","19","2000-01","1.7","A",""
"4","Total","2000-01","2.2","A",""
"4","1","2000-01","2.2","A",""
"5","Total","2000-01","1.6","A",""
"5","8","2000-01","1.5","A",""
"5","14","2000-01","2.3","A",""
"5","15","2000-01","1","A",""
"5","16","2000-01","0.5","A",""
"5","17","2000-01","1.8","A",""
"5","18","2000-01","1.2","A",""
"5","20","2000-01","1.6","A",""
"6","Total","2000-01","1.3","A",""
"6","3","2000-01","1.6","A",""
"6","4","2000-01","0.9","A",""
"6","5","2000-01","1","A",""
"6","6","2000-01","0.4","A",""
"6","7","2000-01","0.5","A",""
"6","9","2000-01","1.5","A",""
"7","Total","2000-01","4.7","A",""
"7","21","2000-01","4.7","A",""
"Total","Total","1999-12","2.5","A",""
"1","Total","1999-12","4.2","A",""
"1","22","1999-12","3.8","A",""
"1","23","1999-12","4.1","A",""
"1","25","1999-12","5","A",""
"2","Total","1999-12","2.2","A",""
"2","2","1999-12","1.8","R",""
"2","10","1999-12","2.3","A",""
"2","11","1999-12","2.3","A",""
"2","24","1999-12","3.5","A",""
"2","26","1999-12","2.6","R",""
"3","Total","1999-12","1.8","A",""
"3","12","1999-12","2.2","A",""
"3","13","1999-12","1.7","A",""
"3","19","1999-12","1.8","A",""
"4","Total","1999-12","2.4","A",""
"4","1","1999-12","2.4","A",""
"5","Total","1999-12","1.8","A",""
"5","8","1999-12","1.6","A",""
"5","14","1999-12","2.5","A",""
"5","15","1999-12","1.1","A",""
"5","16","1999-12","0.6","A",""
"5","17","1999-12","2","A",""
"5","18","1999-12","1.3","A",""
"5","20","1999-12","1.9","A",""
"6","Total","1999-12","1.6","A",""
"6","3","1999-12","1.7","A",""
"6","4","1999-12","0.9","A",""
"6","5","1999-12","1.4","A",""
"6","6","1999-12","0.5","A",""
"6","7","1999-12","0.6","A",""
"6","9","1999-12","2","A",""
"7","Total","1999-12","4.7","A",""
"7","21","1999-12","4.7","A",""
"Total","Total","1999-11","2.4","A",""
"1","Total","1999-11","3.8","A",""
"1","22","1999-11","3.6","A",""
"1","23","1999-11","2.9","A",""
"1","25","1999-11","4.8","A",""
"2","Total","1999-11","2","A",""
"2","2","1999-11","1.7","R",""
"2","10","1999-11","2.1","A",""
"2","11","1999-11","2.2","A",""
"2","24","1999-11","3.3","A",""
"2","26","1999-11","2.4","R",""
"3","Total","1999-11","1.7","A",""
"3","12","1999-11","2.1","A",""
"3","13","1999-11","1.5","A",""
"3","19","1999-11","1.7","A",""
"4","Total","1999-11","2.4","A",""
"4","1","1999-11","2.4","A",""
"5","Total","1999-11","1.7","A",""
"5","8","1999-11","1.4","A",""
"5","14","1999-11","2.5","A",""
"5","15","1999-11","0.9","A",""
"5","16","1999-11","0.6","A",""
"5","17","1999-11","1.9","A",""
"5","18","1999-11","1.5","A",""
"5","20","1999-11","1.7","A",""
"6","Total","1999-11","1.5","A",""
"6","3","1999-11","1.6","A",""
"6","4","1999-11","0.9","A",""
"6","5","1999-11","1.2","A",""
"6","6","1999-11","0.6","A",""
"6","7","1999-11","0.6","A",""
"6","9","1999-11","2","A",""
"7","Total","1999-11","4.4","A",""
"7","21","1999-11","4.4","A",""
"Total","Total","1999-10","2.3","A",""
"1","Total","1999-10","3.8","A",""
"1","22","1999-10","3.6","A",""
"1","23","1999-10","2.5","A",""
"1","25","1999-10","4.9","A",""
"2","Total","1999-10","2","A",""
"2","2","1999-10","1.6","R",""
"2","10","1999-10","2.1","A",""
"2","11","1999-10","2.2","A",""
"2","24","1999-10","3.4","A",""
"2","26","1999-10","2.4","R",""
"3","Total","1999-10","1.8","A",""
"3","12","1999-10","2.1","A",""
"3","13","1999-10","1.5","A",""
"3","19","1999-10","1.8","A",""
"4","Total","1999-10","2.4","A",""
"4","1","1999-10","2.4","A",""
"5","Total","1999-10","1.7","A",""
"5","8","1999-10","1.5","A",""
"5","14","1999-10","2.6","A",""
"5","15","1999-10","0.8","A",""
"5","16","1999-10","0.4","A",""
"5","17","1999-10","1.8","A",""
"5","18","1999-10","1.4","A",""
"5","20","1999-10","1.6","A",""
"6","Total","1999-10","1.4","A",""
"6","3","1999-10","1.6","A",""
"6","4","1999-10","0.8","A",""
"6","5","1999-10","1.2","A",""
"6","6","1999-10","0.5","A",""
"6","7","1999-10","0.5","A",""
"6","9","1999-10","2.1","A",""
"7","Total","1999-10","3.7","A",""
"7","21","1999-10","3.7","A",""
"Total","Total","1999-09","2.3","A",""
"1","Total","1999-09","3.8","A",""
"1","22","1999-09","3.7","A",""
"1","23","1999-09","2.3","A",""
"1","25","1999-09","4.9","A",""
"2","Total","1999-09","2","A",""
"2","2","1999-09","1.6","R",""
"2","10","1999-09","2.1","A",""
"2","11","1999-09","2.2","A",""
"2","24","1999-09","3.5","A",""
"2","26","1999-09","2.5","R",""
"3","Total","1999-09","1.8","A",""
"3","12","1999-09","2.2","A",""
"3","13","1999-09","1.6","A",""
"3","19","1999-09","1.8","A",""
"4","Total","1999-09","2.5","A",""
"4","1","1999-09","2.5","A",""
"5","Total","1999-09","1.7","A",""
"5","8","1999-09","1.4","A",""
"5","14","1999-09","2.5","A",""
"5","15","1999-09","0.8","A",""
"5","16","1999-09","0.3","A",""
"5","17","1999-09","1.9","A",""
"5","18","1999-09","1.2","A",""
"5","20","1999-09","1.6","A",""
"6","Total","1999-09","1.5","A",""
"6","3","1999-09","1.6","A",""
"6","4","1999-09","0.8","A",""
"6","5","1999-09","1.1","A",""
"6","6","1999-09","0.4","A",""
"6","7","1999-09","0.5","A",""
"6","9","1999-09","2.2","A",""
"7","Total","1999-09","3.4","A",""
"7","21","1999-09","3.4","A",""
"Total","Total","1999-08","2.4","A",""
"1","Total","1999-08","3.9","A",""
"1","22","1999-08","3.8","A",""
"1","23","1999-08","2.3","A",""
"1","25","1999-08","4.9","A",""
"2","Total","1999-08","2.1","A",""
"2","2","1999-08","1.6","R",""
"2","10","1999-08","2.2","A",""
"2","11","1999-08","2.3","A",""
"2","24","1999-08","3.6","A",""
"2","26","1999-08","2.5","R",""
"3","Total","1999-08","1.9","A",""
"3","12","1999-08","2.2","A",""
"3","13","1999-08","1.5","A",""
"3","19","1999-08","1.9","A",""
"4","Total","1999-08","2.6","A",""
"4","1","1999-08","2.6","A",""
"5","Total","1999-08","1.7","A",""
"5","8","1999-08","1.3","A",""
"5","14","1999-08","2.5","A",""
"5","15","1999-08","0.8","A",""
"5","16","1999-08","0.4","A",""
"5","17","1999-08","2","A",""
"5","18","1999-08","1.2","A",""
"5","20","1999-08","1.7","A",""
"6","Total","1999-08","1.5","A",""
"6","3","1999-08","1.7","A",""
"6","4","1999-08","0.8","A",""
"6","5","1999-08","1.1","A",""
"6","6","1999-08","0.4","A",""
"6","7","1999-08","0.4","A",""
"6","9","1999-08","2.3","A",""
"7","Total","1999-08","3.6","A",""
"7","21","1999-08","3.6","A",""
"Total","Total","1999-07","2.5","A",""
"1","Total","1999-07","3.9","A",""
"1","22","1999-07","3.9","A",""
"1","23","1999-07","2.3","A",""
"1","25","1999-07","5","A",""
"2","Total","1999-07","2.1","A",""
"2","2","1999-07","1.6","R",""
"2","10","1999-07","2.3","A",""
"2","11","1999-07","2.4","A",""
"2","24","1999-07","3.8","A",""
"2","26","1999-07","2.5","R",""
"3","Total","1999-07","2","A",""
"3","12","1999-07","2.3","A",""
"3","13","1999-07","1.8","A",""
"3","19","1999-07","2","A",""
"4","Total","1999-07","2.7","A",""
"4","1","1999-07","2.7","A",""
"5","Total","1999-07","1.8","A",""
"5","8","1999-07","1.4","A",""
"5","14","1999-07","2.6","A",""
"5","15","1999-07","0.7","A",""
"5","16","1999-07","0.5","A",""
"5","17","1999-07","2","A",""
"5","18","1999-07","1.3","A",""
"5","20","1999-07","1.8","A",""
"6","Total","1999-07","1.5","A",""
"6","3","1999-07","1.7","A",""
"6","4","1999-07","0.8","A",""
"6","5","1999-07","1.2","A",""
"6","6","1999-07","0.4","A",""
"6","7","1999-07","0.4","A",""
"6","9","1999-07","2.2","A",""
"7","Total","1999-07","3.6","A",""
"7","21","1999-07","3.6","A",""
"Total","Total","1999-06","2.6","A",""
"1","Total","1999-06","4","A",""
"1","22","1999-06","4","A",""
"1","23","1999-06","2.6","A",""
"1","25","1999-06","5","A",""
"2","Total","1999-06","2.1","A",""
"2","2","1999-06","1.7","R",""
"2","10","1999-06","2.2","A",""
"2","11","1999-06","2.4","A",""
"2","24","1999-06","3.8","A",""
"2","26","1999-06","2.4","R",""
"3","Total","1999-06","2.1","A",""
"3","12","1999-06","2.4","A",""
"3","13","1999-06","1.9","A",""
"3","19","1999-06","2","A",""
"4","Total","1999-06","2.8","A",""
"4","1","1999-06","2.8","A",""
"5","Total","1999-06","1.8","A",""
"5","8","1999-06","1.2","A",""
"5","14","1999-06","2.7","A",""
"5","15","1999-06","0.8","A",""
"5","16","1999-06","0.5","A",""
"5","17","1999-06","2.1","A",""
"5","18","1999-06","1.4","A",""
"5","20","1999-06","1.9","A",""
"6","Total","1999-06","1.6","A",""
"6","3","1999-06","1.7","A",""
"6","4","1999-06","0.8","A",""
"6","5","1999-06","1.2","A",""
"6","6","1999-06","0.5","A",""
"6","7","1999-06","0.4","A",""
"6","9","1999-06","2.3","A",""
"7","Total","1999-06","3.6","A",""
"7","21","1999-06","3.6","A",""
"Total","Total","1999-05","2.7","A",""
"1","Total","1999-05","4.3","A",""
"1","22","1999-05","4.2","A",""
"1","23","1999-05","3.4","A",""
"1","25","1999-05","5.2","A",""
"2","Total","1999-05","2.2","A",""
"2","2","1999-05","1.8","R",""
"2","10","1999-05","2.4","A",""
"2","11","1999-05","2.5","A",""
"2","24","1999-05","4","A",""
"2","26","1999-05","2.5","R",""
"3","Total","1999-05","2.2","A",""
"3","12","1999-05","2.5","A",""
"3","13","1999-05","1.9","A",""
"3","19","1999-05","2.2","A",""
"4","Total","1999-05","3","A",""
"4","1","1999-05","3","A",""
"5","Total","1999-05","2","A",""
"5","8","1999-05","1.3","A",""
"5","14","1999-05","2.7","A",""
"5","15","1999-05","0.9","A",""
"5","16","1999-05","0.5","A",""
"5","17","1999-05","2.2","A",""
"5","18","1999-05","1.8","A",""
"5","20","1999-05","2.1","A",""
"6","Total","1999-05","1.7","A",""
"6","3","1999-05","1.9","A",""
"6","4","1999-05","1","A",""
"6","5","1999-05","1.4","A",""
"6","6","1999-05","0.5","A",""
"6","7","1999-05","0.6","A",""
"6","9","1999-05","2.4","A",""
"7","Total","1999-05","3.7","A",""
"7","21","1999-05","3.7","A",""
"Total","Total","1999-04","2.9","A",""
"1","Total","1999-04","4.6","A",""
"1","22","1999-04","4.4","A",""
"1","23","1999-04","3.9","A",""
"1","25","1999-04","5.3","A",""
"2","Total","1999-04","2.5","A",""
"2","2","1999-04","2","R",""
"2","10","1999-04","2.6","A",""
"2","11","1999-04","2.7","A",""
"2","24","1999-04","4.1","A",""
"2","26","1999-04","2.8","R",""
"3","Total","1999-04","2.3","A",""
"3","12","1999-04","2.7","A",""
"3","13","1999-04","2","A",""
"3","19","1999-04","2.3","A",""
"4","Total","1999-04","3.2","A",""
"4","1","1999-04","3.2","A",""
"5","Total","1999-04","2.2","A",""
"5","8","1999-04","1.5","A",""
"5","14","1999-04","2.9","A",""
"5","15","1999-04","1","A",""
"5","16","1999-04","0.5","A",""
"5","17","1999-04","2.4","A",""
"5","18","1999-04","1.8","A",""
"5","20","1999-04","2.3","A",""
"6","Total","1999-04","1.9","A",""
"6","3","1999-04","2.1","A",""
"6","4","1999-04","1.2","A",""
"6","5","1999-04","1.6","A",""
"6","6","1999-04","0.7","A",""
"6","7","1999-04","0.8","A",""
"6","9","1999-04","2.4","A",""
"7","Total","1999-04","4.2","A",""
"7","21","1999-04","4.2","A",""
"Total","Total","1999-03","3.1","A",""
"1","Total","1999-03","4.9","A",""
"1","22","1999-03","4.7","A",""
"1","23","1999-03","4.3","A",""
"1","25","1999-03","5.5","A",""
"2","Total","1999-03","2.7","A",""
"2","2","1999-03","2.2","R",""
"2","10","1999-03","3","A",""
"2","11","1999-03","2.8","A",""
"2","24","1999-03","4.6","A",""
"2","26","1999-03","3.4","R",""
"3","Total","1999-03","2.5","A",""
"3","12","1999-03","2.9","A",""
"3","13","1999-03","2.1","A",""
"3","19","1999-03","2.5","A",""
"4","Total","1999-03","3.3","A",""
"4","1","1999-03","3.3","A",""
"5","Total","1999-03","2.3","A",""
"5","8","1999-03","1.7","A",""
"5","14","1999-03","3.1","A",""
"5","15","1999-03","1","A",""
"5","16","1999-03","0.7","A",""
"5","17","1999-03","2.6","A",""
"5","18","1999-03","1.8","A",""
"5","20","1999-03","2.5","A",""
"6","Total","1999-03","2.1","A",""
"6","3","1999-03","2.3","A",""
"6","4","1999-03","1.4","A",""
"6","5","1999-03","1.8","A",""
"6","6","1999-03","0.8","A",""
"6","7","1999-03","0.8","A",""
"6","9","1999-03","2.6","A",""
"7","Total","1999-03","4.9","A",""
"7","21","1999-03","4.9","A",""
"Total","Total","1999-02","3.4","A",""
"1","Total","1999-02","5.2","A",""
"1","22","1999-02","5","A",""
"1","23","1999-02","5.3","A",""
"1","25","1999-02","5.6","A",""
"2","Total","1999-02","2.9","A",""
"2","2","1999-02","2.3","R",""
"2","10","1999-02","3.2","A",""
"2","11","1999-02","3","A",""
"2","24","1999-02","4.8","A",""
"2","26","1999-02","3.6","R",""
"3","Total","1999-02","2.6","A",""
"3","12","1999-02","3","A",""
"3","13","1999-02","2.1","A",""
"3","19","1999-02","2.6","A",""
"4","Total","1999-02","3.5","A",""
"4","1","1999-02","3.5","A",""
"5","Total","1999-02","2.5","A",""
"5","8","1999-02","1.8","A",""
"5","14","1999-02","3.4","A",""
"5","15","1999-02","1.1","A",""
"5","16","1999-02","0.6","A",""
"5","17","1999-02","2.6","A",""
"5","18","1999-02","2.1","A",""
"5","20","1999-02","2.7","A",""
"6","Total","1999-02","2.3","A",""
"6","3","1999-02","2.6","A",""
"6","4","1999-02","1.5","A",""
"6","5","1999-02","2","A",""
"6","6","1999-02","0.8","A",""
"6","7","1999-02","0.9","A",""
"6","9","1999-02","2.7","A",""
"7","Total","1999-02","6.2","A",""
"7","21","1999-02","6.2","A",""
"Total","Total","1999-01","3.5","A",""
"1","Total","1999-01","5.4","A",""
"1","22","1999-01","5.1","A",""
"1","23","1999-01","5.6","A",""
"1","25","1999-01","5.6","A",""
"2","Total","1999-01","3","A",""
"2","2","1999-01","2.5","R",""
"2","10","1999-01","3.4","A",""
"2","11","1999-01","3.1","A",""
"2","24","1999-01","4.9","A",""
"2","26","1999-01","3.7","R",""
"3","Total","1999-01","2.6","A",""
"3","12","1999-01","3.1","A",""
"3","13","1999-01","2.1","A",""
"3","19","1999-01","2.7","A",""
"4","Total","1999-01","3.6","A",""
"4","1","1999-01","3.6","A",""
"5","Total","1999-01","2.5","A",""
"5","8","1999-01","2","A",""
"5","14","1999-01","3.5","A",""
"5","15","1999-01","1.2","A",""
"5","16","1999-01","0.6","A",""
"5","17","1999-01","2.6","A",""
"5","18","1999-01","2.3","A",""
"5","20","1999-01","2.8","A",""
"6","Total","1999-01","2.3","A",""
"6","3","1999-01","2.6","A",""
"6","4","1999-01","1.5","A",""
"6","5","1999-01","2.1","A",""
"6","6","1999-01","0.8","A",""
"6","7","1999-01","1.1","A",""
"6","9","1999-01","2.8","A",""
"7","Total","1999-01","6.4","A",""
"7","21","1999-01","6.4","A",""
"Total","Total","1998-12","3.4","A",""
"1","Total","1998-12","5.3","A",""
"1","22","1998-12","5.1","A",""
"1","23","1998-12","5.2","A",""
"1","25","1998-12","5.6","A",""
"2","Total","1998-12","2.9","A",""
"2","2","1998-12","2.4","R",""
"2","10","1998-12","3.4","A",""
"2","11","1998-12","3","A",""
"2","24","1998-12","4.9","A",""
"2","26","1998-12","3.3","R",""
"3","Total","1998-12","2.6","A",""
"3","12","1998-12","3.1","A",""
"3","13","1998-12","2.1","A",""
"3","19","1998-12","2.6","A",""
"4","Total","1998-12","3.6","A",""
"4","1","1998-12","3.6","A",""
"5","Total","1998-12","2.5","A",""
"5","8","1998-12","2","A",""
"5","14","1998-12","3.5","A",""
"5","15","1998-12","1.2","A",""
"5","16","1998-12","0.6","A",""
"5","17","1998-12","2.5","A",""
"5","18","1998-12","2.2","A",""
"5","20","1998-12","2.7","A",""
"6","Total","1998-12","2.4","A",""
"6","3","1998-12","2.6","A",""
"6","4","1998-12","1.6","A",""
"6","5","1998-12","2.2","A",""
"6","6","1998-12","1.2","A",""
"6","7","1998-12","1.1","A",""
"6","9","1998-12","2.8","A",""
"7","Total","1998-12","6.2","A",""
"7","21","1998-12","6.2","A",""
"Total","Total","1998-11","3.3","A",""
"1","Total","1998-11","4.9","A",""
"1","22","1998-11","4.9","A",""
"1","23","1998-11","4","A",""
"1","25","1998-11","5.5","A",""
"2","Total","1998-11","2.8","A",""
"2","2","1998-11","2.3","R",""
"2","10","1998-11","3.3","A",""
"2","11","1998-11","2.8","A",""
"2","24","1998-11","4.5","A",""
"2","26","1998-11","3.1","R",""
"3","Total","1998-11","2.5","A",""
"3","12","1998-11","3","A",""
"3","13","1998-11","2","A",""
"3","19","1998-11","2.5","A",""
"4","Total","1998-11","3.6","A",""
"4","1","1998-11","3.6","A",""
"5","Total","1998-11","2.3","A",""
"5","8","1998-11","1.8","A",""
"5","14","1998-11","3.4","A",""
"5","15","1998-11","1.1","A",""
"5","16","1998-11","0.5","A",""
"5","17","1998-11","2.4","A",""
"5","18","1998-11","2.1","A",""
"5","20","1998-11","2.5","A",""
"6","Total","1998-11","2.3","A",""
"6","3","1998-11","2.5","A",""
"6","4","1998-11","1.5","A",""
"6","5","1998-11","1.9","A",""
"6","6","1998-11","1.2","A",""
"6","7","1998-11","1.2","A",""
"6","9","1998-11","2.7","A",""
"7","Total","1998-11","5.9","A",""
"7","21","1998-11","5.9","A",""
"Total","Total","1998-10","3.2","A",""
"1","Total","1998-10","4.9","A",""
"1","22","1998-10","5","A",""
"1","23","1998-10","3.4","A",""
"1","25","1998-10","5.6","A",""
"2","Total","1998-10","2.7","A",""
"2","2","1998-10","2.2","R",""
"2","10","1998-10","3.2","A",""
"2","11","1998-10","2.7","A",""
"2","24","1998-10","4.6","A",""
"2","26","1998-10","2.7","R",""
"3","Total","1998-10","2.5","A",""
"3","12","1998-10","3","A",""
"3","13","1998-10","2.1","A",""
"3","19","1998-10","2.5","A",""
"4","Total","1998-10","3.5","A",""
"4","1","1998-10","3.5","A",""
"5","Total","1998-10","2.2","A",""
"5","8","1998-10","1.6","A",""
"5","14","1998-10","3.3","A",""
"5","15","1998-10","1.1","A",""
"5","16","1998-10","0.5","A",""
"5","17","1998-10","2.3","A",""
"5","18","1998-10","1.9","A",""
"5","20","1998-10","2.4","A",""
"6","Total","1998-10","2.2","A",""
"6","3","1998-10","2.5","A",""
"6","4","1998-10","1.3","A",""
"6","5","1998-10","1.7","A",""
"6","6","1998-10","1.2","A",""
"6","7","1998-10","1.3","A",""
"6","9","1998-10","2.8","A",""
"7","Total","1998-10","5.1","A",""
"7","21","1998-10","5.1","A",""
"Total","Total","1998-09","3.2","A",""
"1","Total","1998-09","4.9","A",""
"1","22","1998-09","5","A",""
"1","23","1998-09","3.1","A",""
"1","25","1998-09","5.6","A",""
"2","Total","1998-09","2.8","A",""
"2","2","1998-09","2.3","R",""
"2","10","1998-09","3.3","A",""
"2","11","1998-09","2.8","A",""
"2","24","1998-09","4.7","A",""
"2","26","1998-09","2.9","R",""
"3","Total","1998-09","2.6","A",""
"3","12","1998-09","3.2","A",""
"3","13","1998-09","2.1","A",""
"3","19","1998-09","2.7","A",""
"4","Total","1998-09","3.7","A",""
"4","1","1998-09","3.7","A",""
"5","Total","1998-09","2.2","A",""
"5","8","1998-09","1.6","A",""
"5","14","1998-09","3.3","A",""
"5","15","1998-09","1.2","A",""
"5","16","1998-09","0.5","A",""
"5","17","1998-09","2.4","A",""
"5","18","1998-09","1.8","A",""
"5","20","1998-09","2.4","A",""
"6","Total","1998-09","2.2","A",""
"6","3","1998-09","2.5","A",""
"6","4","1998-09","1","A",""
"6","5","1998-09","1.6","A",""
"6","6","1998-09","1.1","A",""
"6","7","1998-09","1.1","A",""
"6","9","1998-09","2.9","A",""
"7","Total","1998-09","5","A",""
"7","21","1998-09","5","A",""
"Total","Total","1998-08","3.4","A",""
"1","Total","1998-08","5","A",""
"1","22","1998-08","5.2","A",""
"1","23","1998-08","3","A",""
"1","25","1998-08","5.9","A",""
"2","Total","1998-08","2.9","A",""
"2","2","1998-08","2.4","R",""
"2","10","1998-08","3.3","A",""
"2","11","1998-08","2.9","A",""
"2","24","1998-08","4.7","A",""
"2","26","1998-08","3","R",""
"3","Total","1998-08","2.7","A",""
"3","12","1998-08","3.3","A",""
"3","13","1998-08","2.2","A",""
"3","19","1998-08","2.7","A",""
"4","Total","1998-08","3.9","A",""
"4","1","1998-08","3.9","A",""
"5","Total","1998-08","2.4","A",""
"5","8","1998-08","1.7","A",""
"5","14","1998-08","3.2","A",""
"5","15","1998-08","1.1","A",""
"5","16","1998-08","0.5","A",""
"5","17","1998-08","2.5","A",""
"5","18","1998-08","1.9","A",""
"5","20","1998-08","2.9","A",""
"6","Total","1998-08","2.2","A",""
"6","3","1998-08","2.5","A",""
"6","4","1998-08","1.1","A",""
"6","5","1998-08","1.6","A",""
"6","6","1998-08","1","A",""
"6","7","1998-08","1.2","A",""
"6","9","1998-08","2.8","A",""
"7","Total","1998-08","5.3","A",""
"7","21","1998-08","5.3","A",""
"Total","Total","1998-07","3.5","A",""
"1","Total","1998-07","5.1","A",""
"1","22","1998-07","5.2","A",""
"1","23","1998-07","3.1","A",""
"1","25","1998-07","5.9","A",""
"2","Total","1998-07","2.9","A",""
"2","2","1998-07","2.5","R",""
"2","10","1998-07","3.3","A",""
"2","11","1998-07","3.1","A",""
"2","24","1998-07","4.8","A",""
"2","26","1998-07","2.9","R",""
"3","Total","1998-07","2.8","A",""
"3","12","1998-07","3.5","A",""
"3","13","1998-07","2.4","A",""
"3","19","1998-07","2.8","A",""
"4","Total","1998-07","4.1","A",""
"4","1","1998-07","4.1","A",""
"5","Total","1998-07","2.5","A",""
"5","8","1998-07","1.8","A",""
"5","14","1998-07","3.4","A",""
"5","15","1998-07","1.1","A",""
"5","16","1998-07","0.6","A",""
"5","17","1998-07","2.6","A",""
"5","18","1998-07","2","A",""
"5","20","1998-07","3","A",""
"6","Total","1998-07","2.2","A",""
"6","3","1998-07","2.5","A",""
"6","4","1998-07","1","A",""
"6","5","1998-07","1.6","A",""
"6","6","1998-07","1.2","A",""
"6","7","1998-07","1.3","A",""
"6","9","1998-07","2.9","A",""
"7","Total","1998-07","5.4","A",""
"7","21","1998-07","5.4","A",""
"Total","Total","1998-06","3.6","A",""
"1","Total","1998-06","5.2","A",""
"1","22","1998-06","5.4","A",""
"1","23","1998-06","3.6","A",""
"1","25","1998-06","6","A",""
"2","Total","1998-06","3.1","A",""
"2","2","1998-06","2.7","R",""
"2","10","1998-06","3.4","A",""
"2","11","1998-06","3.2","A",""
"2","24","1998-06","5","A",""
"2","26","1998-06","3","R",""
"3","Total","1998-06","2.9","A",""
"3","12","1998-06","3.7","A",""
"3","13","1998-06","2.4","A",""
"3","19","1998-06","2.9","A",""
"4","Total","1998-06","4.3","A",""
"4","1","1998-06","4.3","A",""
"5","Total","1998-06","2.6","A",""
"5","8","1998-06","1.7","A",""
"5","14","1998-06","3.9","A",""
"5","15","1998-06","1.1","A",""
"5","16","1998-06","0.6","A",""
"5","17","1998-06","2.6","A",""
"5","18","1998-06","2.3","A",""
"5","20","1998-06","3.1","A",""
"6","Total","1998-06","2.3","A",""
"6","3","1998-06","2.5","A",""
"6","4","1998-06","0.9","A",""
"6","5","1998-06","1.7","A",""
"6","6","1998-06","1.2","A",""
"6","7","1998-06","1.4","A",""
"6","9","1998-06","3.1","A",""
"7","Total","1998-06","5.5","A",""
"7","21","1998-06","5.5","A",""
"Total","Total","1998-05","3.9","A",""
"1","Total","1998-05","5.6","A",""
"1","22","1998-05","5.7","A",""
"1","23","1998-05","4.7","A",""
"1","25","1998-05","6.1","A",""
"2","Total","1998-05","3.4","A",""
"2","2","1998-05","3","R",""
"2","10","1998-05","3.7","A",""
"2","11","1998-05","3.5","A",""
"2","24","1998-05","5.5","A",""
"2","26","1998-05","3.5","R",""
"3","Total","1998-05","3.3","A",""
"3","12","1998-05","4","A",""
"3","13","1998-05","2.9","A",""
"3","19","1998-05","3.1","A",""
"4","Total","1998-05","4.5","A",""
"4","1","1998-05","4.5","A",""
"5","Total","1998-05","2.8","A",""
"5","8","1998-05","1.8","A",""
"5","14","1998-05","4.3","A",""
"5","15","1998-05","1.2","A",""
"5","16","1998-05","0.7","A",""
"5","17","1998-05","2.8","A",""
"5","18","1998-05","2.6","A",""
"5","20","1998-05","3.4","A",""
"6","Total","1998-05","2.5","A",""
"6","3","1998-05","2.8","A",""
"6","4","1998-05","1.2","A",""
"6","5","1998-05","2","A",""
"6","6","1998-05","1.5","A",""
"6","7","1998-05","1.5","A",""
"6","9","1998-05","3.2","A",""
"7","Total","1998-05","6.1","A",""
"7","21","1998-05","6.1","A",""
"Total","Total","1998-04","4.2","A",""
"1","Total","1998-04","6.1","A",""
"1","22","1998-04","6.1","A",""
"1","23","1998-04","5.5","A",""
"1","25","1998-04","6.3","A",""
"2","Total","1998-04","3.9","A",""
"2","2","1998-04","3.4","R",""
"2","10","1998-04","4","A",""
"2","11","1998-04","4.2","A",""
"2","24","1998-04","5.9","A",""
"2","26","1998-04","4.2","R",""
"3","Total","1998-04","3.5","A",""
"3","12","1998-04","4.2","A",""
"3","13","1998-04","3.3","A",""
"3","19","1998-04","3.4","A",""
"4","Total","1998-04","4.6","A",""
"4","1","1998-04","4.6","A",""
"5","Total","1998-04","3.1","A",""
"5","8","1998-04","1.9","A",""
"5","14","1998-04","4.5","A",""
"5","15","1998-04","1.5","A",""
"5","16","1998-04","0.9","A",""
"5","17","1998-04","3","A",""
"5","18","1998-04","2.8","A",""
"5","20","1998-04","3.7","A",""
"6","Total","1998-04","2.8","A",""
"6","3","1998-04","3.1","A",""
"6","4","1998-04","1.7","A",""
"6","5","1998-04","2.3","A",""
"6","6","1998-04","1.6","A",""
"6","7","1998-04","1.8","A",""
"6","9","1998-04","3.3","A",""
"7","Total","1998-04","6.5","A",""
"7","21","1998-04","6.5","A",""
"Total","Total","1998-03","4.6","A",""
"1","Total","1998-03","6.4","A",""
"1","22","1998-03","6.4","A",""
"1","23","1998-03","6","A",""
"1","25","1998-03","6.6","A",""
"2","Total","1998-03","4.3","A",""
"2","2","1998-03","3.7","R",""
"2","10","1998-03","4.4","A",""
"2","11","1998-03","5.1","A",""
"2","24","1998-03","6.3","A",""
"2","26","1998-03","5.2","R",""
"3","Total","1998-03","3.7","A",""
"3","12","1998-03","4.5","A",""
"3","13","1998-03","3.4","A",""
"3","19","1998-03","3.5","A",""
"4","Total","1998-03","4.9","A",""
"4","1","1998-03","4.9","A",""
"5","Total","1998-03","3.4","A",""
"5","8","1998-03","2.4","A",""
"5","14","1998-03","5.1","A",""
"5","15","1998-03","1.7","A",""
"5","16","1998-03","1.2","A",""
"5","17","1998-03","3.2","A",""
"5","18","1998-03","3.2","A",""
"5","20","1998-03","3.9","A",""
"6","Total","1998-03","3.2","A",""
"6","3","1998-03","3.6","A",""
"6","4","1998-03","2","A",""
"6","5","1998-03","2.7","A",""
"6","6","1998-03","1.8","A",""
"6","7","1998-03","2","A",""
"6","9","1998-03","3.4","A",""
"7","Total","1998-03","7.5","A",""
"7","21","1998-03","7.5","A",""
"Total","Total","1998-02","4.9","A",""
"1","Total","1998-02","6.8","A",""
"1","22","1998-02","6.7","A",""
"1","23","1998-02","6.8","A",""
"1","25","1998-02","6.9","A",""
"2","Total","1998-02","4.6","A",""
"2","2","1998-02","3.9","R",""
"2","10","1998-02","4.7","A",""
"2","11","1998-02","5.6","A",""
"2","24","1998-02","6.4","A",""
"2","26","1998-02","6.2","R",""
"3","Total","1998-02","3.8","A",""
"3","12","1998-02","4.7","A",""
"3","13","1998-02","3.5","A",""
"3","19","1998-02","3.7","A",""
"4","Total","1998-02","5","A",""
"4","1","1998-02","5","A",""
"5","Total","1998-02","3.7","A",""
"5","8","1998-02","2.7","A",""
"5","14","1998-02","5.3","A",""
"5","15","1998-02","2","A",""
"5","16","1998-02","1.6","A",""
"5","17","1998-02","3.5","A",""
"5","18","1998-02","3.6","A",""
"5","20","1998-02","4.2","A",""
"6","Total","1998-02","3.4","A",""
"6","3","1998-02","4","A",""
"6","4","1998-02","2.2","A",""
"6","5","1998-02","2.8","A",""
"6","6","1998-02","1.9","A",""
"6","7","1998-02","2.1","A",""
"6","9","1998-02","3.5","A",""
"7","Total","1998-02","8.6","A",""
"7","21","1998-02","8.6","A",""
"Total","Total","1998-01","5","A",""
"1","Total","1998-01","7.2","A",""
"1","22","1998-01","6.9","A",""
"1","23","1998-01","7.5","A",""
"1","25","1998-01","7.4","A",""
"2","Total","1998-01","4.7","A",""
"2","2","1998-01","4","R",""
"2","10","1998-01","4.9","A",""
"2","11","1998-01","5.7","A",""
"2","24","1998-01","6.4","A",""
"2","26","1998-01","6.4","R",""
"3","Total","1998-01","3.9","A",""
"3","12","1998-01","4.8","A",""
"3","13","1998-01","3.6","A",""
"3","19","1998-01","3.8","A",""
"4","Total","1998-01","5.1","A",""
"4","1","1998-01","5.1","A",""
"5","Total","1998-01","3.8","A",""
"5","8","1998-01","3.2","A",""
"5","14","1998-01","5.6","A",""
"5","15","1998-01","2.4","A",""
"5","16","1998-01","1.6","A",""
"5","17","1998-01","3.6","A",""
"5","18","1998-01","3.5","A",""
"5","20","1998-01","4.4","A",""
"6","Total","1998-01","3.5","A",""
"6","3","1998-01","4","A",""
"6","4","1998-01","2.4","A",""
"6","5","1998-01","3","A",""
"6","6","1998-01","1.9","A",""
"6","7","1998-01","2.2","A",""
"6","9","1998-01","3.6","A",""
"7","Total","1998-01","8.9","A",""
"7","21","1998-01","8.9","A",""
"Total","Total","1997-12","5","A",""
"1","Total","1997-12","7","A",""
"1","22","1997-12","6.8","A",""
"1","23","1997-12","7","A",""
"1","25","1997-12","7.5","A",""
"2","Total","1997-12","4.7","A",""
"2","2","1997-12","4","R",""
"2","10","1997-12","4.7","A",""
"2","11","1997-12","5.8","A",""
"2","24","1997-12","6.3","A",""
"2","26","1997-12","6.4","R",""
"3","Total","1997-12","3.9","A",""
"3","12","1997-12","4.7","A",""
"3","13","1997-12","3.5","A",""
"3","19","1997-12","3.8","A",""
"4","Total","1997-12","5.1","A",""
"4","1","1997-12","5.1","A",""
"5","Total","1997-12","3.7","A",""
"5","8","1997-12","3.1","A",""
"5","14","1997-12","5.4","A",""
"5","15","1997-12","2.5","A",""
"5","16","1997-12","1.4","A",""
"5","17","1997-12","3.6","A",""
"5","18","1997-12","3.3","A",""
"5","20","1997-12","4.3","A",""
"6","Total","1997-12","3.6","A",""
"6","3","1997-12","4.1","A",""
"6","4","1997-12","2.4","A",""
"6","5","1997-12","2.8","A",""
"6","6","1997-12","2.1","A",""
"6","7","1997-12","2.2","A",""
"6","9","1997-12","3.8","A",""
"7","Total","1997-12","8.6","A",""
"7","21","1997-12","8.6","A",""
"Total","Total","1997-11","4.9","A",""
"1","Total","1997-11","6.8","A",""
"1","22","1997-11","6.6","A",""
"1","23","1997-11","6.4","A",""
"1","25","1997-11","7.4","A",""
"2","Total","1997-11","4.6","A",""
"2","2","1997-11","4","R",""
"2","10","1997-11","4.3","A",""
"2","11","1997-11","5.8","A",""
"2","24","1997-11","6.2","A",""
"2","26","1997-11","6.1","R",""
"3","Total","1997-11","3.9","A",""
"3","12","1997-11","4.6","A",""
"3","13","1997-11","3.5","A",""
"3","19","1997-11","3.8","A",""
"4","Total","1997-11","5","A",""
"4","1","1997-11","5","A",""
"5","Total","1997-11","3.6","A",""
"5","8","1997-11","2.7","A",""
"5","14","1997-11","5.3","A",""
"5","15","1997-11","2.3","A",""
"5","16","1997-11","1.5","A",""
"5","17","1997-11","3.4","A",""
"5","18","1997-11","3.4","A",""
"5","20","1997-11","4.2","A",""
"6","Total","1997-11","3.4","A",""
"6","3","1997-11","4","A",""
"6","4","1997-11","2.2","A",""
"6","5","1997-11","2.4","A",""
"6","6","1997-11","2","A",""
"6","7","1997-11","2.2","A",""
"6","9","1997-11","3.6","A",""
"7","Total","1997-11","8.1","A",""
"7","21","1997-11","8.1","A",""
"Total","Total","1997-10","4.8","A",""
"1","Total","1997-10","6.7","A",""
"1","22","1997-10","6.5","A",""
"1","23","1997-10","5.8","A",""
"1","25","1997-10","7.5","A",""
"2","Total","1997-10","4.6","A",""
"2","2","1997-10","3.9","R",""
"2","10","1997-10","4.3","A",""
"2","11","1997-10","5.9","A",""
"2","24","1997-10","6.3","A",""
"2","26","1997-10","6.2","R",""
"3","Total","1997-10","4","A",""
"3","12","1997-10","4.6","A",""
"3","13","1997-10","3.5","A",""
"3","19","1997-10","4","A",""
"4","Total","1997-10","4.9","A",""
"4","1","1997-10","4.9","A",""
"5","Total","1997-10","3.5","A",""
"5","8","1997-10","2.4","A",""
"5","14","1997-10","5.3","A",""
"5","15","1997-10","2.4","A",""
"5","16","1997-10","1.7","A",""
"5","17","1997-10","3.4","A",""
"5","18","1997-10","3.2","A",""
"5","20","1997-10","4","A",""
"6","Total","1997-10","3.3","A",""
"6","3","1997-10","4","A",""
"6","4","1997-10","1.8","A",""
"6","5","1997-10","2.2","A",""
"6","6","1997-10","1.9","A",""
"6","7","1997-10","2","A",""
"6","9","1997-10","3.7","A",""
"7","Total","1997-10","7.5","A",""
"7","21","1997-10","7.5","A",""
"Total","Total","1997-09","4.9","A",""
"1","Total","1997-09","6.9","A",""
"1","22","1997-09","6.7","A",""
"1","23","1997-09","5.8","A",""
"1","25","1997-09","7.9","A",""
"2","Total","1997-09","4.7","A",""
"2","2","1997-09","4.1","R",""
"2","10","1997-09","4.3","A",""
"2","11","1997-09","6","A",""
"2","24","1997-09","6.4","A",""
"2","26","1997-09","6.3","R",""
"3","Total","1997-09","4.3","A",""
"3","12","1997-09","4.6","A",""
"3","13","1997-09","3.6","A",""
"3","19","1997-09","4.5","A",""
"4","Total","1997-09","5","A",""
"4","1","1997-09","5","A",""
"5","Total","1997-09","3.5","A",""
"5","8","1997-09","2.2","A",""
"5","14","1997-09","5.2","A",""
"5","15","1997-09","2.3","A",""
"5","16","1997-09","1.7","A",""
"5","17","1997-09","3.5","A",""
"5","18","1997-09","3","A",""
"5","20","1997-09","4.1","A",""
"6","Total","1997-09","3.3","A",""
"6","3","1997-09","4","A",""
"6","4","1997-09","1.8","A",""
"6","5","1997-09","2.2","A",""
"6","6","1997-09","1.6","A",""
"6","7","1997-09","1.9","A",""
"6","9","1997-09","3.7","A",""
"7","Total","1997-09","7.1","A",""
"7","21","1997-09","7.1","A",""
"Total","Total","1997-08","5","A",""
"1","Total","1997-08","6.9","A",""
"1","22","1997-08","6.8","A",""
"1","23","1997-08","5.8","A",""
"1","25","1997-08","7.8","A",""
"2","Total","1997-08","4.8","A",""
"2","2","1997-08","4.3","R",""
"2","10","1997-08","4.3","A",""
"2","11","1997-08","6","A",""
"2","24","1997-08","6.4","A",""
"2","26","1997-08","6.5","R",""
"3","Total","1997-08","4.5","A",""
"3","12","1997-08","4.7","A",""
"3","13","1997-08","3.7","A",""
"3","19","1997-08","4.9","A",""
"4","Total","1997-08","5.1","A",""
"4","1","1997-08","5.1","A",""
"5","Total","1997-08","3.6","A",""
"5","8","1997-08","2.2","A",""
"5","14","1997-08","5.2","A",""
"5","15","1997-08","2.4","A",""
"5","16","1997-08","1.6","A",""
"5","17","1997-08","3.7","A",""
"5","18","1997-08","2.9","A",""
"5","20","1997-08","4.1","A",""
"6","Total","1997-08","3.4","A",""
"6","3","1997-08","4.1","A",""
"6","4","1997-08","1.8","A",""
"6","5","1997-08","2.3","A",""
"6","6","1997-08","1.5","A",""
"6","7","1997-08","1.9","A",""
"6","9","1997-08","3.7","A",""
"7","Total","1997-08","7","A",""
"7","21","1997-08","7","A",""
"Total","Total","1997-07","5","A",""
"1","Total","1997-07","7","A",""
"1","22","1997-07","6.9","A",""
"1","23","1997-07","5.8","A",""
"1","25","1997-07","7.8","A",""
"2","Total","1997-07","4.9","A",""
"2","2","1997-07","4.3","R",""
"2","10","1997-07","4.3","A",""
"2","11","1997-07","6.1","A",""
"2","24","1997-07","6.4","A",""
"2","26","1997-07","6.4","R",""
"3","Total","1997-07","4.6","A",""
"3","12","1997-07","4.8","A",""
"3","13","1997-07","3.7","A",""
"3","19","1997-07","4.9","A",""
"4","Total","1997-07","5.2","A",""
"4","1","1997-07","5.2","A",""
"5","Total","1997-07","3.6","A",""
"5","8","1997-07","2.2","A",""
"5","14","1997-07","5.2","A",""
"5","15","1997-07","2.3","A",""
"5","16","1997-07","1.8","A",""
"5","17","1997-07","3.7","A",""
"5","18","1997-07","2.9","A",""
"5","20","1997-07","4.1","A",""
"6","Total","1997-07","3.5","A",""
"6","3","1997-07","4.2","A",""
"6","4","1997-07","1.9","A",""
"6","5","1997-07","2.4","A",""
"6","6","1997-07","1.9","A",""
"6","7","1997-07","2.1","A",""
"6","9","1997-07","3.8","A",""
"7","Total","1997-07","7","A",""
"7","21","1997-07","7","A",""
"Total","Total","1997-06","5.1","A",""
"1","Total","1997-06","7.1","A",""
"1","22","1997-06","7","A",""
"1","23","1997-06","6.3","A",""
"1","25","1997-06","7.9","A",""
"2","Total","1997-06","4.9","A",""
"2","2","1997-06","4.3","R",""
"2","10","1997-06","4.3","A",""
"2","11","1997-06","6","A",""
"2","24","1997-06","6.2","A",""
"2","26","1997-06","6.5","R",""
"3","Total","1997-06","4.6","A",""
"3","12","1997-06","4.8","A",""
"3","13","1997-06","3.7","A",""
"3","19","1997-06","4.9","A",""
"4","Total","1997-06","5.3","A",""
"4","1","1997-06","5.3","A",""
"5","Total","1997-06","3.7","A",""
"5","8","1997-06","2.3","A",""
"5","14","1997-06","5","A",""
"5","15","1997-06","2.3","A",""
"5","16","1997-06","2","A",""
"5","17","1997-06","3.9","A",""
"5","18","1997-06","3","A",""
"5","20","1997-06","4.2","A",""
"6","Total","1997-06","3.6","A",""
"6","3","1997-06","4.3","A",""
"6","4","1997-06","1.9","A",""
"6","5","1997-06","2.6","A",""
"6","6","1997-06","2.5","A",""
"6","7","1997-06","2.7","A",""
"6","9","1997-06","3.7","A",""
"7","Total","1997-06","7.1","A",""
"7","21","1997-06","7.1","A",""
"Total","Total","1997-05","5.3","A",""
"1","Total","1997-05","7.5","A",""
"1","22","1997-05","7.3","A",""
"1","23","1997-05","7","A",""
"1","25","1997-05","8","A",""
"2","Total","1997-05","5","A",""
"2","2","1997-05","4.5","R",""
"2","10","1997-05","4.6","A",""
"2","11","1997-05","6.1","A",""
"2","24","1997-05","6.3","A",""
"2","26","1997-05","6.6","R",""
"3","Total","1997-05","4.7","A",""
"3","12","1997-05","5","A",""
"3","13","1997-05","3.8","A",""
"3","19","1997-05","5","A",""
"4","Total","1997-05","5.3","A",""
"4","1","1997-05","5.3","A",""
"5","Total","1997-05","4","A",""
"5","8","1997-05","2.7","A",""
"5","14","1997-05","5.2","A",""
"5","15","1997-05","2.5","A",""
"5","16","1997-05","2.1","A",""
"5","17","1997-05","4.4","A",""
"5","18","1997-05","3.2","A",""
"5","20","1997-05","4.3","A",""
"6","Total","1997-05","3.8","A",""
"6","3","1997-05","4.4","A",""
"6","4","1997-05","2.1","A",""
"6","5","1997-05","3","A",""
"6","6","1997-05","2.7","A",""
"6","7","1997-05","3.1","A",""
"6","9","1997-05","3.9","A",""
"7","Total","1997-05","7.2","A",""
"7","21","1997-05","7.2","A",""
"Total","Total","1997-04","5.5","A",""
"1","Total","1997-04","7.7","A",""
"1","22","1997-04","7.6","A",""
"1","23","1997-04","7.5","A",""
"1","25","1997-04","8","A",""
"2","Total","1997-04","5.2","A",""
"2","2","1997-04","4.7","R",""
"2","10","1997-04","4.9","A",""
"2","11","1997-04","6.1","A",""
"2","24","1997-04","6.3","A",""
"2","26","1997-04","6.8","R",""
"3","Total","1997-04","4.8","A",""
"3","12","1997-04","5.2","A",""
"3","13","1997-04","3.9","A",""
"3","19","1997-04","5.1","A",""
"4","Total","1997-04","5.4","A",""
"4","1","1997-04","5.4","A",""
"5","Total","1997-04","4.1","A",""
"5","8","1997-04","3.5","A",""
"5","14","1997-04","5.3","A",""
"5","15","1997-04","2.7","A",""
"5","16","1997-04","2.2","A",""
"5","17","1997-04","4.4","A",""
"5","18","1997-04","3.3","A",""
"5","20","1997-04","4.5","A",""
"6","Total","1997-04","4","A",""
"6","3","1997-04","4.5","A",""
"6","4","1997-04","2.7","A",""
"6","5","1997-04","3.3","A",""
"6","6","1997-04","2.8","A",""
"6","7","1997-04","3.1","A",""
"6","9","1997-04","4.1","A",""
"7","Total","1997-04","7.5","A",""
"7","21","1997-04","7.5","A",""
"Total","Total","1997-03","5.6","A",""
"1","Total","1997-03","7.9","A",""
"1","22","1997-03","7.9","A",""
"1","23","1997-03","7.9","A",""
"1","25","1997-03","8","A",""
"2","Total","1997-03","5.3","A",""
"2","2","1997-03","4.8","R",""
"2","10","1997-03","5.2","A",""
"2","11","1997-03","6.1","A",""
"2","24","1997-03","6.5","A",""
"2","26","1997-03","7.3","R",""
"3","Total","1997-03","4.8","A",""
"3","12","1997-03","5.4","A",""
"3","13","1997-03","3.9","A",""
"3","19","1997-03","5.1","A",""
"4","Total","1997-03","5.4","A",""
"4","1","1997-03","5.4","A",""
"5","Total","1997-03","4.2","A",""
"5","8","1997-03","3.9","A",""
"5","14","1997-03","5.4","A",""
"5","15","1997-03","2.7","A",""
"5","16","1997-03","2.4","A",""
"5","17","1997-03","4.5","A",""
"5","18","1997-03","3.3","A",""
"5","20","1997-03","4.6","A",""
"6","Total","1997-03","4.1","A",""
"6","3","1997-03","4.6","A",""
"6","4","1997-03","3.1","A",""
"6","5","1997-03","3.5","A",""
"6","6","1997-03","2.8","A",""
"6","7","1997-03","3","A",""
"6","9","1997-03","4.2","A",""
"7","Total","1997-03","8","A",""
"7","21","1997-03","8","A",""
"Total","Total","1997-02","5.7","A",""
"1","Total","1997-02","8.2","A",""
"1","22","1997-02","8.2","A",""
"1","23","1997-02","8.5","A",""
"1","25","1997-02","8.1","A",""
"2","Total","1997-02","5.4","A",""
"2","2","1997-02","4.8","R",""
"2","10","1997-02","5.4","A",""
"2","11","1997-02","6","A",""
"2","24","1997-02","6.5","A",""
"2","26","1997-02","7.4","R",""
"3","Total","1997-02","4.8","A",""
"3","12","1997-02","5.3","A",""
"3","13","1997-02","3.9","A",""
"3","19","1997-02","5","A",""
"4","Total","1997-02","5.4","A",""
"4","1","1997-02","5.4","A",""
"5","Total","1997-02","4.3","A",""
"5","8","1997-02","3.8","A",""
"5","14","1997-02","5.6","A",""
"5","15","1997-02","2.7","A",""
"5","16","1997-02","2.1","A",""
"5","17","1997-02","4.6","A",""
"5","18","1997-02","3.4","A",""
"5","20","1997-02","4.6","A",""
"6","Total","1997-02","4.3","A",""
"6","3","1997-02","4.8","A",""
"6","4","1997-02","3.3","A",""
"6","5","1997-02","3.7","A",""
"6","6","1997-02","2.7","A",""
"6","7","1997-02","3.2","A",""
"6","9","1997-02","4.3","A",""
"7","Total","1997-02","9","A",""
"7","21","1997-02","9","A",""
"Total","Total","1997-01","5.7","A",""
"1","Total","1997-01","8.2","A",""
"1","22","1997-01","8.3","A",""
"1","23","1997-01","8.9","A",""
"1","25","1997-01","7.8","A",""
"2","Total","1997-01","5.3","A",""
"2","2","1997-01","4.8","R",""
"2","10","1997-01","5.5","A",""
"2","11","1997-01","5.9","A",""
"2","24","1997-01","6.3","A",""
"2","26","1997-01","7.5","R",""
"3","Total","1997-01","4.8","A",""
"3","12","1997-01","5.3","A",""
"3","13","1997-01","3.9","A",""
"3","19","1997-01","4.9","A",""
"4","Total","1997-01","5.3","A",""
"4","1","1997-01","5.3","A",""
"5","Total","1997-01","4.2","A",""
"5","8","1997-01","3.9","A",""
"5","14","1997-01","5.6","A",""
"5","15","1997-01","2.7","A",""
"5","16","1997-01","2","A",""
"5","17","1997-01","4.5","A",""
"5","18","1997-01","3.2","A",""
"5","20","1997-01","4.5","A",""
"6","Total","1997-01","4.3","A",""
"6","3","1997-01","4.8","A",""
"6","4","1997-01","3.5","A",""
"6","5","1997-01","3.8","A",""
"6","6","1997-01","2.8","A",""
"6","7","1997-01","3.3","A",""
"6","9","1997-01","4.2","A",""
"7","Total","1997-01","9.2","A",""
"7","21","1997-01","9.2","A",""
"Total","Total","1996-12","5.3","A",""
"1","Total","1996-12","7.6","A",""
"1","22","1996-12","7.8","A",""
"1","23","1996-12","7.7","A",""
"1","25","1996-12","7.1","A",""
"2","Total","1996-12","5.1","A",""
"2","2","1996-12","4.6","R",""
"2","10","1996-12","5.2","A",""
"2","11","1996-12","5.5","A",""
"2","24","1996-12","6","A",""
"2","26","1996-12","7","R",""
"3","Total","1996-12","4.5","A",""
"3","12","1996-12","5.1","A",""
"3","13","1996-12","3.8","A",""
"3","19","1996-12","4.6","A",""
"4","Total","1996-12","5","A",""
"4","1","1996-12","5","A",""
"5","Total","1996-12","3.9","A",""
"5","8","1996-12","3.8","A",""
"5","14","1996-12","5.5","A",""
"5","15","1996-12","2.6","A",""
"5","16","1996-12","1.9","A",""
"5","17","1996-12","4.2","A",""
"5","18","1996-12","2.8","A",""
"5","20","1996-12","4.2","A",""
"6","Total","1996-12","4.1","A",""
"6","3","1996-12","4.7","A",""
"6","4","1996-12","3.2","A",""
"6","5","1996-12","3.6","A",""
"6","6","1996-12","2.5","A",""
"6","7","1996-12","3.2","A",""
"6","9","1996-12","3.9","A",""
"7","Total","1996-12","8.7","A",""
"7","21","1996-12","8.7","A",""
"Total","Total","1996-11","5.1","A",""
"1","Total","1996-11","7.2","A",""
"1","22","1996-11","7.5","A",""
"1","23","1996-11","7.1","A",""
"1","25","1996-11","6.9","A",""
"2","Total","1996-11","4.8","A",""
"2","2","1996-11","4.3","R",""
"2","10","1996-11","4.9","A",""
"2","11","1996-11","5.3","A",""
"2","24","1996-11","5.7","A",""
"2","26","1996-11","6.7","R",""
"3","Total","1996-11","4.2","A",""
"3","12","1996-11","4.9","A",""
"3","13","1996-11","3.7","A",""
"3","19","1996-11","4.3","A",""
"4","Total","1996-11","4.8","A",""
"4","1","1996-11","4.8","A",""
"5","Total","1996-11","3.7","A",""
"5","8","1996-11","3.6","A",""
"5","14","1996-11","5.1","A",""
"5","15","1996-11","2.4","A",""
"5","16","1996-11","1.8","A",""
"5","17","1996-11","4","A",""
"5","18","1996-11","2.8","A",""
"5","20","1996-11","3.9","A",""
"6","Total","1996-11","4","A",""
"6","3","1996-11","4.5","A",""
"6","4","1996-11","2.9","A",""
"6","5","1996-11","3.4","A",""
"6","6","1996-11","2.6","A",""
"6","7","1996-11","3.2","A",""
"6","9","1996-11","3.9","A",""
"7","Total","1996-11","8.1","A",""
"7","21","1996-11","8.1","A",""
"Total","Total","1996-10","4.8","A",""
"1","Total","1996-10","7","A",""
"1","22","1996-10","7.3","A",""
"1","23","1996-10","6.4","A",""
"1","25","1996-10","6.7","A",""
"2","Total","1996-10","4.5","A",""
"2","2","1996-10","4","R",""
"2","10","1996-10","4.7","A",""
"2","11","1996-10","5.1","A",""
"2","24","1996-10","5.5","A",""
"2","26","1996-10","6.5","R",""
"3","Total","1996-10","4.1","A",""
"3","12","1996-10","4.7","A",""
"3","13","1996-10","3.6","A",""
"3","19","1996-10","4.1","A",""
"4","Total","1996-10","4.6","A",""
"4","1","1996-10","4.6","A",""
"5","Total","1996-10","3.5","A",""
"5","8","1996-10","3.4","A",""
"5","14","1996-10","4.7","A",""
"5","15","1996-10","2.3","A",""
"5","16","1996-10","1.7","A",""
"5","17","1996-10","3.8","A",""
"5","18","1996-10","2.5","A",""
"5","20","1996-10","3.7","A",""
"6","Total","1996-10","3.7","A",""
"6","3","1996-10","4.3","A",""
"6","4","1996-10","2.3","A",""
"6","5","1996-10","3.1","A",""
"6","6","1996-10","2.4","A",""
"6","7","1996-10","2.9","A",""
"6","9","1996-10","3.6","A",""
"7","Total","1996-10","7.4","A",""
"7","21","1996-10","7.4","A",""
"Total","Total","1996-09","4.6","A",""
"1","Total","1996-09","6.7","A",""
"1","22","1996-09","7.1","A",""
"1","23","1996-09","5.9","A",""
"1","25","1996-09","6.5","A",""
"2","Total","1996-09","4.3","A",""
"2","2","1996-09","3.9","R",""
"2","10","1996-09","4.5","A",""
"2","11","1996-09","4.9","A",""
"2","24","1996-09","5.3","A",""
"2","26","1996-09","6.5","R",""
"3","Total","1996-09","3.9","A",""
"3","12","1996-09","4.5","A",""
"3","13","1996-09","3.4","A",""
"3","19","1996-09","4","A",""
"4","Total","1996-09","4.4","A",""
"4","1","1996-09","4.4","A",""
"5","Total","1996-09","3.3","A",""
"5","8","1996-09","3.3","A",""
"5","14","1996-09","4.5","A",""
"5","15","1996-09","2.3","A",""
"5","16","1996-09","1.5","A",""
"5","17","1996-09","3.5","A",""
"5","18","1996-09","2.4","A",""
"5","20","1996-09","3.6","A",""
"6","Total","1996-09","3.5","A",""
"6","3","1996-09","4.1","A",""
"6","4","1996-09","2","A",""
"6","5","1996-09","2.8","A",""
"6","6","1996-09","2.2","A",""
"6","7","1996-09","2.7","A",""
"6","9","1996-09","3.5","A",""
"7","Total","1996-09","6.6","A",""
"7","21","1996-09","6.6","A",""
"Total","Total","1996-08","4.5","A",""
"1","Total","1996-08","6.7","A",""
"1","22","1996-08","7.1","A",""
"1","23","1996-08","5.6","A",""
"1","25","1996-08","6.7","A",""
"2","Total","1996-08","4.3","A",""
"2","2","1996-08","3.8","R",""
"2","10","1996-08","4.4","A",""
"2","11","1996-08","4.7","A",""
"2","24","1996-08","5.2","A",""
"2","26","1996-08","6.3","R",""
"3","Total","1996-08","3.8","A",""
"3","12","1996-08","4.4","A",""
"3","13","1996-08","3.4","A",""
"3","19","1996-08","3.9","A",""
"4","Total","1996-08","4.3","A",""
"4","1","1996-08","4.3","A",""
"5","Total","1996-08","3.2","A",""
"5","8","1996-08","3.3","A",""
"5","14","1996-08","4.4","A",""
"5","15","1996-08","2.3","A",""
"5","16","1996-08","1.4","A",""
"5","17","1996-08","3.4","A",""
"5","18","1996-08","2.4","A",""
"5","20","1996-08","3.5","A",""
"6","Total","1996-08","3.4","A",""
"6","3","1996-08","3.9","A",""
"6","4","1996-08","1.9","A",""
"6","5","1996-08","2.8","A",""
"6","6","1996-08","1.8","A",""
"6","7","1996-08","2.4","A",""
"6","9","1996-08","3.4","A",""
"7","Total","1996-08","6.6","A",""
"7","21","1996-08","6.6","A",""
"Total","Total","1996-07","4.5","A",""
"1","Total","1996-07","6.6","A",""
"1","22","1996-07","7","A",""
"1","23","1996-07","5.6","A",""
"1","25","1996-07","6.6","A",""
"2","Total","1996-07","4.2","A",""
"2","2","1996-07","3.7","R",""
"2","10","1996-07","4.4","A",""
"2","11","1996-07","4.5","A",""
"2","24","1996-07","5.2","A",""
"2","26","1996-07","6.3","R",""
"3","Total","1996-07","3.8","A",""
"3","12","1996-07","4.3","A",""
"3","13","1996-07","3.4","A",""
"3","19","1996-07","3.8","A",""
"4","Total","1996-07","4.3","A",""
"4","1","1996-07","4.3","A",""
"5","Total","1996-07","3.2","A",""
"5","8","1996-07","3.1","A",""
"5","14","1996-07","4.1","A",""
"5","15","1996-07","2.3","A",""
"5","16","1996-07","1.4","A",""
"5","17","1996-07","3.4","A",""
"5","18","1996-07","2.5","A",""
"5","20","1996-07","3.4","A",""
"6","Total","1996-07","3.3","A",""
"6","3","1996-07","3.8","A",""
"6","4","1996-07","1.7","A",""
"6","5","1996-07","2.8","A",""
"6","6","1996-07","1.8","A",""
"6","7","1996-07","2.4","A",""
"6","9","1996-07","3.4","A",""
"7","Total","1996-07","6.9","A",""
"7","21","1996-07","6.9","A",""
"Total","Total","1996-06","4.4","A",""
"1","Total","1996-06","6.7","A",""
"1","22","1996-06","7","A",""
"1","23","1996-06","6","A",""
"1","25","1996-06","6.6","A",""
"2","Total","1996-06","4.1","A",""
"2","2","1996-06","3.6","R",""
"2","10","1996-06","4.4","A",""
"2","11","1996-06","4.3","A",""
"2","24","1996-06","5","A",""
"2","26","1996-06","5.8","R",""
"3","Total","1996-06","3.8","A",""
"3","12","1996-06","4.6","A",""
"3","13","1996-06","3.2","A",""
"3","19","1996-06","3.7","A",""
"4","Total","1996-06","4.2","A",""
"4","1","1996-06","4.2","A",""
"5","Total","1996-06","3.1","A",""
"5","8","1996-06","2.9","A",""
"5","14","1996-06","4","A",""
"5","15","1996-06","2.3","A",""
"5","16","1996-06","1.4","A",""
"5","17","1996-06","3.3","A",""
"5","18","1996-06","2.5","A",""
"5","20","1996-06","3.3","A",""
"6","Total","1996-06","3.2","A",""
"6","3","1996-06","3.7","A",""
"6","4","1996-06","2","A",""
"6","5","1996-06","2.7","A",""
"6","6","1996-06","1.8","A",""
"6","7","1996-06","2.2","A",""
"6","9","1996-06","3.3","A",""
"7","Total","1996-06","7","A",""
"7","21","1996-06","7","A",""
"Total","Total","1996-05","4.5","A",""
"1","Total","1996-05","6.9","A",""
"1","22","1996-05","7.1","A",""
"1","23","1996-05","6.7","A",""
"1","25","1996-05","6.7","A",""
"2","Total","1996-05","4.1","A",""
"2","2","1996-05","3.6","R",""
"2","10","1996-05","4.6","A",""
"2","11","1996-05","4.3","A",""
"2","24","1996-05","5.2","A",""
"2","26","1996-05","5.7","R",""
"3","Total","1996-05","3.8","A",""
"3","12","1996-05","4.6","A",""
"3","13","1996-05","3.3","A",""
"3","19","1996-05","3.6","A",""
"4","Total","1996-05","4.2","A",""
"4","1","1996-05","4.2","A",""
"5","Total","1996-05","3.3","A",""
"5","8","1996-05","3","A",""
"5","14","1996-05","4.2","A",""
"5","15","1996-05","2.2","A",""
"5","16","1996-05","1.4","A",""
"5","17","1996-05","3.5","A",""
"5","18","1996-05","2.6","A",""
"5","20","1996-05","3.4","A",""
"6","Total","1996-05","3.2","A",""
"6","3","1996-05","3.8","A",""
"6","4","1996-05","2","A",""
"6","5","1996-05","2.7","A",""
"6","6","1996-05","2","A",""
"6","7","1996-05","2.2","A",""
"6","9","1996-05","3.3","A",""
"7","Total","1996-05","7","A",""
"7","21","1996-05","7","A",""
"Total","Total","1996-04","4.5","A",""
"1","Total","1996-04","7.1","A",""
"1","22","1996-04","7.2","A",""
"1","23","1996-04","7.1","A",""
"1","25","1996-04","6.9","A",""
"2","Total","1996-04","4.1","A",""
"2","2","1996-04","3.6","R",""
"2","10","1996-04","4.9","A",""
"2","11","1996-04","4.2","A",""
"2","24","1996-04","5.3","A",""
"2","26","1996-04","5.7","R",""
"3","Total","1996-04","3.8","A",""
"3","12","1996-04","4.7","A",""
"3","13","1996-04","3.3","A",""
"3","19","1996-04","3.6","A",""
"4","Total","1996-04","4.1","A",""
"4","1","1996-04","4.1","A",""
"5","Total","1996-04","3.2","A",""
"5","8","1996-04","3.1","A",""
"5","14","1996-04","4.3","A",""
"5","15","1996-04","2.4","A",""
"5","16","1996-04","1.5","A",""
"5","17","1996-04","3.4","A",""
"5","18","1996-04","2.6","A",""
"5","20","1996-04","3.4","A",""
"6","Total","1996-04","3.2","A",""
"6","3","1996-04","3.8","A",""
"6","4","1996-04","2.2","A",""
"6","5","1996-04","2.7","A",""
"6","6","1996-04","2.1","A",""
"6","7","1996-04","2.2","A",""
"6","9","1996-04","3.2","A",""
"7","Total","1996-04","7.5","A",""
"7","21","1996-04","7.5","A",""
"Total","Total","1996-03","4.6","A",""
"1","Total","1996-03","7.2","A",""
"1","22","1996-03","7.4","A",""
"1","23","1996-03","7.1","A",""
"1","25","1996-03","7","A",""
"2","Total","1996-03","4.2","A",""
"2","2","1996-03","3.7","R",""
"2","10","1996-03","5","A",""
"2","11","1996-03","4.2","A",""
"2","24","1996-03","5.6","A",""
"2","26","1996-03","5.9","R",""
"3","Total","1996-03","3.7","A",""
"3","12","1996-03","4.7","A",""
"3","13","1996-03","3.3","A",""
"3","19","1996-03","3.6","A",""
"4","Total","1996-03","4.1","A",""
"4","1","1996-03","4.1","A",""
"5","Total","1996-03","3.2","A",""
"5","8","1996-03","3.2","A",""
"5","14","1996-03","4.3","A",""
"5","15","1996-03","2.3","A",""
"5","16","1996-03","1.4","A",""
"5","17","1996-03","3.2","A",""
"5","18","1996-03","2.6","A",""
"5","20","1996-03","3.4","A",""
"6","Total","1996-03","3.3","A",""
"6","3","1996-03","3.8","A",""
"6","4","1996-03","2.3","A",""
"6","5","1996-03","2.8","A",""
"6","6","1996-03","2.2","A",""
"6","7","1996-03","2.3","A",""
"6","9","1996-03","3.1","A",""
"7","Total","1996-03","7.9","A",""
"7","21","1996-03","7.9","A",""
"Total","Total","1996-02","4.6","A",""
"1","Total","1996-02","7.2","A",""
"1","22","1996-02","7.3","A",""
"1","23","1996-02","7.5","A",""
"1","25","1996-02","6.9","A",""
"2","Total","1996-02","4.2","A",""
"2","2","1996-02","3.7","R",""
"2","10","1996-02","5.2","A",""
"2","11","1996-02","4","A",""
"2","24","1996-02","5.7","A",""
"2","26","1996-02","5.8","R",""
"3","Total","1996-02","3.7","A",""
"3","12","1996-02","4.7","A",""
"3","13","1996-02","3.3","A",""
"3","19","1996-02","3.5","A",""
"4","Total","1996-02","4.1","A",""
"4","1","1996-02","4.1","A",""
"5","Total","1996-02","3.1","A",""
"5","8","1996-02","3.3","A",""
"5","14","1996-02","4.4","A",""
"5","15","1996-02","2.2","A",""
"5","16","1996-02","1.4","A",""
"5","17","1996-02","3.2","A",""
"5","18","1996-02","2.6","A",""
"5","20","1996-02","3.3","A",""
"6","Total","1996-02","3.3","A",""
"6","3","1996-02","3.8","A",""
"6","4","1996-02","2.4","A",""
"6","5","1996-02","2.7","A",""
"6","6","1996-02","1.9","A",""
"6","7","1996-02","2.4","A",""
"6","9","1996-02","3.1","A",""
"7","Total","1996-02","8.5","A",""
"7","21","1996-02","8.5","A",""
"Total","Total","1996-01","4.5","A",""
"1","Total","1996-01","7.2","A",""
"1","22","1996-01","7.3","A",""
"1","23","1996-01","7.7","A",""
"1","25","1996-01","6.9","A",""
"2","Total","1996-01","4.2","A",""
"2","2","1996-01","3.7","R",""
"2","10","1996-01","5.2","A",""
"2","11","1996-01","4","A",""
"2","24","1996-01","5.8","A",""
"2","26","1996-01","6","R",""
"3","Total","1996-01","3.6","A",""
"3","12","1996-01","4.7","A",""
"3","13","1996-01","3.2","A",""
"3","19","1996-01","3.4","A",""
"4","Total","1996-01","4","A",""
"4","1","1996-01","4","A",""
"5","Total","1996-01","3","A",""
"5","8","1996-01","3","A",""
"5","14","1996-01","4.4","A",""
"5","15","1996-01","2.1","A",""
"5","16","1996-01","1.3","A",""
"5","17","1996-01","3.1","A",""
"5","18","1996-01","2.6","A",""
"5","20","1996-01","3.2","A",""
"6","Total","1996-01","3.2","A",""
"6","3","1996-01","3.7","A",""
"6","4","1996-01","2.4","A",""
"6","5","1996-01","2.7","A",""
"6","6","1996-01","2.1","A",""
"6","7","1996-01","2.4","A",""
"6","9","1996-01","3.1","A",""
"7","Total","1996-01","8.5","A",""
"7","21","1996-01","8.5","A",""
"Total","Total","1995-12","4.3","A",""
"1","Total","1995-12","6.8","A",""
"1","22","1995-12","6.8","A",""
"1","23","1995-12","7","A",""
"1","25","1995-12","6.7","A",""
"2","Total","1995-12","4.1","A",""
"2","2","1995-12","3.6","R",""
"2","10","1995-12","5","A",""
"2","11","1995-12","3.8","A",""
"2","24","1995-12","5.8","A",""
"2","26","1995-12","5.7","R",""
"3","Total","1995-12","3.5","A",""
"3","12","1995-12","4.6","A",""
"3","13","1995-12","3.1","A",""
"3","19","1995-12","3.2","A",""
"4","Total","1995-12","3.9","A",""
"4","1","1995-12","3.9","A",""
"5","Total","1995-12","2.8","A",""
"5","8","1995-12","2.7","A",""
"5","14","1995-12","4.3","A",""
"5","15","1995-12","2","A",""
"5","16","1995-12","1.2","A",""
"5","17","1995-12","2.9","A",""
"5","18","1995-12","2.2","A",""
"5","20","1995-12","2.9","A",""
"6","Total","1995-12","3","A",""
"6","3","1995-12","3.5","A",""
"6","4","1995-12","2.1","A",""
"6","5","1995-12","2.5","A",""
"6","6","1995-12","1.8","A",""
"6","7","1995-12","2.3","A",""
"6","9","1995-12","3","A",""
"7","Total","1995-12","8.1","A",""
"7","21","1995-12","8.1","A",""
"Total","Total","1995-11","4.2","A",""
"1","Total","1995-11","6.5","A",""
"1","22","1995-11","6.6","A",""
"1","23","1995-11","6.5","A",""
"1","25","1995-11","6.5","A",""
"2","Total","1995-11","3.9","A",""
"2","2","1995-11","3.4","R",""
"2","10","1995-11","4.9","A",""
"2","11","1995-11","3.4","A",""
"2","24","1995-11","5.8","A",""
"2","26","1995-11","5.5","R",""
"3","Total","1995-11","3.3","A",""
"3","12","1995-11","4.5","A",""
"3","13","1995-11","3","A",""
"3","19","1995-11","3.1","A",""
"4","Total","1995-11","4","A",""
"4","1","1995-11","4","A",""
"5","Total","1995-11","2.7","A",""
"5","8","1995-11","2.5","A",""
"5","14","1995-11","4","A",""
"5","15","1995-11","1.9","A",""
"5","16","1995-11","1","A",""
"5","17","1995-11","2.8","A",""
"5","18","1995-11","2.2","A",""
"5","20","1995-11","2.8","A",""
"6","Total","1995-11","2.9","A",""
"6","3","1995-11","3.4","A",""
"6","4","1995-11","1.8","A",""
"6","5","1995-11","2.4","A",""
"6","6","1995-11","1.9","A",""
"6","7","1995-11","2.2","A",""
"6","9","1995-11","2.9","A",""
"7","Total","1995-11","7.4","A",""
"7","21","1995-11","7.4","A",""
"Total","Total","1995-10","4","A",""
"1","Total","1995-10","6.3","A",""
"1","22","1995-10","6.4","A",""
"1","23","1995-10","5.9","A",""
"1","25","1995-10","6.4","A",""
"2","Total","1995-10","3.8","A",""
"2","2","1995-10","3.3","R",""
"2","10","1995-10","4.7","A",""
"2","11","1995-10","3.2","A",""
"2","24","1995-10","5.8","A",""
"2","26","1995-10","5.4","R",""
"3","Total","1995-10","3.2","A",""
"3","12","1995-10","4.6","A",""
"3","13","1995-10","2.9","A",""
"3","19","1995-10","2.9","A",""
"4","Total","1995-10","3.9","A",""
"4","1","1995-10","3.9","A",""
"5","Total","1995-10","2.6","A",""
"5","8","1995-10","2.2","A",""
"5","14","1995-10","3.8","A",""
"5","15","1995-10","1.9","A",""
"5","16","1995-10","0.8","A",""
"5","17","1995-10","2.8","A",""
"5","18","1995-10","2","A",""
"5","20","1995-10","2.7","A",""
"6","Total","1995-10","2.7","A",""
"6","3","1995-10","3.2","A",""
"6","4","1995-10","1.6","A",""
"6","5","1995-10","2.1","A",""
"6","6","1995-10","1.6","A",""
"6","7","1995-10","2","A",""
"6","9","1995-10","2.8","A",""
"7","Total","1995-10","6.7","A",""
"7","21","1995-10","6.7","A",""
"Total","Total","1995-09","4","A",""
"1","Total","1995-09","6.3","A",""
"1","22","1995-09","6.4","A",""
"1","23","1995-09","5.7","A",""
"1","25","1995-09","6.4","A",""
"2","Total","1995-09","3.7","A",""
"2","2","1995-09","3.2","R",""
"2","10","1995-09","4.6","A",""
"2","11","1995-09","3.3","A",""
"2","24","1995-09","5.6","A",""
"2","26","1995-09","5.4","R",""
"3","Total","1995-09","3.2","A",""
"3","12","1995-09","4.5","A",""
"3","13","1995-09","2.9","A",""
"3","19","1995-09","2.8","A",""
"4","Total","1995-09","3.9","A",""
"4","1","1995-09","3.9","A",""
"5","Total","1995-09","2.4","A",""
"5","8","1995-09","2.1","A",""
"5","14","1995-09","3.5","A",""
"5","15","1995-09","1.9","A",""
"5","16","1995-09","0.8","A",""
"5","17","1995-09","2.7","A",""
"5","18","1995-09","1.8","A",""
"5","20","1995-09","2.4","A",""
"6","Total","1995-09","2.6","A",""
"6","3","1995-09","3.1","A",""
"6","4","1995-09","1.4","A",""
"6","5","1995-09","2","A",""
"6","6","1995-09","1.6","A",""
"6","7","1995-09","1.9","A",""
"6","9","1995-09","2.6","A",""
"7","Total","1995-09","6.3","A",""
"7","21","1995-09","6.3","A",""
"Total","Total","1995-08","4","A",""
"1","Total","1995-08","6.6","A",""
"1","22","1995-08","6.8","A",""
"1","23","1995-08","6.2","A",""
"1","25","1995-08","6.4","A",""
"2","Total","1995-08","3.8","A",""
"2","2","1995-08","3.3","R",""
"2","10","1995-08","4.7","A",""
"2","11","1995-08","3.3","A",""
"2","24","1995-08","5.7","A",""
"2","26","1995-08","5.5","R",""
"3","Total","1995-08","3.2","A",""
"3","12","1995-08","4.7","A",""
"3","13","1995-08","2.8","A",""
"3","19","1995-08","2.8","A",""
"4","Total","1995-08","4","A",""
"4","1","1995-08","4","A",""
"5","Total","1995-08","2.4","A",""
"5","8","1995-08","1.9","A",""
"5","14","1995-08","3.6","A",""
"5","15","1995-08","1.9","A",""
"5","16","1995-08","0.6","A",""
"5","17","1995-08","2.6","A",""
"5","18","1995-08","1.8","A",""
"5","20","1995-08","2.4","A",""
"6","Total","1995-08","2.6","A",""
"6","3","1995-08","3","A",""
"6","4","1995-08","1.3","A",""
"6","5","1995-08","1.9","A",""
"6","6","1995-08","1.5","A",""
"6","7","1995-08","2","A",""
"6","9","1995-08","2.7","A",""
"7","Total","1995-08","6.2","A",""
"7","21","1995-08","6.2","A",""
"Total","Total","1995-07","4","A",""
"1","Total","1995-07","6.6","A",""
"1","22","1995-07","6.8","A",""
"1","23","1995-07","6.5","A",""
"1","25","1995-07","6.4","A",""
"2","Total","1995-07","3.8","A",""
"2","2","1995-07","3.2","R",""
"2","10","1995-07","5.1","A",""
"2","11","1995-07","3.4","A",""
"2","24","1995-07","5.6","A",""
"2","26","1995-07","5.6","R",""
"3","Total","1995-07","3.2","A",""
"3","12","1995-07","4.8","A",""
"3","13","1995-07","2.9","A",""
"3","19","1995-07","2.8","A",""
"4","Total","1995-07","4","A",""
"4","1","1995-07","4","A",""
"5","Total","1995-07","2.4","A",""
"5","8","1995-07","2","A",""
"5","14","1995-07","3.4","A",""
"5","15","1995-07","1.9","A",""
"5","16","1995-07","0.6","A",""
"5","17","1995-07","2.6","A",""
"5","18","1995-07","1.8","A",""
"5","20","1995-07","2.6","A",""
"6","Total","1995-07","2.5","A",""
"6","3","1995-07","2.9","A",""
"6","4","1995-07","1.3","A",""
"6","5","1995-07","1.9","A",""
"6","6","1995-07","1.5","A",""
"6","7","1995-07","2","A",""
"6","9","1995-07","2.7","A",""
"7","Total","1995-07","6","A",""
"7","21","1995-07","6","A",""
"Total","Total","1995-06","4","A",""
"1","Total","1995-06","6.8","A",""
"1","22","1995-06","6.9","A",""
"1","23","1995-06","7","A",""
"1","25","1995-06","6.4","A",""
"2","Total","1995-06","3.8","A",""
"2","2","1995-06","3.2","R",""
"2","10","1995-06","5.4","A",""
"2","11","1995-06","3.4","A",""
"2","24","1995-06","5.4","A",""
"2","26","1995-06","5.3","R",""
"3","Total","1995-06","3.2","A",""
"3","12","1995-06","4.9","A",""
"3","13","1995-06","2.9","A",""
"3","19","1995-06","2.7","A",""
"4","Total","1995-06","3.9","A",""
"4","1","1995-06","3.9","A",""
"5","Total","1995-06","2.4","A",""
"5","8","1995-06","1.9","A",""
"5","14","1995-06","3.5","A",""
"5","15","1995-06","1.8","A",""
"5","16","1995-06","0.5","A",""
"5","17","1995-06","2.6","A",""
"5","18","1995-06","1.8","A",""
"5","20","1995-06","2.3","A",""
"6","Total","1995-06","2.5","A",""
"6","3","1995-06","2.9","A",""
"6","4","1995-06","1.3","A",""
"6","5","1995-06","1.8","A",""
"6","6","1995-06","1.7","A",""
"6","7","1995-06","1.9","A",""
"6","9","1995-06","2.7","A",""
"7","Total","1995-06","5.9","A",""
"7","21","1995-06","5.9","A",""
"Total","Total","1995-05","4.2","A",""
"1","Total","1995-05","7.1","A",""
"1","22","1995-05","7.1","A",""
"1","23","1995-05","7.4","A",""
"1","25","1995-05","7","A",""
"2","Total","1995-05","4","A",""
"2","2","1995-05","3.3","R",""
"2","10","1995-05","5.5","A",""
"2","11","1995-05","3.5","A",""
"2","24","1995-05","5.8","A",""
"2","26","1995-05","5.4","R",""
"3","Total","1995-05","3.3","A",""
"3","12","1995-05","5.1","A",""
"3","13","1995-05","3","A",""
"3","19","1995-05","2.8","A",""
"4","Total","1995-05","4","A",""
"4","1","1995-05","4","A",""
"5","Total","1995-05","2.4","A",""
"5","8","1995-05","1.8","A",""
"5","14","1995-05","3.8","A",""
"5","15","1995-05","1.9","A",""
"5","16","1995-05","0.7","A",""
"5","17","1995-05","2.7","A",""
"5","18","1995-05","1.9","A",""
"5","20","1995-05","2.4","A",""
"6","Total","1995-05","2.6","A",""
"6","3","1995-05","3","A",""
"6","4","1995-05","1.5","A",""
"6","5","1995-05","1.8","A",""
"6","6","1995-05","1.7","A",""
"6","7","1995-05","2","A",""
"6","9","1995-05","2.8","A",""
"7","Total","1995-05","6.1","A",""
"7","21","1995-05","6.1","A",""
"Total","Total","1995-04","4.3","A",""
"1","Total","1995-04","7.5","A",""
"1","22","1995-04","7.3","A",""
"1","23","1995-04","7.5","A",""
"1","25","1995-04","7.6","A",""
"2","Total","1995-04","4.1","A",""
"2","2","1995-04","3.5","R",""
"2","10","1995-04","5.6","A",""
"2","11","1995-04","3.6","A",""
"2","24","1995-04","5.9","A",""
"2","26","1995-04","5.5","R",""
"3","Total","1995-04","3.4","A",""
"3","12","1995-04","5.3","A",""
"3","13","1995-04","3.1","A",""
"3","19","1995-04","2.9","A",""
"4","Total","1995-04","4.1","A",""
"4","1","1995-04","4.1","A",""
"5","Total","1995-04","2.5","A",""
"5","8","1995-04","1.8","A",""
"5","14","1995-04","3.8","A",""
"5","15","1995-04","2","A",""
"5","16","1995-04","0.7","A",""
"5","17","1995-04","2.7","A",""
"5","18","1995-04","2","A",""
"5","20","1995-04","2.5","A",""
"6","Total","1995-04","2.7","A",""
"6","3","1995-04","3.1","A",""
"6","4","1995-04","1.7","A",""
"6","5","1995-04","1.9","A",""
"6","6","1995-04","1.7","A",""
"6","7","1995-04","2.1","A",""
"6","9","1995-04","2.9","A",""
"7","Total","1995-04","6.2","A",""
"7","21","1995-04","6.2","A",""
"Total","Total","1995-03","4.4","A",""
"1","Total","1995-03","7.6","A",""
"1","22","1995-03","7.5","A",""
"1","23","1995-03","7.6","A",""
"1","25","1995-03","7.8","A",""
"2","Total","1995-03","4.2","A",""
"2","2","1995-03","3.6","R",""
"2","10","1995-03","5.6","A",""
"2","11","1995-03","3.7","A",""
"2","24","1995-03","6","A",""
"2","26","1995-03","5.7","R",""
"3","Total","1995-03","3.5","A",""
"3","12","1995-03","5.3","A",""
"3","13","1995-03","3.2","A",""
"3","19","1995-03","2.9","A",""
"4","Total","1995-03","4.1","A",""
"4","1","1995-03","4.1","A",""
"5","Total","1995-03","2.6","A",""
"5","8","1995-03","1.9","A",""
"5","14","1995-03","3.7","A",""
"5","15","1995-03","2","A",""
"5","16","1995-03","0.8","A",""
"5","17","1995-03","2.8","A",""
"5","18","1995-03","2.1","A",""
"5","20","1995-03","2.5","A",""
"6","Total","1995-03","2.8","A",""
"6","3","1995-03","3.3","A",""
"6","4","1995-03","1.8","A",""
"6","5","1995-03","1.9","A",""
"6","6","1995-03","1.8","A",""
"6","7","1995-03","2.2","A",""
"6","9","1995-03","3","A",""
"7","Total","1995-03","6.7","A",""
"7","21","1995-03","6.7","A",""
"Total","Total","1995-02","4.6","A",""
"1","Total","1995-02","7.7","A",""
"1","22","1995-02","7.5","A",""
"1","23","1995-02","7.9","A",""
"1","25","1995-02","7.8","A",""
"2","Total","1995-02","4.4","A",""
"2","2","1995-02","3.7","R",""
"2","10","1995-02","5.9","A",""
"2","11","1995-02","3.8","A",""
"2","24","1995-02","6.2","A",""
"2","26","1995-02","5.8","R",""
"3","Total","1995-02","3.5","A",""
"3","12","1995-02","5.4","A",""
"3","13","1995-02","3.3","A",""
"3","19","1995-02","3","A",""
"4","Total","1995-02","4.2","A",""
"4","1","1995-02","4.2","A",""
"5","Total","1995-02","2.7","A",""
"5","8","1995-02","1.8","A",""
"5","14","1995-02","4.1","A",""
"5","15","1995-02","2","A",""
"5","16","1995-02","0.8","A",""
"5","17","1995-02","3","A",""
"5","18","1995-02","2.2","A",""
"5","20","1995-02","2.7","A",""
"6","Total","1995-02","2.9","A",""
"6","3","1995-02","3.4","A",""
"6","4","1995-02","1.9","A",""
"6","5","1995-02","2.1","A",""
"6","6","1995-02","2","A",""
"6","7","1995-02","2.2","A",""
"6","9","1995-02","3","A",""
"7","Total","1995-02","7.3","A",""
"7","21","1995-02","7.3","A",""
"Total","Total","1995-01","4.6","A",""
"1","Total","1995-01","7.8","A",""
"1","22","1995-01","7.7","A",""
"1","23","1995-01","8.3","A",""
"1","25","1995-01","7.8","A",""
"2","Total","1995-01","4.4","A",""
"2","2","1995-01","3.8","R",""
"2","10","1995-01","5.8","A",""
"2","11","1995-01","3.8","A",""
"2","24","1995-01","6.4","A",""
"2","26","1995-01","6.1","R",""
"3","Total","1995-01","3.6","A",""
"3","12","1995-01","5.5","A",""
"3","13","1995-01","3.4","A",""
"3","19","1995-01","3","A",""
"4","Total","1995-01","4.2","A",""
"4","1","1995-01","4.2","A",""
"5","Total","1995-01","2.8","A",""
"5","8","1995-01","1.8","A",""
"5","14","1995-01","4.2","A",""
"5","15","1995-01","2.1","A",""
"5","16","1995-01","0.9","A",""
"5","17","1995-01","3","A",""
"5","18","1995-01","2.2","A",""
"5","20","1995-01","2.8","A",""
"6","Total","1995-01","2.9","A",""
"6","3","1995-01","3.4","A",""
"6","4","1995-01","1.9","A",""
"6","5","1995-01","2.1","A",""
"6","6","1995-01","1.9","A",""
"6","7","1995-01","2.4","A",""
"6","9","1995-01","3.2","A",""
"7","Total","1995-01","7.4","A",""
"7","21","1995-01","7.4","A",""
"Total","Total","1994-12","4.5","A",""
"1","Total","1994-12","7.6","A",""
"1","22","1994-12","7.4","A",""
"1","23","1994-12","7.6","A",""
"1","25","1994-12","7.8","A",""
"2","Total","1994-12","4.4","A",""
"2","2","1994-12","3.8","R",""
"2","10","1994-12","5.8","A",""
"2","11","1994-12","3.8","A",""
"2","24","1994-12","6.4","A",""
"2","26","1994-12","6.2","R",""
"3","Total","1994-12","3.6","A",""
"3","12","1994-12","5.4","A",""
"3","13","1994-12","3.3","A",""
"3","19","1994-12","3","A",""
"4","Total","1994-12","4.2","A",""
"4","1","1994-12","4.2","A",""
"5","Total","1994-12","2.7","A",""
"5","8","1994-12","1.9","A",""
"5","14","1994-12","4.1","A",""
"5","15","1994-12","2.1","A",""
"5","16","1994-12","0.9","A",""
"5","17","1994-12","2.9","A",""
"5","18","1994-12","1.9","A",""
"5","20","1994-12","2.7","A",""
"6","Total","1994-12","2.9","A",""
"6","3","1994-12","3.4","A",""
"6","4","1994-12","1.7","A",""
"6","5","1994-12","2","A",""
"6","6","1994-12","1.9","A",""
"6","7","1994-12","2.5","A",""
"6","9","1994-12","3.2","A",""
"7","Total","1994-12","7.1","A",""
"7","21","1994-12","7.1","A",""
"Total","Total","1994-11","4.5","A",""
"1","Total","1994-11","7.4","A",""
"1","22","1994-11","7.3","A",""
"1","23","1994-11","7.3","A",""
"1","25","1994-11","7.6","A",""
"2","Total","1994-11","4.4","A",""
"2","2","1994-11","3.7","R",""
"2","10","1994-11","5.7","A",""
"2","11","1994-11","3.8","A",""
"2","24","1994-11","6.3","A",""
"2","26","1994-11","6.2","R",""
"3","Total","1994-11","3.5","A",""
"3","12","1994-11","5.3","A",""
"3","13","1994-11","3.3","A",""
"3","19","1994-11","2.9","A",""
"4","Total","1994-11","4.2","A",""
"4","1","1994-11","4.2","A",""
"5","Total","1994-11","2.7","A",""
"5","8","1994-11","1.8","A",""
"5","14","1994-11","3.9","A",""
"5","15","1994-11","2","A",""
"5","16","1994-11","0.8","A",""
"5","17","1994-11","3","A",""
"5","18","1994-11","1.9","A",""
"5","20","1994-11","2.8","A",""
"6","Total","1994-11","2.8","A",""
"6","3","1994-11","3.3","A",""
"6","4","1994-11","1.6","A",""
"6","5","1994-11","1.9","A",""
"6","6","1994-11","2.1","A",""
"6","7","1994-11","2.4","A",""
"6","9","1994-11","3.2","A",""
"7","Total","1994-11","6.8","A",""
"7","21","1994-11","6.8","A",""
"Total","Total","1994-10","4.4","A",""
"1","Total","1994-10","7.2","A",""
"1","22","1994-10","7.1","A",""
"1","23","1994-10","6.9","A",""
"1","25","1994-10","7.5","A",""
"2","Total","1994-10","4.3","A",""
"2","2","1994-10","3.6","R",""
"2","10","1994-10","5.7","A",""
"2","11","1994-10","3.8","A",""
"2","24","1994-10","6.2","A",""
"2","26","1994-10","6.3","R",""
"3","Total","1994-10","3.5","A",""
"3","12","1994-10","5.3","A",""
"3","13","1994-10","3.3","A",""
"3","19","1994-10","2.9","A",""
"4","Total","1994-10","4.2","A",""
"4","1","1994-10","4.2","A",""
"5","Total","1994-10","2.7","A",""
"5","8","1994-10","1.8","A",""
"5","14","1994-10","3.8","A",""
"5","15","1994-10","2.1","A",""
"5","16","1994-10","0.9","A",""
"5","17","1994-10","3","A",""
"5","18","1994-10","1.7","A",""
"5","20","1994-10","2.7","A",""
"6","Total","1994-10","2.8","A",""
"6","3","1994-10","3.3","A",""
"6","4","1994-10","1.3","A",""
"6","5","1994-10","1.9","A",""
"6","6","1994-10","2","A",""
"6","7","1994-10","2.5","A",""
"6","9","1994-10","3.2","A",""
"7","Total","1994-10","6.2","A",""
"7","21","1994-10","6.2","A",""
"Total","Total","1994-09","4.4","A",""
"1","Total","1994-09","7.2","A",""
"1","22","1994-09","7.2","A",""
"1","23","1994-09","6.8","A",""
"1","25","1994-09","7.4","A",""
"2","Total","1994-09","4.4","A",""
"2","2","1994-09","3.7","R",""
"2","10","1994-09","5.8","A",""
"2","11","1994-09","4","A",""
"2","24","1994-09","6.3","A",""
"2","26","1994-09","6.4","R",""
"3","Total","1994-09","3.6","A",""
"3","12","1994-09","5.3","A",""
"3","13","1994-09","3.4","A",""
"3","19","1994-09","3","A",""
"4","Total","1994-09","4.2","A",""
"4","1","1994-09","4.2","A",""
"5","Total","1994-09","2.7","A",""
"5","8","1994-09","1.8","A",""
"5","14","1994-09","3.8","A",""
"5","15","1994-09","2.2","A",""
"5","16","1994-09","0.9","A",""
"5","17","1994-09","3.1","A",""
"5","18","1994-09","1.6","A",""
"5","20","1994-09","2.9","A",""
"6","Total","1994-09","2.9","A",""
"6","3","1994-09","3.3","A",""
"6","4","1994-09","1.3","A",""
"6","5","1994-09","2","A",""
"6","6","1994-09","1.9","A",""
"6","7","1994-09","2.6","A",""
"6","9","1994-09","3.3","A",""
"7","Total","1994-09","5.9","A",""
"7","21","1994-09","5.9","A",""
"Total","Total","1994-08","4.5","A",""
"1","Total","1994-08","7.2","A",""
"1","22","1994-08","7.2","A",""
"1","23","1994-08","6.8","A",""
"1","25","1994-08","7.5","A",""
"2","Total","1994-08","4.6","A",""
"2","2","1994-08","3.8","R",""
"2","10","1994-08","5.8","A",""
"2","11","1994-08","4.2","A",""
"2","24","1994-08","6.5","A",""
"2","26","1994-08","6.7","R",""
"3","Total","1994-08","3.7","A",""
"3","12","1994-08","5.5","A",""
"3","13","1994-08","3.4","A",""
"3","19","1994-08","3.1","A",""
"4","Total","1994-08","4.4","A",""
"4","1","1994-08","4.4","A",""
"5","Total","1994-08","2.8","A",""
"5","8","1994-08","1.8","A",""
"5","14","1994-08","3.8","A",""
"5","15","1994-08","2.4","A",""
"5","16","1994-08","1","A",""
"5","17","1994-08","3.1","A",""
"5","18","1994-08","1.7","A",""
"5","20","1994-08","2.9","A",""
"6","Total","1994-08","3","A",""
"6","3","1994-08","3.4","A",""
"6","4","1994-08","1.4","A",""
"6","5","1994-08","2.1","A",""
"6","6","1994-08","2.2","A",""
"6","7","1994-08","2.6","A",""
"6","9","1994-08","3.3","A",""
"7","Total","1994-08","5.8","A",""
"7","21","1994-08","5.8","A",""
"Total","Total","1994-07","4.6","A",""
"1","Total","1994-07","7.2","A",""
"1","22","1994-07","7.3","A",""
"1","23","1994-07","6.8","A",""
"1","25","1994-07","7.5","A",""
"2","Total","1994-07","4.6","A",""
"2","2","1994-07","3.9","R",""
"2","10","1994-07","5.9","A",""
"2","11","1994-07","4.2","A",""
"2","24","1994-07","6.5","A",""
"2","26","1994-07","6.7","R",""
"3","Total","1994-07","3.7","A",""
"3","12","1994-07","5.5","A",""
"3","13","1994-07","3.5","A",""
"3","19","1994-07","3.2","A",""
"4","Total","1994-07","4.4","A",""
"4","1","1994-07","4.4","A",""
"5","Total","1994-07","2.8","A",""
"5","8","1994-07","1.9","A",""
"5","14","1994-07","4","A",""
"5","15","1994-07","2.6","A",""
"5","16","1994-07","1.1","A",""
"5","17","1994-07","3.2","A",""
"5","18","1994-07","1.7","A",""
"5","20","1994-07","2.9","A",""
"6","Total","1994-07","3","A",""
"6","3","1994-07","3.5","A",""
"6","4","1994-07","1.3","A",""
"6","5","1994-07","2.1","A",""
"6","6","1994-07","1.9","A",""
"6","7","1994-07","2.7","A",""
"6","9","1994-07","3.4","A",""
"7","Total","1994-07","5.8","A",""
"7","21","1994-07","5.8","A",""
"Total","Total","1994-06","4.6","A",""
"1","Total","1994-06","7.3","A",""
"1","22","1994-06","7.4","A",""
"1","23","1994-06","6.9","A",""
"1","25","1994-06","7.5","A",""
"2","Total","1994-06","4.7","A",""
"2","2","1994-06","4","R",""
"2","10","1994-06","5.8","A",""
"2","11","1994-06","4.4","A",""
"2","24","1994-06","6.4","A",""
"2","26","1994-06","6.5","R",""
"3","Total","1994-06","3.8","A",""
"3","12","1994-06","5.7","A",""
"3","13","1994-06","3.5","A",""
"3","19","1994-06","3.3","A",""
"4","Total","1994-06","4.5","A",""
"4","1","1994-06","4.5","A",""
"5","Total","1994-06","2.9","A",""
"5","8","1994-06","1.9","A",""
"5","14","1994-06","4.1","A",""
"5","15","1994-06","2.6","A",""
"5","16","1994-06","1.2","A",""
"5","17","1994-06","3.2","A",""
"5","18","1994-06","1.8","A",""
"5","20","1994-06","3.1","A",""
"6","Total","1994-06","3","A",""
"6","3","1994-06","3.6","A",""
"6","4","1994-06","1.3","A",""
"6","5","1994-06","2.2","A",""
"6","6","1994-06","1.9","A",""
"6","7","1994-06","2.6","A",""
"6","9","1994-06","3.4","A",""
"7","Total","1994-06","5.7","A",""
"7","21","1994-06","5.7","A",""
"Total","Total","1994-05","4.8","A",""
"1","Total","1994-05","7.5","A",""
"1","22","1994-05","7.6","A",""
"1","23","1994-05","7.3","A",""
"1","25","1994-05","7.5","A",""
"2","Total","1994-05","4.8","A",""
"2","2","1994-05","4.2","R",""
"2","10","1994-05","5.9","A",""
"2","11","1994-05","4.4","A",""
"2","24","1994-05","6.6","A",""
"2","26","1994-05","6.7","R",""
"3","Total","1994-05","4","A",""
"3","12","1994-05","5.9","A",""
"3","13","1994-05","3.7","A",""
"3","19","1994-05","3.4","A",""
"4","Total","1994-05","4.6","A",""
"4","1","1994-05","4.6","A",""
"5","Total","1994-05","3","A",""
"5","8","1994-05","2","A",""
"5","14","1994-05","4.5","A",""
"5","15","1994-05","2.6","A",""
"5","16","1994-05","1.3","A",""
"5","17","1994-05","3.4","A",""
"5","18","1994-05","2","A",""
"5","20","1994-05","3","A",""
"6","Total","1994-05","3.1","A",""
"6","3","1994-05","3.6","A",""
"6","4","1994-05","1.5","A",""
"6","5","1994-05","2.3","A",""
"6","6","1994-05","2","A",""
"6","7","1994-05","2.7","A",""
"6","9","1994-05","3.5","A",""
"7","Total","1994-05","5.9","A",""
"7","21","1994-05","5.9","A",""
"Total","Total","1994-04","4.9","A",""
"1","Total","1994-04","7.6","A",""
"1","22","1994-04","7.7","A",""
"1","23","1994-04","7.6","A",""
"1","25","1994-04","7.5","A",""
"2","Total","1994-04","4.9","A",""
"2","2","1994-04","4.3","R",""
"2","10","1994-04","6.1","A",""
"2","11","1994-04","4.7","A",""
"2","24","1994-04","6.6","A",""
"2","26","1994-04","6.9","R",""
"3","Total","1994-04","4.1","A",""
"3","12","1994-04","6","A",""
"3","13","1994-04","3.9","A",""
"3","19","1994-04","3.5","A",""
"4","Total","1994-04","4.7","A",""
"4","1","1994-04","4.7","A",""
"5","Total","1994-04","3.2","A",""
"5","8","1994-04","2.3","A",""
"5","14","1994-04","4.6","A",""
"5","15","1994-04","2.9","A",""
"5","16","1994-04","1.4","A",""
"5","17","1994-04","3.5","A",""
"5","18","1994-04","2","A",""
"5","20","1994-04","3.2","A",""
"6","Total","1994-04","3.3","A",""
"6","3","1994-04","3.7","A",""
"6","4","1994-04","1.9","A",""
"6","5","1994-04","2.5","A",""
"6","6","1994-04","2.1","A",""
"6","7","1994-04","2.8","A",""
"6","9","1994-04","3.6","A",""
"7","Total","1994-04","6.3","A",""
"7","21","1994-04","6.3","A",""
"Total","Total","1994-03","5","A",""
"1","Total","1994-03","7.8","A",""
"1","22","1994-03","7.9","A",""
"1","23","1994-03","7.8","A",""
"1","25","1994-03","7.7","A",""
"2","Total","1994-03","5","A",""
"2","2","1994-03","4.4","R",""
"2","10","1994-03","6.2","A",""
"2","11","1994-03","4.8","A",""
"2","24","1994-03","6.7","A",""
"2","26","1994-03","7.1","R",""
"3","Total","1994-03","4.2","A",""
"3","12","1994-03","6.2","A",""
"3","13","1994-03","3.9","A",""
"3","19","1994-03","3.6","A",""
"4","Total","1994-03","4.8","A",""
"4","1","1994-03","4.8","A",""
"5","Total","1994-03","3.2","A",""
"5","8","1994-03","2.4","A",""
"5","14","1994-03","4.6","A",""
"5","15","1994-03","2.9","A",""
"5","16","1994-03","1.5","A",""
"5","17","1994-03","3.7","A",""
"5","18","1994-03","2.1","A",""
"5","20","1994-03","3.2","A",""
"6","Total","1994-03","3.4","A",""
"6","3","1994-03","3.8","A",""
"6","4","1994-03","1.9","A",""
"6","5","1994-03","2.6","A",""
"6","6","1994-03","2.2","A",""
"6","7","1994-03","2.9","A",""
"6","9","1994-03","3.8","A",""
"7","Total","1994-03","6.7","A",""
"7","21","1994-03","6.7","A",""
"Total","Total","1994-02","5.2","A",""
"1","Total","1994-02","8","A",""
"1","22","1994-02","8","A",""
"1","23","1994-02","8.1","A",""
"1","25","1994-02","7.8","A",""
"2","Total","1994-02","5.2","A",""
"2","2","1994-02","4.5","R",""
"2","10","1994-02","6.2","A",""
"2","11","1994-02","5","A",""
"2","24","1994-02","7","A",""
"2","26","1994-02","7.3","R",""
"3","Total","1994-02","4.3","A",""
"3","12","1994-02","6.4","A",""
"3","13","1994-02","4","A",""
"3","19","1994-02","3.7","A",""
"4","Total","1994-02","4.8","A",""
"4","1","1994-02","4.8","A",""
"5","Total","1994-02","3.3","A",""
"5","8","1994-02","2.4","A",""
"5","14","1994-02","4.8","A",""
"5","15","1994-02","3.1","A",""
"5","16","1994-02","1.6","A",""
"5","17","1994-02","3.7","A",""
"5","18","1994-02","2.3","A",""
"5","20","1994-02","3.3","A",""
"6","Total","1994-02","3.6","A",""
"6","3","1994-02","4","A",""
"6","4","1994-02","2.1","A",""
"6","5","1994-02","2.8","A",""
"6","6","1994-02","2.1","A",""
"6","7","1994-02","3.3","A",""
"6","9","1994-02","4","A",""
"7","Total","1994-02","7.6","A",""
"7","21","1994-02","7.6","A",""
"Total","Total","1994-01","5.2","A",""
"1","Total","1994-01","8.1","A",""
"1","22","1994-01","8.1","A",""
"1","23","1994-01","8.3","A",""
"1","25","1994-01","8","A",""
"2","Total","1994-01","5.2","A",""
"2","2","1994-01","4.5","R",""
"2","10","1994-01","6.2","A",""
"2","11","1994-01","5","A",""
"2","24","1994-01","7","A",""
"2","26","1994-01","7.5","R",""
"3","Total","1994-01","4.3","A",""
"3","12","1994-01","6.3","A",""
"3","13","1994-01","3.9","A",""
"3","19","1994-01","3.7","A",""
"4","Total","1994-01","4.7","A",""
"4","1","1994-01","4.7","A",""
"5","Total","1994-01","3.3","A",""
"5","8","1994-01","2.5","A",""
"5","14","1994-01","4.9","A",""
"5","15","1994-01","3.1","A",""
"5","16","1994-01","1.7","A",""
"5","17","1994-01","3.7","A",""
"5","18","1994-01","2.2","A",""
"5","20","1994-01","3.3","A",""
"6","Total","1994-01","3.6","A",""
"6","3","1994-01","4","A",""
"6","4","1994-01","2.2","A",""
"6","5","1994-01","2.8","A",""
"6","6","1994-01","2.2","A",""
"6","7","1994-01","3.2","A",""
"6","9","1994-01","4.2","A",""
"7","Total","1994-01","7.8","A",""
"7","21","1994-01","7.8","A",""
"Total","Total","1993-12","5.091177773","A",
"1","Total","1993-12","7.806955617","A",
"1","22","1993-12","7.788096243","A",
"1","23","1993-12","7.673332026","A",
"1","25","1993-12","7.915400817","A",
"2","Total","1993-12","5.11451876","A",
"2","2","1993-12","4.499040245","A",
"2","10","1993-12","6.087013011","A",
"2","11","1993-12","4.96759729","A",
"2","24","1993-12","7.011782431","A",
"2","26","1993-12","6.864946329","A",
"3","Total","1993-12","4.227489435","A",
"3","12","1993-12","6.142930631","A",
"3","13","1993-12","3.796093713","A",
"3","19","1993-12","3.704190537","A",
"4","Total","1993-12","4.668524756","A",
"4","1","1993-12","4.668524756","A",
"5","Total","1993-12","3.284685244","A",
"5","8","1993-12","2.38570573","A",
"5","14","1993-12","5.089031434","A",
"5","15","1993-12","3.16414229","A",
"5","16","1993-12","1.694915254","A",
"5","17","1993-12","3.692464023","A",
"5","18","1993-12","2.019019588","A",
"5","20","1993-12","3.178942654","A",
"6","Total","1993-12","3.585331001","A",
"6","3","1993-12","4.002325295","A",
"6","4","1993-12","2.150009214","A",
"6","5","1993-12","2.740541644","A",
"6","6","1993-12","2.172853263","A",
"6","7","1993-12","3.146974063","A",
"6","9","1993-12","4.21293478","A",
"7","Total","1993-12","7.542244026","A",
"7","21","1993-12","7.542244026","A",
"Total","Total","1993-11","4.978109824","A",
"1","Total","1993-11","7.694558493","A",
"1","22","1993-11","7.698947223","A",
"1","23","1993-11","7.494445534","A",
"1","25","1993-11","7.80669145","A",
"2","Total","1993-11","4.973691235","A",
"2","2","1993-11","4.359567979","A",
"2","10","1993-11","5.881916217","A",
"2","11","1993-11","4.895591268","A",
"2","24","1993-11","6.835222524","A",
"2","26","1993-11","6.751145696","A",
"3","Total","1993-11","4.113975728","A",
"3","12","1993-11","6.012870163","A",
"3","13","1993-11","3.697877573","A",
"3","19","1993-11","3.589906492","A",
"4","Total","1993-11","4.557765693","A",
"4","1","1993-11","4.557765693","A",
"5","Total","1993-11","3.258980387","A",
"5","8","1993-11","2.325813536","A",
"5","14","1993-11","4.913364031","A",
"5","15","1993-11","3.090916098","A",
"5","16","1993-11","1.504967855","A",
"5","17","1993-11","3.624263063","A",
"5","18","1993-11","2.160607378","A",
"5","20","1993-11","3.180808778","A",
"6","Total","1993-11","3.492633472","A",
"6","3","1993-11","3.910722779","A",
"6","4","1993-11","2.002580011","A",
"6","5","1993-11","2.689507349","A",
"6","6","1993-11","2.270353089","A",
"6","7","1993-11","3.060518732","A",
"6","9","1993-11","4.024013938","A",
"7","Total","1993-11","7.220214017","A",
"7","21","1993-11","7.220214017","A",
"Total","Total","1993-10","4.791319916","A",
"1","Total","1993-10","7.42548659","A",
"1","22","1993-10","7.41574945","A",
"1","23","1993-10","6.867934392","A",
"1","25","1993-10","7.771749153","A",
"2","Total","1993-10","4.748984132","A",
"2","2","1993-10","4.133102158","A",
"2","10","1993-10","5.558030328","A",
"2","11","1993-10","4.762216476","A",
"2","24","1993-10","6.583330391","A",
"2","26","1993-10","6.609663827","A",
"3","Total","1993-10","4.015398035","A",
"3","12","1993-10","5.888633297","A",
"3","13","1993-10","3.579698804","A",
"3","19","1993-10","3.509944172","A",
"4","Total","1993-10","4.46198634","A",
"4","1","1993-10","4.46198634","A",
"5","Total","1993-10","3.138760749","A",
"5","8","1993-10","2.350768616","A",
"5","14","1993-10","4.695110591","A",
"5","15","1993-10","3.009981886","A",
"5","16","1993-10","1.402688486","A",
"5","17","1993-10","3.52356366","A",
"5","18","1993-10","1.966620957","A",
"5","20","1993-10","3.079105007","A",
"6","Total","1993-10","3.330951736","A",
"6","3","1993-10","3.758639115","A",
"6","4","1993-10","1.603292586","A",
"6","5","1993-10","2.514289603","A",
"6","6","1993-10","2.068389164","A",
"6","7","1993-10","2.829971182","A",
"6","9","1993-10","3.963139445","A",
"7","Total","1993-10","6.594801618","A",
"7","21","1993-10","6.594801618","A",
"Total","Total","1993-09","4.751035145","A",
"1","Total","1993-09","7.309838309","A",
"1","22","1993-09","7.294783995","A",
"1","23","1993-09","6.631052735","A",
"1","25","1993-09","7.736321547","A",
"2","Total","1993-09","4.760729646","A",
"2","2","1993-09","4.132294793","A",
"2","10","1993-09","5.449449672","A",
"2","11","1993-09","4.815402743","A",
"2","24","1993-09","6.743411373","A",
"2","26","1993-09","6.66810199","A",
"3","Total","1993-09","3.981742216","A",
"3","12","1993-09","5.850779878","A",
"3","13","1993-09","3.521407924","A",
"3","19","1993-09","3.489132062","A",
"4","Total","1993-09","4.441862084","A",
"4","1","1993-09","4.441862084","A",
"5","Total","1993-09","3.133817507","A",
"5","8","1993-09","2.405669794","A",
"5","14","1993-09","4.532751324","A",
"5","15","1993-09","3.029251937","A",
"5","16","1993-09","1.475745178","A",
"5","17","1993-09","3.603665458","A",
"5","18","1993-09","1.841756135","A",
"5","20","1993-09","3.034318025","A",
"6","Total","1993-09","3.310933997","A",
"6","3","1993-09","3.752179964","A",
"6","4","1993-09","1.498863567","A",
"6","5","1993-09","2.453048449","A",
"6","6","1993-09","2.033567797","A",
"6","7","1993-09","2.824207493","A",
"6","9","1993-09","3.973635047","A",
"7","Total","1993-09","6.294288091","A",
"7","21","1993-09","6.294288091","A",
"Total","Total","1993-08","4.666544809","A",
"1","Total","1993-08","7.102228745","A",
"1","22","1993-08","7.011586223","A",
"1","23","1993-08","6.314121414","A",
"1","25","1993-08","7.710114824","A",
"2","Total","1993-08","4.691561619","A",
"2","2","1993-08","4.074971894","A",
"2","10","1993-08","5.261985634","A",
"2","11","1993-08","4.795764737","A",
"2","24","1993-08","6.629235966","A",
"2","26","1993-08","6.741918617","A",
"3","Total","1993-08","3.966208762","A",
"3","12","1993-08","5.680924788","A",
"3","13","1993-08","3.528594471","A",
"3","19","1993-08","3.52126304","A",
"4","Total","1993-08","4.375285598","A",
"4","1","1993-08","4.375285598","A",
"5","Total","1993-08","3.014784247","A",
"5","8","1993-08","2.495508085","A",
"5","14","1993-08","4.412978095","A",
"5","15","1993-08","3.048521987","A",
"5","16","1993-08","1.358854471","A",
"5","17","1993-08","3.377091801","A",
"5","18","1993-08","1.79827642","A",
"5","20","1993-08","2.998861664","A",
"6","Total","1993-08","3.33064377","A",
"6","3","1993-08","3.776254984","A",
"6","4","1993-08","1.474292033","A",
"6","5","1993-08","2.390106151","A",
"6","6","1993-08","2.08231771","A",
"6","7","1993-08","3.048991354","A",
"6","9","1993-08","4.011419215","A",
"7","Total","1993-08","6.236910807","A",
"7","21","1993-08","6.236910807","A",
"Total","Total","1993-07","4.563858679","A",
"1","Total","1993-07","6.98116187","A",
"1","22","1993-07","6.978194717","A",
"1","23","1993-07","6.109913089","A",
"1","25","1993-07","7.503372902","A",
"2","Total","1993-07","4.577547086","A",
"2","2","1993-07","3.973849455","A",
"2","10","1993-07","5.024407447","A",
"2","11","1993-07","4.704120708","A",
"2","24","1993-07","6.746942571","A",
"2","26","1993-07","6.1513856","A",
"3","Total","1993-07","3.877190118","A",
"3","12","1993-07","5.495540091","A",
"3","13","1993-07","3.48228117","A",
"3","19","1993-07","3.44896834","A",
"4","Total","1993-07","4.257566266","A",
"4","1","1993-07","4.257566266","A",
"5","Total","1993-07","2.972272369","A",
"5","8","1993-07","2.365741665","A",
"5","14","1993-07","4.061643289","A",
"5","15","1993-07","2.871237523","A",
"5","16","1993-07","1.490356517","A",
"5","17","1993-07","3.424237431","A",
"5","18","1993-07","1.75368184","A",
"5","20","1993-07","2.921417508","A",
"6","Total","1993-07","3.231478972","A",
"6","3","1993-07","3.65764147","A",
"6","4","1993-07","1.400577431","A",
"6","5","1993-07","2.339071856","A",
"6","6","1993-07","2.110174803","A",
"6","7","1993-07","3.060518732","A",
"6","9","1993-07","3.835093096","A",
"7","Total","1993-07","6.083426571","A",
"7","21","1993-07","6.083426571","A",
"Total","Total","1993-06","4.429806202","A",
"1","Total","1993-06","6.781757606","A",
"1","22","1993-06","6.720198081","A",
"1","23","1993-06","6.23897275","A",
"1","25","1993-06","7.199083735","A",
"2","Total","1993-06","4.396144149","A",
"2","2","1993-06","3.831551412","A",
"2","10","1993-06","4.78497318","A",
"2","11","1993-06","4.6763002","A",
"2","24","1993-06","6.299657474","A",
"2","26","1993-06","5.683880294","A",
"3","Total","1993-06","3.803306634","A",
"3","12","1993-06","5.420803851","A",
"3","13","1993-06","3.376079978","A",
"3","19","1993-06","3.390183256","A",
"4","Total","1993-06","4.137274661","A",
"4","1","1993-06","4.137274661","A",
"5","Total","1993-06","2.897728284","A",
"5","8","1993-06","2.38570573","A",
"5","14","1993-06","4.058981661","A",
"5","15","1993-06","2.76332524","A",
"5","16","1993-06","1.402688486","A",
"5","17","1993-06","3.350086052","A",
"5","18","1993-06","1.724695363","A",
"5","20","1993-06","2.773993693","A",
"6","Total","1993-06","3.170809825","A",
"6","3","1993-06","3.576608476","A",
"6","4","1993-06","1.308434179","A",
"6","5","1993-06","2.395209581","A",
"6","6","1993-06","2.117139077","A",
"6","7","1993-06","3.060518732","A",
"6","9","1993-06","3.671361699","A",
"7","Total","1993-06","5.869696187","A",
"7","21","1993-06","5.869696187","A",
"Total","Total","1993-05","4.346696428","A",
"1","Total","1993-05","6.665954509","A",
"1","22","1993-05","6.573086446","A",
"1","23","1993-05","6.384369078","A",
"1","25","1993-05","6.976326594","A",
"2","Total","1993-05","4.301112265","A",
"2","2","1993-05","3.763934612","A",
"2","10","1993-05","4.733002951","A",
"2","11","1993-05","4.702484208","A",
"2","24","1993-05","5.947714726","A",
"2","26","1993-05","5.244056224","A",
"3","Total","1993-05","3.739977935","A",
"3","12","1993-05","5.414980248","A",
"3","13","1993-05","3.319386109","A",
"3","19","1993-05","3.302188193","A",
"4","Total","1993-05","4.019252709","A",
"4","1","1993-05","4.019252709","A",
"5","Total","1993-05","2.877955317","A",
"5","8","1993-05","2.255939309","A",
"5","14","1993-05","4.106890953","A",
"5","15","1993-05","2.697807068","A",
"5","16","1993-05","1.592635885","A",
"5","17","1993-05","3.285089165","A",
"5","18","1993-05","1.770404807","A",
"5","20","1993-05","2.7861235","A",
"6","Total","1993-05","3.121535391","A",
"6","3","1993-05","3.47561083","A",
"6","4","1993-05","1.388291664","A",
"6","5","1993-05","2.413922156","A",
"6","6","1993-05","1.929103698","A",
"6","7","1993-05","3.083573487","A",
"6","9","1993-05","3.694452025","A",
"7","Total","1993-05","5.795822934","A",
"7","21","1993-05","5.795822934","A",
"Total","Total","1993-04","4.28476446","A",
"1","Total","1993-04","6.594119432","A",
"1","22","1993-04","6.531189557","A",
"1","23","1993-04","6.368849245","A",
"1","25","1993-04","6.824909975","A",
"2","Total","1993-04","4.200266943","A",
"2","2","1993-04","3.713676154","A",
"2","10","1993-04","4.585444624","A",
"2","11","1993-04","4.398913364","A",
"2","24","1993-04","5.877090764","A",
"2","26","1993-04","5.210223603","A",
"3","Total","1993-04","3.705127235","A",
"3","12","1993-04","5.39848004","A",
"3","13","1993-04","3.206796876","A",
"3","19","1993-04","3.295981072","A",
"4","Total","1993-04","3.916513087","A",
"4","1","1993-04","3.916513087","A",
"5","Total","1993-04","2.873802994","A",
"5","8","1993-04","2.370732681","A",
"5","14","1993-04","4.024380506","A",
"5","15","1993-04","2.724785139","A",
"5","16","1993-04","1.987142022","A",
"5","17","1993-04","3.280969644","A",
"5","18","1993-04","1.767060214","A",
"5","20","1993-04","2.753466326","A",
"6","Total","1993-04","3.136625687","A",
"6","3","1993-04","3.482069982","A",
"6","4","1993-04","1.535720867","A",
"6","5","1993-04","2.464956451","A",
"6","6","1993-04","1.943032245","A",
"6","7","1993-04","3.043227666","A",
"6","9","1993-04","3.671361699","A",
"7","Total","1993-04","5.72194968","A",
"7","21","1993-04","5.72194968","A",
"Total","Total","1993-03","4.169791336","A",
"1","Total","1993-03","6.348889343","A",
"1","22","1993-03","6.317609924","A",
"1","23","1993-03","6.167908253","A",
"1","25","1993-03","6.504605589","A",
"2","Total","1993-03","4.096099659","A",
"2","2","1993-03","3.618608951","A",
"2","10","1993-03","4.449022774","A",
"2","11","1993-03","4.362910353","A",
"2","24","1993-03","5.634615158","A",
"2","26","1993-03","5.179466675","A",
"3","Total","1993-03","3.586834003","A",
"3","12","1993-03","5.187859729","A",
"3","13","1993-03","3.193222288","A",
"3","19","1993-03","3.164536164","A",
"4","Total","1993-03","3.815286566","A",
"4","1","1993-03","3.815286566","A",
"5","Total","1993-03","2.776915457","A",
"5","8","1993-03","2.250948293","A",
"5","14","1993-03","3.981794469","A",
"5","15","1993-03","2.651558947","A",
"5","16","1993-03","1.943308007","A",
"5","17","1993-03","3.138617306","A",
"5","18","1993-03","1.726925092","A",
"5","20","1993-03","2.677888294","A",
"6","Total","1993-03","3.079036192","A",
"6","3","1993-03","3.36991562","A",
"6","4","1993-03","1.621721236","A",
"6","5","1993-03","2.395209581","A",
"6","6","1993-03","1.943032245","A",
"6","7","1993-03","3.043227666","A",
"6","9","1993-03","3.736434434","A",
"7","Total","1993-03","5.892647101","A",
"7","21","1993-03","5.892647101","A",
"Total","Total","1993-02","4.071799114","A",
"1","Total","1993-02","6.211721503","A",
"1","22","1993-02","6.189714156","A",
"1","23","1993-02","5.993105927","A",
"1","25","1993-02","6.375513215","A",
"2","Total","1993-02","3.972949726","A",
"2","2","1993-02","3.483577191","A",
"2","10","1993-02","4.316313084","A",
"2","11","1993-02","4.12970903","A",
"2","24","1993-02","5.701707923","A",
"2","26","1993-02","5.18561806","A",
"3","Total","1993-02","3.507175261","A",
"3","12","1993-02","5.175241922","A",
"3","13","1993-02","3.152498523","A",
"3","19","1993-02","3.04185425","A",
"4","Total","1993-02","3.625089651","A",
"4","1","1993-02","3.625089651","A",
"5","Total","1993-02","2.72728531","A",
"5","8","1993-02","2.106208824","A",
"5","14","1993-02","3.851374731","A",
"5","15","1993-02","2.501252553","A",
"5","16","1993-02","2.104032729","A",
"5","17","1993-02","3.117104251","A",
"5","18","1993-02","1.720235905","A",
"5","20","1993-02","2.592046578","A",
"6","Total","1993-02","2.994345759","A",
"6","3","1993-02","3.258348454","A",
"6","4","1993-02","1.66472142","A",
"6","5","1993-02","2.301646707","A",
"6","6","1993-02","1.761961139","A",
"6","7","1993-02","3.262247839","A",
"6","9","1993-02","3.633577531","A",
"7","Total","1993-02","6.292853659","A",
"7","21","1993-02","6.292853659","A",
"Total","Total","1993-01","3.907374294","A",
"1","Total","1993-01","6.054582273","A",
"1","22","1993-01","6.009841044","A",
"1","23","1993-01","6.000457427","A",
"1","25","1993-01","6.155667932","A",
"2","Total","1993-01","3.855969153","A",
"2","2","1993-01","3.351371208","A",
"2","10","1993-01","4.130705125","A",
"2","11","1993-01","4.03233725","A",
"2","24","1993-01","5.765269489","A",
"2","26","1993-01","4.982622336","A",
"3","Total","1993-01","3.24450056","A",
"3","12","1993-01","4.902503179","A",
"3","13","1993-01","2.87861124","A",
"3","19","1993-01","2.788092552","A",
"4","Total","1993-01","3.468180979","A",
"4","1","1993-01","3.468180979","A",
"5","Total","1993-01","2.525798778","A",
"5","8","1993-01","1.951487323","A",
"5","14","1993-01","3.646429427","A",
"5","15","1993-01","2.393340271","A",
"5","16","1993-01","1.621858562","A",
"5","17","1993-01","2.8589476","A",
"5","18","1993-01","1.600945405","A",
"5","20","1993-01","2.425028458","A",
"6","Total","1993-01","2.840979083","A",
"6","3","1993-01","3.046958033","A",
"6","4","1993-01","1.689292954","A",
"6","5","1993-01","2.134934676","A",
"6","6","1993-01","1.664461313","A",
"6","7","1993-01","3.250720461","A",
"6","9","1993-01","3.574802158","A",
"7","Total","1993-01","6.234759159","A",
"7","21","1993-01","6.234759159","A",
"Total","Total","1992-12","3.579601493","A",
"1","Total","1992-12","5.535635771","A",
"1","22","1992-12","5.481247204","A",
"1","23","1992-12","5.07825263","A",
"1","25","1992-12","5.891174158","A",
"2","Total","1992-12","3.527925256","A",
"2","2","1992-12","3.043765226","A",
"2","10","1992-12","3.812387475","A",
"2","11","1992-12","3.681307891","A",
"2","24","1992-12","5.319161458","A",
"2","26","1992-12","4.705809984","A",
"3","Total","1992-12","2.94558113","A",
"3","12","1992-12","4.584146211","A",
"3","13","1992-12","2.683775971","A",
"3","19","1992-12","2.448891664","A",
"4","Total","1992-12","3.176152303","A",
"4","1","1992-12","3.176152303","A",
"5","Total","1992-12","2.344876132","A",
"5","8","1992-12","1.756837692","A",
"5","14","1992-12","3.396236459","A",
"5","15","1992-12","2.065749412","A",
"5","16","1992-12","1.300409117","A",
"5","17","1992-12","2.818667838","A",
"5","18","1992-12","1.289898213","A",
"5","20","1992-12","2.137645324","A",
"6","Total","1992-12","2.633718495","A",
"6","3","1992-12","2.890764","A",
"6","4","1992-12","1.591006819","A",
"6","5","1992-12","1.799809472","A",
"6","6","1992-12","1.420711749","A",
"6","7","1992-12","3.100864553","A",
"6","9","1992-12","3.295619136","A",
"7","Total","1992-12","5.707605359","A",
"7","21","1992-12","5.707605359","A",
"Total","Total","1992-11","3.315555389","A",
"1","Total","1992-11","5.302016956","A",
"1","22","1992-11","5.203404674","A",
"1","23","1992-11","4.839737306","A",
"1","25","1992-11","5.728595417","A",
"2","Total","1992-11","3.232270503","A",
"2","2","1992-11","2.756343364","A",
"2","10","1992-11","3.47272491","A",
"2","11","1992-11","3.330278532","A",
"2","24","1992-11","5.120237297","A",
"2","26","1992-11","4.385937933","A",
"3","Total","1992-11","2.672351646","A",
"3","12","1992-11","4.208523814","A",
"3","13","1992-11","2.438634876","A",
"3","19","1992-11","2.201337087","A",
"4","Total","1992-11","2.883215765","A",
"4","1","1992-11","2.883215765","A",
"5","Total","1992-11","2.164546675","A",
"5","8","1992-11","1.562188061","A",
"5","14","1992-11","3.119427218","A",
"5","15","1992-11","1.923151039","A",
"5","16","1992-11","1.431911163","A",
"5","17","1992-11","2.610860888","A",
"5","18","1992-11","1.301046858","A",
"5","20","1992-11","1.860525874","A",
"6","Total","1992-11","2.3362241","A",
"6","3","1992-11","2.61243328","A",
"6","4","1992-11","1.339148596","A",
"6","5","1992-11","1.580362003","A",
"6","6","1992-11","1.330176196","A",
"6","7","1992-11","2.714697406","A",
"6","9","1992-11","2.787631982","A",
"7","Total","1992-11","5.437932123","A",
"7","21","1992-11","5.437932123","A",
"Total","Total","1992-10","3.011638682","A",
"1","Total","1992-10","4.860633759","A",
"1","22","1992-10","4.807116801","A",
"1","23","1992-10","4.191171666","A",
"1","25","1992-10","5.340832986","A",
"2","Total","1992-10","2.919887291","A",
"2","2","1992-10","2.403928637","A",
"2","10","1992-10","3.116357629","A",
"2","11","1992-10","3.045527444","A",
"2","24","1992-10","4.986051767","A",
"2","26","1992-10","4.259834528","A",
"3","Total","1992-10","2.44472679","A",
"3","12","1992-10","3.949373477","A",
"3","13","1992-10","2.288515898","A",
"3","19","1992-10","1.950131262","A",
"4","Total","1992-10","2.649290204","A",
"4","1","1992-10","2.649290204","A",
"5","Total","1992-10","1.928655181","A",
"5","8","1992-10","1.507286884","A",
"5","14","1992-10","2.842617977","A",
"5","15","1992-10","1.661078352","A",
"5","16","1992-10","1.037405026","A",
"5","17","1992-10","2.34400747","A",
"5","18","1992-10","1.083648283","A",
"5","20","1992-10","1.669248139","A",
"6","Total","1992-10","2.063366922","A",
"6","3","1992-10","2.293586062","A",
"6","4","1992-10","0.90300387","A",
"6","5","1992-10","1.417052259","A",
"6","6","1992-10","1.072498085","A",
"6","7","1992-10","2.253602305","A",
"6","9","1992-10","2.663783875","A",
"7","Total","1992-10","4.896434002","A",
"7","21","1992-10","4.896434002","A",
"Total","Total","1992-09","2.818581026","A",
"1","Total","1992-09","4.54527158","A",
"1","22","1992-09","4.540299768","A",
"1","23","1992-09","3.724759851","A",
"1","25","1992-09","5.040426296","A",
"2","Total","1992-09","2.781076672","A",
"2","2","1992-09","2.245483299","A",
"2","10","1992-09","2.908476715","A",
"2","11","1992-09","2.885968645","A",
"2","24","1992-09","5.043728004","A",
"2","26","1992-09","4.213699136","A",
"3","Total","1992-09","2.250558607","A",
"3","12","1992-09","3.624222306","A",
"3","13","1992-09","2.130411869","A",
"3","19","1992-09","1.788746125","A",
"4","Total","1992-09","2.42867994","A",
"4","1","1992-09","2.42867994","A",
"5","Total","1992-09","1.846399639","A",
"5","8","1992-09","1.432421641","A",
"5","14","1992-09","2.688243592","A",
"5","15","1992-09","1.676494392","A",
"5","16","1992-09","0.978959673","A",
"5","17","1992-09","2.282672379","A",
"5","18","1992-09","0.919763203","A",
"5","20","1992-09","1.611398287","A",
"6","Total","1992-09","1.915851585","A",
"6","3","1992-09","2.156182289","A",
"6","4","1992-09","0.755574667","A",
"6","5","1992-09","1.335397387","A",
"6","6","1992-09","0.919284073","A",
"6","7","1992-09","2.155619597","A",
"6","9","1992-09","2.382501732","A",
"7","Total","1992-09","4.568666265","A",
"7","21","1992-09","4.568666265","A",
"Total","Total","1992-08","2.6189519","A",
"1","Total","1992-08","4.279915284","A",
"1","22","1992-08","4.245131455","A",
"1","23","1992-08","3.452754362","A",
"1","25","1992-08","4.8249488","A",
"2","Total","1992-08","2.568115082","A",
"2","2","1992-08","2.040614485","A",
"2","10","1992-08","2.703379921","A",
"2","11","1992-08","2.666677577","A",
"2","24","1992-08","4.838918512","A",
"2","26","1992-08","3.853843078","A",
"3","Total","1992-08","2.114342158","A",
"3","12","1992-08","3.507750245","A",
"3","13","1992-08","2.003449542","A",
"3","19","1992-08","1.640870603","A",
"4","Total","1992-08","2.224865107","A",
"4","1","1992-08","2.224865107","A",
"5","Total","1992-08","1.688018175","A",
"5","8","1992-08","1.377520463","A",
"5","14","1992-08","2.491283171","A",
"5","15","1992-08","1.58785216","A",
"5","16","1992-08","0.876680304","A",
"5","17","1992-08","2.041909261","A",
"5","18","1992-08","0.858445656","A",
"5","20","1992-08","1.513426764","A",
"6","Total","1992-08","1.703971519","A",
"6","3","1992-08","1.919542457","A",
"6","4","1992-08","0.651145648","A",
"6","5","1992-08","1.274156233","A",
"6","6","1992-08","0.724284421","A",
"6","7","1992-08","1.740634006","A",
"6","9","1992-08","2.10541783","A",
"7","Total","1992-08","4.424505838","A",
"7","21","1992-08","4.424505838","A",
"Total","Total","1992-07","2.48934483","A",
"1","Total","1992-07","4.103733566","A",
"1","22","1992-07","3.981779578","A",
"1","23","1992-07","3.25181337","A",
"1","25","1992-07","4.797771458","A",
"2","Total","1992-07","2.390983242","A",
"2","2","1992-07","1.87429734","A",
"2","10","1992-07","2.543757076","A",
"2","11","1992-07","2.519392531","A",
"2","24","1992-07","4.63999435","A",
"2","26","1992-07","3.398640544","A",
"3","Total","1992-07","2.052208339","A",
"3","12","1992-07","3.425249202","A",
"3","13","1992-07","1.919606497","A",
"3","19","1992-07","1.596325385","A",
"4","Total","1992-07","2.120461072","A",
"4","1","1992-07","2.120461072","A",
"5","Total","1992-07","1.612880901","A",
"5","8","1992-07","1.327610301","A",
"5","14","1992-07","2.251736712","A",
"5","15","1992-07","1.425983736","A",
"5","16","1992-07","0.876680304","A",
"5","17","1992-07","2.00666447","A",
"5","18","1992-07","0.760337581","A",
"5","20","1992-07","1.445313229","A",
"6","Total","1992-07","1.55214467","A",
"6","3","1992-07","1.751017316","A",
"6","4","1992-07","0.540573745","A",
"6","5","1992-07","1.087030484","A",
"6","6","1992-07","0.584998955","A",
"6","7","1992-07","1.763688761","A",
"6","9","1992-07","1.975272361","A",
"7","Total","1992-07","4.28966922","A",
"7","21","1992-07","4.28966922","A",
"Total","Total","1992-06","2.338780843","A",
"1","Total","1992-06","3.904329302","A",
"1","22","1992-06","3.733548383","A",
"1","23","1992-06","3.150526041","A",
"1","25","1992-06","4.61529502","A",
"2","Total","1992-06","2.209343022","A",
"2","2","1992-06","1.726145903","A",
"2","10","1992-06","2.340516361","A",
"2","11","1992-06","2.300101463","A",
"2","24","1992-06","4.396341679","A",
"2","26","1992-06","3.081844185","A",
"3","Total","1992-06","2.028509864","A",
"3","12","1992-06","3.475720428","A",
"3","13","1992-06","1.886069278","A",
"3","19","1992-06","1.549224292","A",
"4","Total","1992-06","1.96324978","A",
"4","1","1992-06","1.96324978","A",
"5","Total","1992-06","1.499384072","A",
"5","8","1992-06","1.287682172","A",
"5","14","1992-06","2.28367624","A",
"5","15","1992-06","1.456815817","A",
"5","16","1992-06","0.628287551","A",
"5","17","1992-06","1.812589256","A",
"5","18","1992-06","0.765911903","A",
"5","20","1992-06","1.30535391","A",
"6","Total","1992-06","1.433886028","A",
"6","3","1992-06","1.625357455","A",
"6","4","1992-06","0.479144911","A",
"6","5","1992-06","1.017283615","A",
"6","6","1992-06","0.571070409","A",
"6","7","1992-06","1.613832853","A",
"6","9","1992-06","1.784252398","A",
"7","Total","1992-06","3.918151304","A",
"7","21","1992-06","3.918151304","A",
"Total","Total","1992-05","2.26746106","A",
"1","Total","1992-05","3.812368019","A",
"1","22","1992-05","3.619828254","A",
"1","23","1992-05","3.223224204","A",
"1","25","1992-05","4.459025304","A",
"2","Total","1992-05","2.130209106","A",
"2","2","1992-05","1.656107008","A",
"2","10","1992-05","2.272769456","A",
"2","11","1992-05","2.206002684","A",
"2","24","1992-05","4.280989206","A",
"2","26","1992-05","2.97727063","A",
"3","Total","1992-05","1.962990548","A",
"3","12","1992-05","3.431072805","A",
"3","13","1992-05","1.779868087","A",
"3","19","1992-05","1.494455581","A",
"4","Total","1992-05","1.863082431","A",
"4","1","1992-05","1.863082431","A",
"5","Total","1992-05","1.482379321","A",
"5","8","1992-05","1.252745059","A",
"5","14","1992-05","2.24375183","A",
"5","15","1992-05","1.210159171","A",
"5","16","1992-05","0.672121566","A",
"5","17","1992-05","1.775971292","A",
"5","18","1992-05","0.878513217","A",
"5","20","1992-05","1.28296042","A",
"6","Total","1992-05","1.359666412","A",
"6","3","1992-05","1.579556198","A",
"6","4","1992-05","0.503716444","A",
"6","5","1992-05","0.956042461","A",
"6","6","1992-05","0.564106136","A",
"6","7","1992-05","1.389048991","A",
"6","9","1992-05","1.593232436","A",
"7","Total","1992-05","3.91528244","A",
"7","21","1992-05","3.91528244","A",
"Total","Total","1992-04","2.190039197","A",
"1","Total","1992-04","3.637115202","A",
"1","22","1992-04","3.512723424","A",
"1","23","1992-04","3.070476377","A",
"1","25","1992-04","4.16541295","A",
"2","Total","1992-04","2.076583123","A",
"2","2","1992-04","1.623408734","A",
"2","10","1992-04","2.110362492","A",
"2","11","1992-04","2.075082643","A",
"2","24","1992-04","4.299822263","A",
"2","26","1992-04","3.066465721","A",
"3","Total","1992-04","1.887314744","A",
"3","12","1992-04","3.331100952","A",
"3","13","1992-04","1.759106952","A",
"3","19","1992-04","1.40280927","A",
"4","Total","1992-04","1.817084131","A",
"4","1","1992-04","1.817084131","A",
"5","Total","1992-04","1.425433176","A",
"5","8","1992-04","1.182870833","A",
"5","14","1992-04","2.086715818","A",
"5","15","1992-04","1.20245115","A",
"5","16","1992-04","0.657510228","A",
"5","17","1992-04","1.733860632","A",
"5","18","1992-04","0.830574044","A",
"5","20","1992-04","1.211114636","A",
"6","Total","1992-04","1.334413265","A",
"6","3","1992-04","1.542562874","A",
"6","4","1992-04","0.595859697","A",
"6","5","1992-04","0.956042461","A",
"6","6","1992-04","0.557141862","A",
"6","7","1992-04","1.354466859","A",
"6","9","1992-04","1.536556183","A",
"7","Total","1992-04","3.796224575","A",
"7","21","1992-04","3.796224575","A",
"Total","Total","1992-03","2.093013367","A",
"1","Total","1992-03","3.441116912","A",
"1","22","1992-03","3.29977382","A",
"1","23","1992-03","2.921812716","A",
"1","25","1992-03","3.967406602","A",
"2","Total","1992-03","1.97324633","A",
"2","2","1992-03","1.526726802","A",
"2","10","1992-03","1.956307886","A",
"2","11","1992-03","2.040716133","A",
"2","24","1992-03","4.123262356","A",
"2","26","1992-03","2.961892166","A",
"3","Total","1992-03","1.812634673","A",
"3","12","1992-03","3.209775888","A",
"3","13","1992-03","1.680054937","A",
"3","19","1992-03","1.347675433","A",
"4","Total","1992-03","1.698305628","A",
"4","1","1992-03","1.698305628","A",
"5","Total","1992-03","1.383119027","A",
"5","8","1992-03","1.147933719","A",
"5","14","1992-03","2.046791408","A",
"5","15","1992-03","1.17161907","A",
"5","16","1992-03","0.657510228","A",
"5","17","1992-03","1.658793804","A",
"5","18","1992-03","0.840607824","A",
"5","20","1992-03","1.184055834","A",
"6","Total","1992-03","1.314703491","A",
"6","3","1992-03","1.506743942","A",
"6","4","1992-03","0.767860434","A",
"6","5","1992-03","0.935628743","A",
"6","6","1992-03","0.647677415","A",
"6","7","1992-03","1.4870317","A",
"6","9","1992-03","1.421104557","A",
"7","Total","1992-03","3.839974754","A",
"7","21","1992-03","3.839974754","A",
"Total","Total","1992-02","2.000764279","A",
"1","Total","1992-02","3.275153114","A",
"1","22","1992-02","3.107300139","A",
"1","23","1992-02","2.902208717","A",
"1","25","1992-02","3.755326274","A",
"2","Total","1992-02","1.868011271","A",
"2","2","1992-02","1.431054075","A",
"2","10","1992-02","1.908977857","A",
"2","11","1992-02","1.854155075","A",
"2","24","1992-02","3.925515261","A",
"2","26","1992-02","3.066465721","A",
"3","Total","1992-02","1.706688546","A",
"3","12","1992-02","3.064185812","A",
"3","13","1992-02","1.628152099","A",
"3","19","1992-02","1.231930889","A",
"4","Total","1992-02","1.576954852","A",
"4","1","1992-02","1.576954852","A",
"5","Total","1992-02","1.366905195","A",
"5","8","1992-02","1.013176283","A",
"5","14","1992-02","2.171887892","A",
"5","15","1992-02","1.133078969","A",
"5","16","1992-02","0.672121566","A",
"5","17","1992-02","1.611648175","A",
"5","18","1992-02","0.89412132","A",
"5","20","1992-02","1.148599474","A",
"6","Total","1992-02","1.2916061","A",
"6","3","1992-02","1.47620977","A",
"6","4","1992-02","0.718717366","A",
"6","5","1992-02","0.950939031","A",
"6","6","1992-02","0.591963229","A",
"6","7","1992-02","1.331412104","A",
"6","9","1992-02","1.444194882","A",
"7","Total","1992-02","3.918151304","A",
"7","21","1992-02","3.918151304","A",
"Total","Total","1992-01","1.860941057","A",
"1","Total","1992-01","3.128076987","A",
"1","22","1992-01","2.960503519","A",
"1","23","1992-01","2.802555055","A",
"1","25","1992-01","3.579644171","A",
"2","Total","1992-01","1.737624203","A",
"2","2","1992-01","1.29339838","A",
"2","10","1992-01","1.768843848","A",
"2","11","1992-01","1.679049521","A",
"2","24","1992-01","3.880786751","A",
"2","26","1992-01","3.023406022","A",
"3","Total","1992-01","1.595564601","A",
"3","12","1992-01","2.929272341","A",
"3","13","1992-01","1.517159877","A",
"3","19","1992-01","1.129695961","A",
"4","Total","1992-01","1.382823872","A",
"4","1","1992-01","1.382823872","A",
"5","Total","1992-01","1.241940044","A",
"5","8","1992-01","0.87342783","A",
"5","14","1992-01","2.081392563","A",
"5","15","1992-01","1.036728716","A",
"5","16","1992-01","0.657510228","A",
"5","17","1992-01","1.426269728","A",
"5","18","1992-01","0.861790249","A",
"5","20","1992-01","1.04596264","A",
"6","Total","1992-01","1.187205893","A",
"6","3","1992-01","1.334695627","A",
"6","4","1992-01","0.780146201","A",
"6","5","1992-01","0.89650245","A",
"6","6","1992-01","0.508391949","A",
"6","7","1992-01","1.135446686","A",
"6","9","1992-01","1.381221268","A",
"7","Total","1992-01","3.772556445","A",
"7","21","1992-01","3.772556445","A",
"Total","Total","1991-12","1.617465312","A",
"1","Total","1991-12","2.765495631","A",
"1","22","1991-12","2.547204879","A",
"1","23","1991-12","2.322257074","A",
"1","25","1991-12","3.365137294","A",
"2","Total","1991-12","1.512917099","A",
"2","2","1991-12","1.098621626","A",
"2","10","1991-12","1.520129183","A",
"2","11","1991-12","1.382842929","A",
"2","24","1991-12","3.539437598","A",
"2","26","1991-12","2.995724787","A",
"3","Total","1991-12","1.392036516","A",
"3","12","1991-12","2.610915373","A",
"3","13","1991-12","1.325518629","A",
"3","19","1991-12","0.963929326","A",
"4","Total","1991-12","1.170233048","A",
"4","1","1991-12","1.170233048","A",
"5","Total","1991-12","1.042826269","A",
"5","8","1991-12","0.778598523","A",
"5","14","1991-12","1.815229832","A",
"5","15","1991-12","0.832466181","A",
"5","16","1991-12","0.409117475","A",
"5","17","1991-12","1.243179904","A",
"5","18","1991-12","0.608716011","A",
"5","20","1991-12","0.867747775","A",
"6","Total","1991-12","1.000271009","A",
"6","3","1991-12","1.147967422","A",
"6","4","1991-12","0.589716813","A",
"6","5","1991-12","0.729790419","A",
"6","6","1991-12","0.431784943","A",
"6","7","1991-12","0.887608069","A",
"6","9","1991-12","1.158714499","A",
"7","Total","1991-12","3.38454256","A",
"7","21","1991-12","3.38454256","A",
"Total","Total","1991-11","1.430261235","A",
"1","Total","1991-11","2.513763229","A",
"1","22","1991-11","2.295823542","A",
"1","23","1991-11","2.096811083","A",
"1","25","1991-11","3.097246353","A",
"2","Total","1991-11","1.288091354","A",
"2","2","1991-11","0.910707474","A",
"2","10","1991-11","1.318744548","A",
"2","11","1991-11","1.153732858","A",
"2","24","1991-11","3.18749485","A",
"2","26","1991-11","2.479008397","A",
"3","Total","1991-11","1.215194108","A",
"3","12","1991-11","2.341088431","A",
"3","13","1991-11","1.16901161","A",
"3","19","1991-11","0.812767682","A",
"4","Total","1991-11","1.03980366","A",
"4","1","1991-11","1.03980366","A",
"5","Total","1991-11","0.918058848","A",
"5","8","1991-11","0.648832102","A",
"5","14","1991-11","1.586329882","A",
"5","15","1991-11","0.705283848","A",
"5","16","1991-11","0.36528346","A",
"5","17","1991-11","1.097623494","A",
"5","18","1991-11","0.547398464","A",
"5","20","1991-11","0.765110941","A",
"6","Total","1991-11","0.84906009","A",
"6","3","1991-11","0.95419287","A",
"6","4","1991-11","0.491430678","A",
"6","5","1991-11","0.598802395","A",
"6","6","1991-11","0.334285117","A",
"6","7","1991-11","0.760806916","A",
"6","9","1991-11","1.091542644","A",
"7","Total","1991-11","3.106979947","A",
"7","21","1991-11","3.106979947","A",
"Total","Total","1991-10","1.261611899","A",
"1","Total","1991-10","2.27008131","A",
"1","22","1991-10","2.076258639","A",
"1","23","1991-10","1.791315428","A",
"1","25","1991-10","2.853135586","A",
"2","Total","1991-10","1.110366306","A",
"2","2","1991-10","0.755087912","A",
"2","10","1991-10","1.181394658","A",
"2","11","1991-10","0.963080549","A",
"2","24","1991-10","2.906176066","A",
"2","26","1991-10","2.149909267","A",
"3","Total","1991-10","1.060257855","A",
"3","12","1991-10","2.083879296","A",
"3","13","1991-10","1.062810419","A",
"3","19","1991-10","0.674020279","A",
"4","Total","1991-10","0.918301573","A",
"4","1","1991-10","0.918301573","A",
"5","Total","1991-10","0.786964078","A",
"5","8","1991-10","0.598921941","A",
"5","14","1991-10","1.447925262","A",
"5","15","1991-10","0.520291363","A",
"5","16","1991-10","0.336060783","A",
"5","17","1991-10","0.956186605","A",
"5","18","1991-10","0.454864711","A",
"5","20","1991-10","0.616754063","A",
"6","Total","1991-10","0.718174875","A",
"6","3","1991-10","0.819137879","A",
"6","4","1991-10","0.350144358","A",
"6","5","1991-10","0.523952096","A",
"6","6","1991-10","0.250713838","A",
"6","7","1991-10","0.541786744","A",
"6","9","1991-10","0.927811247","A",
"7","Total","1991-10","2.843761655","A",
"7","21","1991-10","2.843761655","A",
"Total","Total","1991-09","1.148792451","A",
"1","Total","1991-09","2.063400648","A",
"1","22","1991-09","1.87338949","A",
"1","23","1991-09","1.547082271","A",
"1","25","1991-09","2.662894193","A",
"2","Total","1991-09","1.010944683","A",
"2","2","1991-09","0.690700571","A",
"2","10","1991-09","1.058893405","A",
"2","11","1991-09","0.812522502","A",
"2","24","1991-09","2.706074838","A",
"2","26","1991-09","2.048411405","A",
"3","Total","1991-09","0.960883575","A",
"3","12","1991-09","1.858699978","A",
"3","13","1991-09","1.021288149","A",
"3","19","1991-09","0.595518459","A",
"4","Total","1991-09","0.833113934","A",
"4","1","1991-09","0.833113934","A",
"5","Total","1991-09","0.7444522","A",
"5","8","1991-09","0.688760232","A",
"5","14","1991-09","1.426632243","A",
"5","15","1991-09","0.597371565","A",
"5","16","1991-09","0.336060783","A",
"5","17","1991-09","0.89347834","A",
"5","18","1991-09","0.384628248","A",
"5","20","1991-09","0.574766268","A",
"6","Total","1991-09","0.643955259","A",
"6","3","1991-09","0.755720753","A",
"6","4","1991-09","0.239572455","A",
"6","5","1991-09","0.44569951","A",
"6","6","1991-09","0.257678111","A",
"6","7","1991-09","0.42074928","A",
"6","9","1991-09","0.824954344","A",
"7","Total","1991-09","2.560461313","A",
"7","21","1991-09","2.560461313","A",
"Total","Total","1991-08","1.090339497","A",
"1","Total","1991-08","1.992184839","A",
"1","22","1991-08","1.756204205","A",
"1","23","1991-08","1.42047311","A",
"1","25","1991-08","2.695409941","A",
"2","Total","1991-08","0.943674922","A",
"2","2","1991-08","0.627726118","A",
"2","10","1991-08","0.99485866","A",
"2","11","1991-08","0.760972736","A",
"2","24","1991-08","2.549525054","A",
"2","26","1991-08","2.079168333","A",
"3","Total","1991-08","0.950727085","A",
"3","12","1991-08","1.913053606","A",
"3","13","1991-08","1.024482169","A",
"3","19","1991-08","0.554989612","A",
"4","Total","1991-08","0.784845981","A",
"4","1","1991-08","0.784845981","A",
"5","Total","1991-08","0.69086746","A",
"5","8","1991-08","0.454182472","A",
"5","14","1991-08","1.304197386","A",
"5","15","1991-08","0.543415424","A",
"5","16","1991-08","0.306838106","A",
"5","17","1991-08","0.833974148","A",
"5","18","1991-08","0.350067449","A",
"5","20","1991-08","0.573833206","A",
"6","Total","1991-08","0.562652443","A",
"6","3","1991-08","0.658833477","A",
"6","4","1991-08","0.184286504","A",
"6","5","1991-08","0.396366358","A",
"6","6","1991-08","0.306428024","A",
"6","7","1991-08","0.403458213","A",
"6","9","1991-08","0.688511514","A",
"7","Total","1991-08","2.427776343","A",
"7","21","1991-08","2.427776343","A",
"Total","Total","1991-07","1.036525227","A",
"1","Total","1991-07","1.931186951","A",
"1","22","1991-07","1.648469346","A",
"1","23","1991-07","1.379631445","A",
"1","25","1991-07","2.694439322","A",
"2","Total","1991-07","0.875693312","A",
"2","2","1991-07","0.587963402","A",
"2","10","1991-07","0.94752863","A",
"2","11","1991-07","0.684875462","A",
"2","24","1991-07","2.362371553","A",
"2","26","1991-07","1.854642758","A",
"3","Total","1991-07","0.918067001","A",
"3","12","1991-07","1.811140553","A",
"3","13","1991-07","1.030071706","A",
"3","19","1991-07","0.530891379","A",
"4","Total","1991-07","0.738545062","A",
"4","1","1991-07","0.738545062","A",
"5","Total","1991-07","0.648751041","A",
"5","8","1991-07","0.444200439","A",
"5","14","1991-07","1.272257858","A",
"5","15","1991-07","0.547269434","A",
"5","16","1991-07","0.263004091","A",
"5","17","1991-07","0.778131751","A",
"5","18","1991-07","0.350067449","A",
"5","20","1991-07","0.503853547","A",
"6","Total","1991-07","0.532471852","A",
"6","3","1991-07","0.613619415","A",
"6","4","1991-07","0.15971497","A",
"6","5","1991-07","0.409975504","A",
"6","6","1991-07","0.306428024","A",
"6","7","1991-07","0.345821326","A",
"6","9","1991-07","0.657024707","A",
"7","Total","1991-07","2.283615916","A",
"7","21","1991-07","2.283615916","A",
"Total","Total","1991-06","0.973378365","A",
"1","Total","1991-06","1.873595036","A",
"1","22","1991-06","1.536324288","A",
"1","23","1991-06","1.451512775","A",
"1","25","1991-06","2.643967115","A",
"2","Total","1991-06","0.793356073","A",
"2","2","1991-06","0.530438661","A",
"2","10","1991-06","0.915047237","A",
"2","11","1991-06","0.58095768","A",
"2","24","1991-06","2.142260202","A",
"2","26","1991-06","1.67010119","A",
"3","Total","1991-06","0.883614595","A",
"3","12","1991-06","1.782022537","A",
"3","13","1991-06","1.00611655","A",
"3","19","1991-06","0.489632283","A",
"4","Total","1991-06","0.680895877","A",
"4","1","1991-06","0.680895877","A",
"5","Total","1991-06","0.588641221","A",
"5","8","1991-06","0.3393891","A",
"5","14","1991-06","1.192409039","A",
"5","15","1991-06","0.493313292","A",
"5","16","1991-06","0.204558738","A",
"5","17","1991-06","0.70672672","A",
"5","18","1991-06","0.336689075","A",
"5","20","1991-06","0.441338384","A",
"6","Total","1991-06","0.480117766","A",
"6","3","1991-06","0.591893177","A",
"6","4","1991-06","0.135143436","A",
"6","5","1991-06","0.27898748","A",
"6","6","1991-06","0.306428024","A",
"6","7","1991-06","0.345821326","A",
"6","9","1991-06","0.547870442","A",
"7","Total","1991-06","2.145193218","A",
"7","21","1991-06","2.145193218","A",
"Total","Total","1991-05","0.967690454","A",
"1","Total","1991-05","1.857803704","A",
"1","22","1991-05","1.517108422","A",
"1","23","1991-05","1.498072273","A",
"1","25","1991-05","2.596406767","A",
"2","Total","1991-05","0.808660833","A",
"2","2","1991-05","0.522365014","A",
"2","10","1991-05","1.12664031","A",
"2","11","1991-05","0.570320427","A",
"2","24","1991-05","2.059865579","A",
"2","26","1991-05","1.743917817","A",
"3","Total","1991-05","0.880627392","A",
"3","12","1991-05","1.798522746","A",
"3","13","1991-05","1.025280675","A",
"3","19","1991-05","0.469185297","A",
"4","Total","1991-05","0.668488441","A",
"4","1","1991-05","0.668488441","A",
"5","Total","1991-05","0.563331824","A",
"5","8","1991-05","0.324416051","A",
"5","14","1991-05","1.139176493","A",
"5","15","1991-05","0.427795121","A",
"5","16","1991-05","0.204558738","A",
"5","17","1991-05","0.67560145","A",
"5","18","1991-05","0.376824197","A",
"5","20","1991-05","0.389086905","A",
"6","Total","1991-05","0.467491192","A",
"6","3","1991-05","0.586021221","A",
"6","4","1991-05","0.116714786","A",
"6","5","1991-05","0.248366903","A",
"6","6","1991-05","0.243749565","A",
"6","7","1991-05","0.357348703","A",
"6","9","1991-05","0.541573081","A",
"7","Total","1991-05","2.168861348","A",
"7","21","1991-05","2.168861348","A",
"Total","Total","1991-04","0.929393691","A",
"1","Total","1991-04","1.827769211","A",
"1","22","1991-04","1.501357711","A",
"1","23","1991-04","1.473567274","A",
"1","25","1991-04","2.541081464","A",
"2","Total","1991-04","0.768441347","A",
"2","2","1991-04","0.48805201","A",
"2","10","1991-04","1.066317724","A",
"2","11","1991-04","0.511406409","A",
"2","24","1991-04","2.057511447","A",
"2","26","1991-04","1.651647033","A",
"3","Total","1991-04","0.85035707","A",
"3","12","1991-04","1.762610527","A",
"3","13","1991-04","1.051631346","A",
"3","19","1991-04","0.415146835","A",
"4","Total","1991-04","0.61310891","A",
"4","1","1991-04","0.61310891","A",
"5","Total","1991-04","0.529124591","A",
"5","8","1991-04","0.279496906","A",
"5","14","1991-04","1.17111602","A",
"5","15","1991-04","0.431649131","A",
"5","16","1991-04","0.248392753","A",
"5","17","1991-04","0.612893185","A",
"5","18","1991-04","0.376824197","A",
"5","20","1991-04","0.348965234","A",
"6","Total","1991-04","0.441314149","A",
"6","3","1991-04","0.541394355","A",
"6","4","1991-04","0.104429019","A",
"6","5","1991-04","0.250068046","A",
"6","6","1991-04","0.194999652","A",
"6","7","1991-04","0.386167147","A",
"6","9","1991-04","0.528978358","A",
"7","Total","1991-04","2.112918496","A",
"7","21","1991-04","2.112918496","A",
"Total","Total","1991-03","0.891014094","A",
"1","Total","1991-03","1.795102829","A",
"1","22","1991-03","1.488442129","A",
"1","23","1991-03","1.538097105","A",
"1","25","1991-03","2.420239355","A",
"2","Total","1991-03","0.712917099","A",
"2","2","1991-03","0.460197925","A",
"2","10","1991-03","1.002282978","A",
"2","11","1991-03","0.461493143","A",
"2","24","1991-03","1.959814965","A",
"2","26","1991-03","1.291790976","A",
"3","Total","1991-03","0.816302958","A",
"3","12","1991-03","1.753875123","A",
"3","13","1991-03","1.002922529","A",
"3","19","1991-03","0.378269236","A",
"4","Total","1991-03","0.577853635","A",
"4","1","1991-03","0.577853635","A",
"5","Total","1991-03","0.486217253","A",
"5","8","1991-03","0.274505889","A",
"5","14","1991-03","1.10191371","A",
"5","15","1991-03","0.373838979","A",
"5","16","1991-03","0.248392753","A",
"5","17","1991-03","0.531875938","A",
"5","18","1991-03","0.428107963","A",
"5","20","1991-03","0.307910501","A",
"6","Total","1991-03","0.423760132","A",
"6","3","1991-03","0.537283985","A",
"6","4","1991-03","0.104429019","A",
"6","5","1991-03","0.214344039","A",
"6","6","1991-03","0.153214012","A",
"6","7","1991-03","0.282420749","A",
"6","9","1991-03","0.518482756","A",
"7","Total","1991-03","2.089250366","A",
"7","21","1991-03","2.089250366","A",
"Total","Total","1991-02","0.853076277","A",
"1","Total","1991-02","1.760733461","A",
"1","22","1991-02","1.427329373","A",
"1","23","1991-02","1.6655231","A",
"1","25","1991-02","2.330942374","A",
"2","Total","1991-02","0.668307875","A",
"2","2","1991-02","0.43052727","A",
"2","10","1991-02","0.927111755","A",
"2","11","1991-02","0.399306124","A",
"2","24","1991-02","1.900961663","A",
"2","26","1991-02","1.224125734","A",
"3","Total","1991-02","0.759745251","A",
"3","12","1991-02","1.67234468","A",
"3","13","1991-02","0.911094431","A",
"3","19","1991-02","0.347233632","A",
"4","Total","1991-02","0.507191774","A",
"4","1","1991-02","0.507191774","A",
"5","Total","1991-02","0.473958014","A",
"5","8","1991-02","0.264523857","A",
"5","14","1991-02","1.18176253","A",
"5","15","1991-02","0.319882838","A",
"5","16","1991-02","0.204558738","A",
"5","17","1991-02","0.489307554","A",
"5","18","1991-02","0.459324169","A",
"5","20","1991-02","0.300446004","A",
"6","Total","1991-02","0.396659193","A",
"6","3","1991-02","0.514383357","A",
"6","4","1991-02","0.092143252","A",
"6","5","1991-02","0.197332608","A",
"6","6","1991-02","0.215892472","A",
"6","7","1991-02","0.207492795","A",
"6","9","1991-02","0.44921178","A",
"7","Total","1991-02","2.178902373","A",
"7","21","1991-02","2.178902373","A",
"Total","Total","1991-01","0.796197162","A",
"1","Total","1991-01","1.659637976","A",
"1","22","1991-01","1.336290267","A",
"1","23","1991-01","1.618963602","A",
"1","25","1991-01","2.181952304","A",
"2","Total","1991-01","0.625834198","A",
"2","2","1991-01","0.396012425","A",
"2","10","1991-01","0.85750877","A",
"2","11","1991-01","0.358393611","A",
"2","24","1991-01","1.843285427","A",
"2","26","1991-01","1.184141728","A",
"3","Total","1991-01","0.717526118","A",
"3","12","1991-01","1.611196847","A",
"3","13","1991-01","0.857594583","A",
"3","19","1991-01","0.317293403","A",
"4","Total","1991-01","0.455443687","A",
"4","1","1991-01","0.455443687","A",
"5","Total","1991-01","0.429271109","A",
"5","8","1991-01","0.284487922","A",
"5","14","1991-01","1.069974182","A",
"5","15","1991-01","0.289050757","A",
"5","16","1991-01","0.160724722","A",
"5","17","1991-01","0.430261086","A",
"5","18","1991-01","0.455979576","A",
"5","20","1991-01","0.258458208","A",
"6","Total","1991-01","0.358163542","A",
"6","3","1991-01","0.466233316","A",
"6","4","1991-01","0.116714786","A",
"6","5","1991-01","0.178620033","A",
"6","6","1991-01","0.222856745","A",
"6","7","1991-01","0.195965418","A",
"6","9","1991-01","0.375742564","A",
"7","Total","1991-01","2.075623261","A",
"7","21","1991-01","2.075623261","A",
"Total","Total","1990-12","0.694173701","A",
"1","Total","1990-12","1.443513478","A",
"1","22","1990-12","1.165552566","A",
"1","23","1990-12","1.319185781","A",
"1","25","1990-12","1.945606492","A",
"2","Total","1990-12","0.53815809","A",
"2","2","1990-12","0.354836821","A",
"2","10","1990-12","0.646843737","A",
"2","11","1990-12","0.306025595","A",
"2","24","1990-12","1.61611168","A",
"2","26","1990-12","1.027281395","A",
"3","Total","1990-12","0.63448188","A",
"3","12","1990-12","1.452988964","A",
"3","13","1990-12","0.757781433","A",
"3","19","1990-12","0.270192311","A",
"4","Total","1990-12","0.384933136","A",
"4","1","1990-12","0.384933136","A",
"5","Total","1990-12","0.35729751","A",
"5","8","1990-12","0.204631663","A",
"5","14","1990-12","0.867690506","A",
"5","15","1990-12","0.238948626","A",
"5","16","1990-12","0.058445354","A",
"5","17","1990-12","0.391812223","A",
"5","18","1990-12","0.324425566","A",
"5","20","1990-12","0.211805102","A",
"6","Total","1990-12","0.342457316","A",
"6","3","1990-12","0.450379035","A",
"6","4","1990-12","0.079857485","A",
"6","5","1990-12","0.168413174","A",
"6","6","1990-12","0.188035379","A",
"6","7","1990-12","0.172910663","A",
"6","9","1990-12","0.369445202","A",
"7","Total","1990-12","1.887712655","A",
"7","21","1990-12","1.887712655","A",
"Total","Total","1990-11","0.606480464","A",
"1","Total","1990-11","1.22181557","A",
"1","22","1990-11","1.00710042","A",
"1","23","1990-11","1.027576292","A",
"1","25","1990-11","1.668009357","A",
"2","Total","1990-11","0.477294973","A",
"2","2","1990-11","0.311440964","A",
"2","10","1990-11","0.603225866","A",
"2","11","1990-11","0.279023336","A",
"2","24","1990-11","1.41954165","A",
"2","26","1990-11","0.870421062","A",
"3","Total","1990-11","0.558806075","A",
"3","12","1990-11","1.276339671","A",
"3","13","1990-11","0.680326429","A",
"3","19","1990-11","0.233314712","A",
"4","Total","1990-11","0.34150711","A",
"4","1","1990-11","0.34150711","A",
"5","Total","1990-11","0.299955906","A",
"5","8","1990-11","0.109802356","A",
"5","14","1990-11","0.726624258","A",
"5","15","1990-11","0.231240606","A",
"5","16","1990-11","0.058445354","A",
"5","17","1990-11","0.330477132","A",
"5","18","1990-11","0.278716122","A",
"5","20","1990-11","0.173549555","A",
"6","Total","1990-11","0.284251891","A",
"6","3","1990-11","0.367584453","A",
"6","4","1990-11","0.073714602","A",
"6","5","1990-11","0.147999456","A",
"6","6","1990-11","0.132321192","A",
"6","7","1990-11","0.13832853","A",
"6","9","1990-11","0.325363673","A",
"7","Total","1990-11","1.82674929","A",
"7","21","1990-11","1.82674929","A",
"Total","Total","1990-10","0.515501492","A",
"1","Total","1990-10","0.995937603","A",
"1","22","1990-10","0.837937791","A",
"1","23","1990-10","0.791511468","A",
"1","25","1990-10","1.360808332","A",
"2","Total","1990-10","0.401364378","A",
"2","2","1990-10","0.265623013","A",
"2","10","1990-10","0.486292852","A",
"2","11","1990-10","0.209472065","A",
"2","24","1990-10","1.202961498","A",
"2","26","1990-10","0.815058592","A",
"3","Total","1990-10","0.502049221","A",
"3","12","1990-10","1.12104359","A",
"3","13","1990-10","0.653177252","A",
"3","19","1990-10","0.20008836","A",
"4","Total","1990-10","0.30292301","A",
"4","1","1990-10","0.30292301","A",
"5","Total","1990-10","0.252896245","A",
"5","8","1990-10","0.084847275","A",
"5","14","1990-10","0.628144047","A",
"5","15","1990-10","0.192700505","A",
"5","16","1990-10","0.058445354","A",
"5","17","1990-10","0.292028269","A",
"5","18","1990-10","0.199560743","A",
"5","20","1990-10","0.144624629","A",
"6","Total","1990-10","0.236209318","A",
"6","3","1990-10","0.287138654","A",
"6","4","1990-10","0.055285951","A",
"6","5","1990-10","0.146298312","A",
"6","6","1990-10","0.104464099","A",
"6","7","1990-10","0.132564841","A",
"6","9","1990-10","0.304372468","A",
"7","Total","1990-10","1.638838684","A",
"7","21","1990-10","1.638838684","A",
"Total","Total","1990-09","0.469169863","A",
"1","Total","1990-09","0.871000303","A",
"1","22","1990-09","0.718862421","A",
"1","23","1990-09","0.651016141","A",
"1","25","1990-09","1.236083745","A",
"2","Total","1990-09","0.372890405","A",
"2","2","1990-09","0.245035211","A",
"2","10","1990-09","0.454739499","A",
"2","11","1990-09","0.19228881","A",
"2","24","1990-09","1.113504479","A",
"2","26","1990-09","0.793528742","A",
"3","Total","1990-09","0.464808759","A",
"3","12","1990-09","1.021071737","A",
"3","13","1990-09","0.601274414","A",
"3","19","1990-09","0.19315099","A",
"4","Total","1990-09","0.281890893","A",
"4","1","1990-09","0.281890893","A",
"5","Total","1990-09","0.241823384","A",
"5","8","1990-09","0.099820323","A",
"5","14","1990-09","0.566926619","A",
"5","15","1990-09","0.184992485","A",
"5","16","1990-09","0.043834015","A",
"5","17","1990-09","0.281958329","A",
"5","18","1990-09","0.187297234","A",
"5","20","1990-09","0.144624629","A",
"6","Total","1990-09","0.214343788","A",
"6","3","1990-09","0.264238026","A",
"6","4","1990-09","0.043000184","A",
"6","5","1990-09","0.119080022","A",
"6","6","1990-09","0.104464099","A",
"6","7","1990-09","0.13832853","A",
"6","9","1990-09","0.272885661","A",
"7","Total","1990-09","1.511174226","A",
"7","21","1990-09","1.511174226","A",
"Total","Total","1990-08","0.455115752","A",
"1","Total","1990-08","0.805977174","A",
"1","22","1990-08","0.664679977","A",
"1","23","1990-08","0.606907142","A",
"1","25","1990-08","1.141933668","A",
"2","Total","1990-08","0.365890553","A",
"2","2","1990-08","0.246246258","A",
"2","10","1990-08","0.461235778","A",
"2","11","1990-08","0.183288057","A",
"2","24","1990-08","1.069953035","A",
"2","26","1990-08","0.719712115","A",
"3","Total","1990-08","0.479744773","A",
"3","12","1990-08","1.058925157","A",
"3","13","1990-08","0.648386221","A",
"3","19","1990-08","0.184753121","A",
"4","Total","1990-08","0.282042203","A",
"4","1","1990-08","0.282042203","A",
"5","Total","1990-08","0.240043817","A",
"5","8","1990-08","0.089838291","A",
"5","14","1990-08","0.598866147","A",
"5","15","1990-08","0.127182333","A",
"5","16","1990-08","0.043834015","A",
"5","17","1990-08","0.273719287","A",
"5","18","1990-08","0.190641827","A",
"5","20","1990-08","0.154888312","A",
"6","Total","1990-08","0.20972431","A",
"6","3","1990-08","0.251319722","A",
"6","4","1990-08","0.030714417","A",
"6","5","1990-08","0.125884594","A",
"6","6","1990-08","0.097499826","A",
"6","7","1990-08","0.201729107","A",
"6","9","1990-08","0.262390059","A",
"7","Total","1990-08","1.45236251","A",
"7","21","1990-08","1.45236251","A",
"Total","Total","1990-07","0.443795151","A",
"1","Total","1990-07","0.755197206","A",
"1","22","1990-07","0.641368926","A",
"1","23","1990-07","0.541560478","A",
"1","25","1990-07","1.057489784","A",
"2","Total","1990-07","0.365415987","A",
"2","2","1990-07","0.248466512","A",
"2","10","1990-07","0.4500993","A",
"2","11","1990-07","0.201289562","A",
"2","24","1990-07","1.100556752","A",
"2","26","1990-07","0.562851782","A",
"3","Total","1990-07","0.486515766","A",
"3","12","1990-07","1.065719361","A",
"3","13","1990-07","0.672341377","A",
"3","19","1990-07","0.183657747","A",
"4","Total","1990-07","0.280226481","A",
"4","1","1990-07","0.280226481","A",
"5","Total","1990-07","0.234507386","A",
"5","8","1990-07","0.074865243","A",
"5","14","1990-07","0.500385936","A",
"5","15","1990-07","0.131036343","A",
"5","16","1990-07","0.043834015","A",
"5","17","1990-07","0.273261562","A",
"5","18","1990-07","0.207364795","A",
"5","20","1990-07","0.152089126","A",
"6","Total","1990-07","0.216807509","A",
"6","3","1990-07","0.279505112","A",
"6","4","1990-07","0.036857301","A",
"6","5","1990-07","0.110574306","A",
"6","6","1990-07","0.139285466","A",
"6","7","1990-07","0.144092219","A",
"6","9","1990-07","0.235101492","A",
"7","Total","1990-07","1.384226985","A",
"7","21","1990-07","1.384226985","A",
"Total","Total","1990-06","0.432391717","A",
"1","Total","1990-06","0.757829094","A",
"1","22","1990-06","0.628453343","A",
"1","23","1990-06","0.636313141","A",
"1","25","1990-06","1.029341823","A",
"2","Total","1990-06","0.331484502","A",
"2","2","1990-06","0.223438203","A",
"2","10","1990-06","0.411121629","A",
"2","11","1990-06","0.197198311","A",
"2","24","1990-06","0.992266676","A",
"2","26","1990-06","0.492110848","A",
"3","Total","1990-06","0.492888466","A",
"3","12","1990-06","1.108425783","A",
"3","13","1990-06","0.634811633","A",
"3","19","1990-06","0.196437113","A",
"4","Total","1990-06","0.264944151","A",
"4","1","1990-06","0.264944151","A",
"5","Total","1990-06","0.224225443","A",
"5","8","1990-06","0.084847275","A",
"5","14","1990-06","0.534987091","A",
"5","15","1990-06","0.107912283","A",
"5","16","1990-06","0.029222677","A",
"5","17","1990-06","0.243509466","A",
"5","18","1990-06","0.212939117","A",
"5","20","1990-06","0.152089126","A",
"6","Total","1990-06","0.234361527","A",
"6","3","1990-06","0.294772197","A",
"6","4","1990-06","0.024571534","A",
"6","5","1990-06","0.10717202","A",
"6","6","1990-06","0.160178285","A",
"6","7","1990-06","0.201729107","A",
"6","9","1990-06","0.281282143","A",
"7","Total","1990-06","1.3268497","A",
"7","21","1990-06","1.3268497","A",
"Total","Total","1990-05","0.441199696","A",
"1","Total","1990-05","0.779658288","A",
"1","22","1990-05","0.619632945","A",
"1","23","1990-05","0.740867804","A",
"1","25","1990-05","1.04923952","A",
"2","Total","1990-05","0.335518315","A",
"2","2","1990-05","0.230502645","A",
"2","10","1990-05","0.427826345","A",
"2","11","1990-05","0.19310706","A",
"2","24","1990-05","0.975787751","A",
"2","26","1990-05","0.492110848","A",
"3","Total","1990-05","0.521565613","A",
"3","12","1990-05","1.213250638","A",
"3","13","1990-05","0.661960809","A",
"3","19","1990-05","0.197167362","A",
"4","Total","1990-05","0.270693939","A",
"4","1","1990-05","0.270693939","A",
"5","Total","1990-05","0.237077872","A",
"5","8","1990-05","0.074865243","A",
"5","14","1990-05","0.564264992","A",
"5","15","1990-05","0.115620303","A",
"5","16","1990-05","0.014611338","A",
"5","17","1990-05","0.251748508","A",
"5","18","1990-05","0.251959374","A",
"5","20","1990-05","0.15395525","A",
"6","Total","1990-05","0.216807509","A",
"6","3","1990-05","0.275981938","A",
"6","4","1990-05","0.030714417","A",
"6","5","1990-05","0.093562874","A",
"6","6","1990-05","0.118392646","A",
"6","7","1990-05","0.201729107","A",
"6","9","1990-05","0.256092697","A",
"7","Total","1990-05","1.293857762","A",
"7","21","1990-05","1.293857762","A",
"Total","Total","1990-04","0.459285046","A",
"1","Total","1990-04","0.813563206","A",
"1","22","1990-04","0.635383656","A",
"1","23","1990-04","0.892798798","A",
"1","25","1990-04","1.040989255","A",
"2","Total","1990-04","0.349280736","A",
"2","2","1990-04","0.239383658","A",
"2","10","1990-04","0.475156375","A",
"2","11","1990-04","0.186561058","A",
"2","24","1990-04","0.993443742","A",
"2","26","1990-04","0.535170547","A",
"3","Total","1990-04","0.534111865","A",
"3","12","1990-04","1.255957061","A",
"3","13","1990-04","0.677132408","A",
"3","19","1990-04","0.197167362","A",
"4","Total","1990-04","0.292179987","A",
"4","1","1990-04","0.292179987","A",
"5","Total","1990-04","0.248743922","A",
"5","8","1990-04","0.074865243","A",
"5","14","1990-04","0.572249874","A",
"5","15","1990-04","0.115620303","A",
"5","16","1990-04","0.014611338","A",
"5","17","1990-04","0.251290783","A",
"5","18","1990-04","0.275371529","A",
"5","20","1990-04","0.187545487","A",
"6","Total","1990-04","0.222658848","A",
"6","3","1990-04","0.287138654","A",
"6","4","1990-04","0.030714417","A",
"6","5","1990-04","0.10206859","A",
"6","6","1990-04","0.069642733","A",
"6","7","1990-04","0.190201729","A",
"6","9","1990-04","0.264489179","A",
"7","Total","1990-04","1.320394756","A",
"7","21","1990-04","1.320394756","A",
"Total","Total","1990-03","0.474995831","A",
"1","Total","1990-03","0.845919953","A",
"1","22","1990-03","0.649559295","A",
"1","23","1990-03","1.057799124","A",
"1","25","1990-03","1.022547488","A",
"2","Total","1990-03","0.347619754","A",
"2","2","1990-03","0.249072035","A",
"2","10","1990-03","0.468660096","A",
"2","11","1990-03","0.198834812","A",
"2","24","1990-03","0.944006968","A",
"2","26","1990-03","0.449051149","A",
"3","Total","1990-03","0.557611194","A",
"3","12","1990-03","1.324869697","A",
"3","13","1990-03","0.698692048","A",
"3","19","1990-03","0.204469857","A",
"4","Total","1990-03","0.295962741","A",
"4","1","1990-03","0.295962741","A",
"5","Total","1990-03","0.259025865","A",
"5","8","1990-03","0.109802356","A",
"5","14","1990-03","0.537648718","A",
"5","15","1990-03","0.119474313","A",
"5","16","1990-03","0.014611338","A",
"5","17","1990-03","0.253121681","A",
"5","18","1990-03","0.364560688","A",
"5","20","1990-03","0.162352809","A",
"6","Total","1990-03","0.226046466","A",
"6","3","1990-03","0.294772197","A",
"6","4","1990-03","0.030714417","A",
"6","5","1990-03","0.110574306","A",
"6","6","1990-03","0.076607006","A",
"6","7","1990-03","0.18443804","A",
"6","9","1990-03","0.249795336","A",
"7","Total","1990-03","1.440887053","A",
"7","21","1990-03","1.440887053","A",
"Total","Total","1990-02","0.500563821","A",
"1","Total","1990-02","0.888649439","A",
"1","22","1990-02","0.673500375","A",
"1","23","1990-02","1.212180618","A",
"1","25","1990-02","1.027885894","A",
"2","Total","1990-02","0.351772208","A",
"2","2","1990-02","0.256136477","A",
"2","10","1990-02","0.456595579","A",
"2","11","1990-02","0.222564069","A",
"2","24","1990-02","0.88986193","A",
"2","26","1990-02","0.541321933","A",
"3","Total","1990-02","0.561793278","A",
"3","12","1990-02","1.333605101","A",
"3","13","1990-02","0.677930913","A",
"3","19","1990-02","0.218344597","A",
"4","Total","1990-02","0.312758173","A",
"4","1","1990-02","0.312758173","A",
"5","Total","1990-02","0.293430827","A",
"5","8","1990-02","0.124775404","A",
"5","14","1990-02","0.601527774","A",
"5","15","1990-02","0.115620303","A",
"5","16","1990-02","0.014611338","A",
"5","17","1990-02","0.269599766","A",
"5","18","1990-02","0.47939173","A",
"5","20","1990-02","0.170750369","A",
"6","Total","1990-02","0.23220577","A",
"6","3","1990-02","0.310039283","A",
"6","4","1990-02","0.055285951","A",
"6","5","1990-02","0.090160588","A",
"6","6","1990-02","0.055714186","A",
"6","7","1990-02","0.190201729","A",
"6","9","1990-02","0.258191818","A",
"7","Total","1990-02","1.648162492","A",
"7","21","1990-02","1.648162492","A",
"Total","Total","1990-01","0.515252991","A",
"1","Total","1990-01","0.883850112","A",
"1","22","1990-01","0.69933154","A",
"1","23","1990-01","1.133764621","A",
"1","25","1990-01","1.019635629","A",
"2","Total","1990-01","0.372297197","A",
"2","2","1990-01","0.27692612","A",
"2","10","1990-01","0.431538504","A",
"2","11","1990-01","0.240565575","A",
"2","24","1990-01","0.919288581","A",
"2","26","1990-01","0.695106573","A",
"3","Total","1990-01","0.598436299","A",
"3","12","1990-01","1.456871366","A",
"3","13","1990-01","0.678729419","A",
"3","19","1990-01","0.238791583","A",
"4","Total","1990-01","0.320928924","A",
"4","1","1990-01","0.320928924","A",
"5","Total","1990-01","0.300153636","A",
"5","8","1990-01","0.12976642","A",
"5","14","1990-01","0.62548242","A",
"5","15","1990-01","0.123328323","A",
"5","16","1990-01","0.014611338","A",
"5","17","1990-01","0.274177011","A",
"5","18","1990-01","0.493884968","A",
"5","20","1990-01","0.169817306","A",
"6","Total","1990-01","0.248835891","A",
"6","3","1990-01","0.326480761","A",
"6","4","1990-01","0.067571718","A",
"6","5","1990-01","0.090160588","A",
"6","6","1990-01","0.132321192","A",
"6","7","1990-01","0.213256484","A",
"6","9","1990-01","0.277083902","A",
"7","Total","1990-01","1.69406432","A",
"7","21","1990-01","1.69406432","A",
"Total","Total","1989-12","0.562539501","A",
"1","Total","1989-12","0.970776904","A",
"1","22","1989-12","0.805123298","A",
"1","23","1989-12","1.119540701","A",
"1","25","1989-12","1.126049197","A",
"2","Total","1989-12","0.431535995","A",
"2","2","1989-12","0.314601268","A",
"2","10","1989-12","0.580960876","A",
"2","11","1989-12","0.240393575","A",
"2","24","1989-12","1.036229262","A",
"2","26","1989-12","0.846132935","A",
"3","Total","1989-12","0.649515552","A",
"3","12","1989-12","1.352263061","A",
"3","13","1989-12","0.746911544","A",
"3","19","1989-12","0.283997767","A",
"4","Total","1989-12","0.341108362","A",
"4","1","1989-12","0.341108362","A",
"5","Total","1989-12","0.295495312","A",
"5","8","1989-12","0.114553786","A",
"5","14","1989-12","0.651351113","A",
"5","15","1989-12","0.150588665","A",
"5","16","1989-12","0.032589213","A",
"5","17","1989-12","0.334306355","A",
"5","18","1989-12","0.272357013","A",
"5","20","1989-12","0.190529876","A",
"6","Total","1989-12","0.290734518","A",
"6","3","1989-12","0.388312803","A",
"6","4","1989-12","0.040206393","A",
"6","5","1989-12","0.109757436","A",
"6","6","1989-12","0.084932903","A",
"6","7","1989-12","0.271101993","A",
"6","9","1989-12","0.32470168","A",
"7","Total","1989-12","1.925856275","A",
"7","21","1989-12","1.925856275","A",
"Total","Total","1989-11","0.531391528","A",
"1","Total","1989-11","0.878142645","A",
"1","22","1989-11","0.756886491","A",
"1","23","1989-11","0.851958171","A",
"1","25","1989-11","1.065575147","A",
"2","Total","1989-11","0.401765474","A",
"2","2","1989-11","0.292540112","A",
"2","10","1989-11","0.568907745","A",
"2","11","1989-11","0.222690172","A",
"2","24","1989-11","0.948369425","A",
"2","26","1989-11","0.761179829","A",
"3","Total","1989-11","0.62595088","A",
"3","12","1989-11","1.330752007","A",
"3","13","1989-11","0.717584955","A",
"3","19","1989-11","0.262288109","A",
"4","Total","1989-11","0.331842843","A",
"4","1","1989-11","0.331842843","A",
"5","Total","1989-11","0.277026855","A",
"5","8","1989-11","0.065459306","A",
"5","14","1989-11","0.586802805","A",
"5","15","1989-11","0.104955736","A",
"5","16","1989-11","0.032589213","A",
"5","17","1989-11","0.320716666","A",
"5","18","1989-11","0.272357013","A",
"5","20","1989-11","0.174746336","A",
"6","Total","1989-11","0.289966395","A",
"6","3","1989-11","0.381768205","A",
"6","4","1989-11","0.026804262","A",
"6","5","1989-11","0.116342882","A",
"6","6","1989-11","0.093426193","A",
"6","7","1989-11","0.293083236","A",
"6","9","1989-11","0.330113375","A",
"7","Total","1989-11","1.913667311","A",
"7","21","1989-11","1.913667311","A",
"Total","Total","1989-10","0.500243556","A",
"1","Total","1989-10","0.820340374","A",
"1","22","1989-10","0.718061743","A",
"1","23","1989-10","0.683822022","A",
"1","25","1989-10","1.040937572","A",
"2","Total","1989-10","0.37049277","A",
"2","2","1989-10","0.270019349","A",
"2","10","1989-10","0.502615529","A",
"2","11","1989-10","0.220826656","A",
"2","24","1989-10","0.866969869","A",
"2","26","1989-10","0.723800462","A",
"3","Total","1989-10","0.619087384","A",
"3","12","1989-10","1.284796574","A",
"3","13","1989-10","0.7166685","A",
"3","19","1989-10","0.270263086","A",
"4","Total","1989-10","0.324121577","A",
"4","1","1989-10","0.324121577","A",
"5","Total","1989-10","0.251863583","A",
"5","8","1989-10","0.103643901","A",
"5","14","1989-10","0.563330693","A",
"5","15","1989-10","0.114082322","A",
"5","16","1989-10","0.065178426","A",
"5","17","1989-10","0.312562852","A",
"5","18","1989-10","0.184902926","A",
"5","20","1989-10","0.144306652","A",
"6","Total","1989-10","0.272299568","A",
"6","3","1989-10","0.361407234","A",
"6","4","1989-10","0.040206393","A",
"6","5","1989-10","0.114147734","A",
"6","6","1989-10","0.118906064","A",
"6","7","1989-10","0.153868699","A",
"6","9","1989-10","0.321995833","A",
"7","Total","1989-10","1.742151178","A",
"7","21","1989-10","1.742151178","A",
"Total","Total","1989-09","0.492351442","A",
"1","Total","1989-09","0.774776369","A",
"1","22","1989-09","0.676099642","A",
"1","23","1989-09","0.636661882","A",
"1","25","1989-09","0.991102476","A",
"2","Total","1989-09","0.38865552","A",
"2","2","1989-09","0.281509535","A",
"2","10","1989-09","0.502615529","A",
"2","11","1989-09","0.222690172","A",
"2","24","1989-09","0.931572691","A",
"2","26","1989-09","0.829142313","A",
"3","Total","1989-09","0.606961873","A",
"3","12","1989-09","1.210485661","A",
"3","13","1989-09","0.728582426","A",
"3","19","1989-09","0.274693628","A",
"4","Total","1989-09","0.329440672","A",
"4","1","1989-09","0.329440672","A",
"5","Total","1989-09","0.241013364","A",
"5","8","1989-09","0.109098844","A",
"5","14","1989-09","0.507584426","A",
"5","15","1989-09","0.1277722","A",
"5","16","1989-09","0.048883819","A",
"5","17","1989-09","0.307126977","A",
"5","18","1989-09","0.142425227","A",
"5","20","1989-09","0.158962796","A",
"6","Total","1989-09","0.263850216","A",
"6","3","1989-09","0.353408281","A",
"6","4","1989-09","0.053608524","A",
"6","5","1989-09","0.114147734","A",
"6","6","1989-09","0.110412774","A",
"6","7","1989-09","0.102579132","A",
"6","9","1989-09","0.308466596","A",
"7","Total","1989-09","1.703843006","A",
"7","21","1989-09","1.703843006","A",
"Total","Total","1989-08","0.505451057","A",
"1","Total","1989-08","0.763479508","A",
"1","22","1989-08","0.672962289","A",
"1","23","1989-08","0.632561001","A",
"1","25","1989-08","0.96422512","A",
"2","Total","1989-08","0.416650734","A",
"2","2","1989-08","0.298515008","A",
"2","10","1989-08","0.518284599","A",
"2","11","1989-08","0.253438187","A",
"2","24","1989-08","1.014264303","A",
"2","26","1989-08","0.900502922","A",
"3","Total","1989-08","0.647685286","A",
"3","12","1989-08","1.284796574","A",
"3","13","1989-08","0.797316617","A",
"3","19","1989-08","0.286656092","A",
"4","Total","1989-08","0.327896418","A",
"4","1","1989-08","0.327896418","A",
"5","Total","1989-08","0.258327543","A",
"5","8","1989-08","0.141828497","A",
"5","14","1989-08","0.498782384","A",
"5","15","1989-08","0.159715251","A",
"5","16","1989-08","0.032589213","A",
"5","17","1989-08","0.329957655","A",
"5","18","1989-08","0.161165388","A",
"5","20","1989-08","0.169109357","A",
"6","Total","1989-08","0.28612578","A",
"6","3","1989-08","0.382495382","A",
"6","4","1989-08","0.053608524","A",
"6","5","1989-08","0.129513775","A",
"6","6","1989-08","0.144385935","A",
"6","7","1989-08","0.117233294","A",
"6","9","1989-08","0.321995833","A",
"7","Total","1989-08","1.667276115","A",
"7","21","1989-08","1.667276115","A",
"Total","Total","1989-07","0.516124817","A",
"1","Total","1989-07","0.768939658","A",
"1","22","1989-07","0.680021334","A",
"1","23","1989-07","0.660241952","A",
"1","25","1989-07","0.955266002","A",
"2","Total","1989-07","0.423888522","A",
"2","2","1989-07","0.308856175","A",
"2","10","1989-07","0.53877492","A",
"2","11","1989-07","0.289776751","A",
"2","24","1989-07","1.003927852","A",
"2","26","1989-07","0.764577953","A",
"3","Total","1989-07","0.687722349","A",
"3","12","1989-07","1.364974138","A",
"3","13","1989-07","0.854136882","A",
"3","19","1989-07","0.300390774","A",
"4","Total","1989-07","0.33029859","A",
"4","1","1989-07","0.33029859","A",
"5","Total","1989-07","0.287415363","A",
"5","8","1989-07","0.196377918","A",
"5","14","1989-07","0.516386468","A",
"5","15","1989-07","0.155151958","A",
"5","16","1989-07","0.016294606","A",
"5","17","1989-07","0.379967711","A",
"5","18","1989-07","0.182404238","A",
"5","20","1989-07","0.172491545","A",
"6","Total","1989-07","0.274603937","A",
"6","3","1989-07","0.362134411","A",
"6","4","1989-07","0.100515982","A",
"6","5","1989-07","0.114147734","A",
"6","6","1989-07","0.127399355","A",
"6","7","1989-07","0.102579132","A",
"6","9","1989-07","0.327407528","A",
"7","Total","1989-07","1.635062425","A",
"7","21","1989-07","1.635062425","A",
"Total","Total","1989-06","0.524275688","A",
"1","Total","1989-06","0.783625577","A",
"1","22","1989-06","0.714140051","A",
"1","23","1989-06","0.712528194","A",
"1","25","1989-06","0.921669308","A",
"2","Total","1989-06","0.407501079","A",
"2","2","1989-06","0.309085979","A",
"2","10","1989-06","0.523105851","A",
"2","11","1989-06","0.245984123","A",
"2","24","1989-06","0.963874102","A",
"2","26","1989-06","0.662634226","A",
"3","Total","1989-06","0.715862684","A",
"3","12","1989-06","1.436351725","A",
"3","13","1989-06","0.885296382","A",
"3","19","1989-06","0.307479642","A",
"4","Total","1989-06","0.349687546","A",
"4","1","1989-06","0.349687546","A",
"5","Total","1989-06","0.305191252","A",
"5","8","1989-06","0.180013092","A",
"5","14","1989-06","0.630813015","A",
"5","15","1989-06","0.173405129","A",
"5","16","1989-06","0.032589213","A",
"5","17","1989-06","0.385947174","A",
"5","18","1989-06","0.212388496","A",
"5","20","1989-06","0.17361894","A",
"6","Total","1989-06","0.283053289","A",
"6","3","1989-06","0.375223607","A",
"6","4","1989-06","0.093814917","A",
"6","5","1989-06","0.087805949","A",
"6","6","1989-06","0.059453032","A",
"6","7","1989-06","0.087924971","A",
"6","9","1989-06","0.400465406","A",
"7","Total","1989-06","1.599366174","A",
"7","21","1989-06","1.599366174","A",
"Total","Total","1989-05","0.557137932","A",
"1","Total","1989-05","0.857996577","A",
"1","22","1989-05","0.743944908","A",
"1","23","1989-05","0.866311257","A",
"1","25","1989-05","1.016299996","A",
"2","Total","1989-05","0.43932003","A",
"2","2","1989-05","0.333904779","A",
"2","10","1989-05","0.570113058","A",
"2","11","1989-05","0.273005106","A",
"2","24","1989-05","1.002635795","A",
"2","26","1989-05","0.75438358","A",
"3","Total","1989-05","0.748807467","A",
"3","12","1989-05","1.515551514","A",
"3","13","1989-05","0.900876132","A",
"3","19","1989-05","0.327860137","A",
"4","Total","1989-05","0.36615958","A",
"4","1","1989-05","0.36615958","A",
"5","Total","1989-05","0.328969391","A",
"5","8","1989-05","0.163648265","A",
"5","14","1989-05","0.727635478","A",
"5","15","1989-05","0.182531715","A",
"5","16","1989-05","0.032589213","A",
"5","17","1989-05","0.400080451","A",
"5","18","1989-05","0.251118163","A",
"5","20","1989-05","0.18940248","A",
"6","Total","1989-05","0.281517043","A",
"6","3","1989-05","0.38322256","A",
"6","4","1989-05","0.040206393","A",
"6","5","1989-05","0.100976841","A",
"6","6","1989-05","0.033973161","A",
"6","7","1989-05","0.139214537","A",
"6","9","1989-05","0.354466001","A",
"7","Total","1989-05","1.642027547","A",
"7","21","1989-05","1.642027547","A",
"Total","Total","1989-04","0.595045952","A",
"1","Total","1989-04","0.915234005","A",
"1","22","1989-04","0.783553994","A",
"1","23","1989-04","0.958581095","A",
"1","25","1989-04","1.07957377","A",
"2","Total","1989-04","0.492442658","A",
"2","2","1989-04","0.378486697","A",
"2","10","1989-04","0.630378709","A",
"2","11","1989-04","0.286981477","A",
"2","24","1989-04","1.143469947","A",
"2","26","1989-04","0.825744189","A",
"3","Total","1989-04","0.799597342","A",
"3","12","1989-04","1.617240132","A",
"3","13","1989-04","0.941200191","A",
"3","19","1989-04","0.36064615","A",
"4","Total","1989-04","0.37919994","A",
"4","1","1989-04","0.37919994","A",
"5","Total","1989-04","0.337972764","A",
"5","8","1989-04","0.098188959","A",
"5","14","1989-04","0.800985829","A",
"5","15","1989-04","0.191658301","A",
"5","16","1989-04","0.032589213","A",
"5","17","1989-04","0.410952202","A",
"5","18","1989-04","0.254866195","A",
"5","20","1989-04","0.190529876","A",
"6","Total","1989-04","0.309553529","A",
"6","3","1989-04","0.417399904","A",
"6","4","1989-04","0.046907458","A",
"6","5","1989-04","0.12073318","A",
"6","6","1989-04","0.050959742","A",
"6","7","1989-04","0.197831184","A",
"6","9","1989-04","0.370701085","A",
"7","Total","1989-04","1.702101726","A",
"7","21","1989-04","1.702101726","A",
"Total","Total","1989-03","0.618463535","A",
"1","Total","1989-03","0.965128474","A",
"1","22","1989-03","0.828261279","A",
"1","23","1989-03","1.048800492","A",
"1","25","1989-03","1.114850299","A",
"2","Total","1989-03","0.510059159","A",
"2","2","1989-03","0.364468671","A",
"2","10","1989-03","0.699081551","A",
"2","11","1989-03","0.317729492","A",
"2","24","1989-03","1.280427929","A",
"2","26","1989-03","0.805355444","A",
"3","Total","1989-03","0.813553118","A",
"3","12","1989-03","1.646573387","A",
"3","13","1989-03","0.932952088","A",
"3","19","1989-03","0.37836832","A",
"4","Total","1989-03","0.396358308","A",
"4","1","1989-03","0.396358308","A",
"5","Total","1989-03","0.342820734","A",
"5","8","1989-03","0.098188959","A",
"5","14","1989-03","0.865534137","A",
"5","15","1989-03","0.168841836","A",
"5","16","1989-03","0.016294606","A",
"5","17","1989-03","0.415300903","A",
"5","18","1989-03","0.218635217","A",
"5","20","1989-03","0.219842165","A",
"6","Total","1989-03","0.325300048","A",
"6","3","1989-03","0.421762969","A",
"6","4","1989-03","0.067010655","A",
"6","5","1989-03","0.118538031","A",
"6","6","1989-03","0.093426193","A",
"6","7","1989-03","0.241793669","A",
"6","9","1989-03","0.430229726","A",
"7","Total","1989-03","1.795260234","A",
"7","21","1989-03","1.795260234","A",
"Total","Total","1989-02","0.670441512","A",
"1","Total","1989-02","1.044583061","A",
"1","22","1989-02","0.862379996","A",
"1","23","1989-02","1.394299774","A",
"1","25","1989-02","1.113730409","A",
"2","Total","1989-02","0.539283432","A",
"2","2","1989-02","0.370903175","A",
"2","10","1989-02","0.749704698","A",
"2","11","1989-02","0.36152212","A",
"2","24","1989-02","1.354075146","A",
"2","26","1989-02","0.941280413","A",
"3","Total","1989-02","0.850844782","A",
"3","12","1989-02","1.766839733","A",
"3","13","1989-02","0.954947029","A",
"3","19","1989-02","0.385457188","A",
"4","Total","1989-02","0.420894775","A",
"4","1","1989-02","0.420894775","A",
"5","Total","1989-02","0.391531289","A",
"5","8","1989-02","0.109098844","A",
"5","14","1989-02","0.94768653","A",
"5","15","1989-02","0.182531715","A",
"5","16","1989-02","0.016294606","A",
"5","17","1989-02","0.43160853","A",
"5","18","1989-02","0.378551261","A",
"5","20","1989-02","0.242390079","A",
"6","Total","1989-02","0.371003361","A",
"6","3","1989-02","0.48357306","A",
"6","4","1989-02","0.080412786","A",
"6","5","1989-02","0.158050708","A",
"6","6","1989-02","0.161372516","A",
"6","7","1989-02","0.241793669","A",
"6","9","1989-02","0.44646481","A",
"7","Total","1989-02","2.086924724","A",
"7","21","1989-02","2.086924724","A",
"Total","Total","1989-01","0.700295695","A",
"1","Total","1989-01","1.086381446","A",
"1","22","1989-01","0.86041915","A",
"1","23","1989-01","1.634201353","A",
"1","25","1989-01","1.109810795","A",
"2","Total","1989-01","0.567824895","A",
"2","2","1989-01","0.397560404","A",
"2","10","1989-01","0.684617795","A",
"2","11","1989-01","0.389474861","A",
"2","24","1989-01","1.478112564","A",
"2","26","1989-01","1.012641022","A",
"3","Total","1989-01","0.868918656","A",
"3","12","1989-01","1.831372894","A",
"3","13","1989-01","0.923787529","A",
"3","19","1989-01","0.406280737","A",
"4","Total","1989-01","0.435994139","A",
"4","1","1989-01","0.435994139","A",
"5","Total","1989-01","0.41946483","A",
"5","8","1989-01","0.120008728","A",
"5","14","1989-01","0.850864067","A",
"5","15","1989-01","0.196221594","A",
"5","16","1989-01","0.016294606","A",
"5","17","1989-01","0.458244321","A",
"5","18","1989-01","0.489742885","A",
"5","20","1989-01","0.254791432","A",
"6","Total","1989-01","0.395967355","A",
"6","3","1989-01","0.529385244","A",
"6","4","1989-01","0.080412786","A",
"6","5","1989-01","0.164636154","A",
"6","6","1989-01","0.169865806","A",
"6","7","1989-01","0.219812427","A",
"6","9","1989-01","0.449170658","A",
"7","Total","1989-01","2.207943722","A",
"7","21","1989-01","2.207943722","A",
"Total","Total","1988-12","0.679368657","A",
"1","Total","1988-12","0.977743301","A",
"1","22","1988-12","0.826692602","A",
"1","23","1988-12","1.369694484","A",
"1","25","1988-12","0.979343633","A",
"2","Total","1988-12","0.588992008","A",
"2","2","1988-12","0.409969804","A",
"2","10","1988-12","0.676180604","A",
"2","11","1988-12","0.407178264","A",
"2","24","1988-12","1.565972402","A",
"2","26","1988-12","1.084001631","A",
"3","Total","1988-12","0.878069985","A",
"3","12","1988-12","1.910572683","A",
"3","13","1988-12","0.936617911","A",
"3","19","1988-12","0.381912754","A",
"4","Total","1988-12","0.432219298","A",
"4","1","1988-12","0.432219298","A",
"5","Total","1988-12","0.39684097","A",
"5","8","1988-12","0.130918612","A",
"5","14","1988-12","0.880204207","A",
"5","15","1988-12","0.182531715","A",
"5","16","1988-12","0.065178426","A",
"5","17","1988-12","0.476182711","A",
"5","18","1988-12","0.347317658","A",
"5","20","1988-12","0.222096956","A",
"6","Total","1988-12","0.397887662","A",
"6","3","1988-12","0.532293954","A",
"6","4","1988-12","0.080412786","A",
"6","5","1988-12","0.142684667","A",
"6","6","1988-12","0.127399355","A",
"6","7","1988-12","0.227139508","A",
"6","9","1988-12","0.489758368","A",
"7","Total","1988-12","2.077347681","A",
"7","21","1988-12","2.077347681","A",
"Total","Total","1988-11","0.650129023","A",
"1","Total","1988-11","0.924648056","A",
"1","22","1988-11","0.822378741","A",
"1","23","1988-11","0.996514251","A",
"1","25","1988-11","1.031418508","A",
"2","Total","1988-11","0.566322712","A",
"2","2","1988-11","0.386989434","A",
"2","10","1988-11","0.613504327","A",
"2","11","1988-11","0.387611345","A",
"2","24","1988-11","1.612486433","A",
"2","26","1988-11","0.985456028","A",
"3","Total","1988-11","0.844210069","A",
"3","12","1988-11","1.822572918","A",
"3","13","1988-11","0.919205249","A",
"3","19","1988-11","0.364633638","A",
"4","Total","1988-11","0.410085003","A",
"4","1","1988-11","0.410085003","A",
"5","Total","1988-11","0.362674325","A",
"5","8","1988-11","0.130918612","A",
"5","14","1988-11","0.789249773","A",
"5","15","1988-11","0.159715251","A",
"5","16","1988-11","0.016294606","A",
"5","17","1988-11","0.443567456","A",
"5","18","1988-11","0.321081432","A",
"5","20","1988-11","0.190529876","A",
"6","Total","1988-11","0.377148344","A",
"6","3","1988-11","0.516296049","A",
"6","4","1988-11","0.060309589","A",
"6","5","1988-11","0.15366041","A",
"6","6","1988-11","0.135892645","A",
"6","7","1988-11","0.205158265","A",
"6","9","1988-11","0.403171253","A",
"7","Total","1988-11","2.097372408","A",
"7","21","1988-11","2.097372408","A",
"Total","Total","1988-10","0.624770757","A",
"1","Total","1988-10","0.869858281","A",
"1","22","1988-10","0.777279287","A",
"1","23","1988-10","0.792495387","A",
"1","25","1988-10","1.044297241","A",
"2","Total","1988-10","0.561543042","A",
"2","2","1988-10","0.372281997","A",
"2","10","1988-10","0.623146831","A",
"2","11","1988-10","0.382952555","A",
"2","24","1988-10","1.63186728","A",
"2","26","1988-10","1.022835395","A",
"3","Total","1988-10","0.833686041","A",
"3","12","1988-10","1.789328562","A",
"3","13","1988-10","0.910957147","A",
"3","19","1988-10","0.363304476","A",
"4","Total","1988-10","0.398588896","A",
"4","1","1988-10","0.398588896","A",
"5","Total","1988-10","0.335202495","A",
"5","8","1988-10","0.136373554","A",
"5","14","1988-10","0.762843646","A",
"5","15","1988-10","0.09582915","A",
"5","16","1988-10","0","A",
"5","17","1988-10","0.425085479","A",
"5","18","1988-10","0.251118163","A",
"5","20","1988-10","0.183765502","A",
"6","Total","1988-10","0.370235238","A",
"6","3","1988-10","0.499570965","A",
"6","4","1988-10","0.060309589","A",
"6","5","1988-10","0.177807046","A",
"6","6","1988-10","0.110412774","A",
"6","7","1988-10","0.131887456","A",
"6","9","1988-10","0.422112184","A",
"7","Total","1988-10","1.916279232","A",
"7","21","1988-10","1.916279232","A",
"Total","Total","1988-09","0.627196611","A",
"1","Total","1988-09","0.853289552","A",
"1","22","1988-09","0.769043735","A",
"1","23","1988-09","0.764814435","A",
"1","25","1988-09","1.021899445","A",
"2","Total","1988-09","0.586533892","A",
"2","2","1988-09","0.38239336","A",
"2","10","1988-09","0.640021214","A",
"2","11","1988-09","0.40438299","A",
"2","24","1988-09","1.710682723","A",
"2","26","1988-09","1.162158489","A",
"3","Total","1988-09","0.83437239","A",
"3","12","1988-09","1.725773176","A",
"3","13","1988-09","0.935701455","A",
"3","19","1988-09","0.3814697","A",
"4","Total","1988-09","0.408883917","A",
"4","1","1988-09","0.408883917","A",
"5","Total","1988-09","0.329661958","A",
"5","8","1988-09","0.158193323","A",
"5","14","1988-09","0.774579702","A",
"5","15","1988-09","0.155151958","A",
"5","16","1988-09","0.016294606","A",
"5","17","1988-09","0.416388078","A",
"5","18","1988-09","0.206141776","A",
"5","20","1988-09","0.190529876","A",
"6","Total","1988-09","0.37868459","A",
"6","3","1988-09","0.523567824","A",
"6","4","1988-09","0.020103196","A",
"6","5","1988-09","0.15366041","A",
"6","6","1988-09","0.127399355","A",
"6","7","1988-09","0.175849941","A",
"6","9","1988-09","0.41670049","A",
"7","Total","1988-09","1.84575737","A",
"7","21","1988-09","1.84575737","A",
"Total","Total","1988-08","0.652037362","A",
"1","Total","1988-08","0.860255949","A",
"1","22","1988-08","0.80433896","A",
"1","23","1988-08","0.771990978","A",
"1","25","1988-08","0.988302751","A",
"2","Total","1988-08","0.639656519","A",
"2","2","1988-08","0.413187056","A",
"2","10","1988-08","0.649663718","A",
"2","11","1988-08","0.421154635","A",
"2","24","1988-08","1.952297276","A",
"2","26","1988-08","1.304879706","A",
"3","Total","1988-08","0.852446265","A",
"3","12","1988-08","1.732617602","A",
"3","13","1988-08","0.986106529","A",
"3","19","1988-08","0.389001622","A",
"4","Total","1988-08","0.415404097","A",
"4","1","1988-08","0.415404097","A",
"5","Total","1988-08","0.361520046","A",
"5","8","1988-08","0.130918612","A",
"5","14","1988-08","0.689493296","A",
"5","15","1988-08","0.205348179","A",
"5","16","1988-08","0.016294606","A",
"5","17","1988-08","0.481618586","A",
"5","18","1988-08","0.232378002","A",
"5","20","1988-08","0.21307779","A",
"6","Total","1988-08","0.403648584","A",
"6","3","1988-08","0.55701799","A",
"6","4","1988-08","0.026804262","A",
"6","5","1988-08","0.18878279","A",
"6","6","1988-08","0.118906064","A",
"6","7","1988-08","0.153868699","A",
"6","9","1988-08","0.432935574","A",
"7","Total","1988-08","1.864911456","A",
"7","21","1988-08","1.864911456","A",
"Total","Total","1988-07","0.678042523","A",
"1","Total","1988-07","0.888874663","A",
"1","22","1988-07","0.814535358","A",
"1","23","1988-07","0.82530244","A",
"1","25","1988-07","1.029738674","A",
"2","Total","1988-07","0.683629491","A",
"2","2","1988-07","0.456160348","A",
"2","10","1988-07","0.688233734","A",
"2","11","1988-07","0.464015504","A",
"2","24","1988-07","2.011731872","A",
"2","26","1988-07","1.342259073","A",
"3","Total","1988-07","0.905066404","A",
"3","12","1988-07","1.848972847","A",
"3","13","1988-07","1.029179955","A",
"3","19","1988-07","0.417357093","A",
"4","Total","1988-07","0.424841199","A",
"4","1","1988-07","0.424841199","A",
"5","Total","1988-07","0.376063956","A",
"5","8","1988-07","0.17455815","A",
"5","14","1988-07","0.624944987","A",
"5","15","1988-07","0.214474765","A",
"5","16","1988-07","0.016294606","A",
"5","17","1988-07","0.504992852","A",
"5","18","1988-07","0.243622098","A",
"5","20","1988-07","0.239007892","A",
"6","Total","1988-07","0.404800768","A",
"6","3","1988-07","0.559926701","A",
"6","4","1988-07","0.040206393","A",
"6","5","1988-07","0.18878279","A",
"6","6","1988-07","0.127399355","A",
"6","7","1988-07","0.124560375","A",
"6","9","1988-07","0.432935574","A",
"7","Total","1988-07","1.84662801","A",
"7","21","1988-07","1.84662801","A",
"Total","Total","1988-06","0.690592277","A",
"1","Total","1988-06","0.905819954","A",
"1","22","1988-06","0.818849219","A",
"1","23","1988-06","0.8734878","A",
"1","25","1988-06","1.047656911","A",
"2","Total","1988-06","0.661916129","A",
"2","2","1988-06","0.446278789","A",
"2","10","1988-06","0.623146831","A",
"2","11","1988-06","0.466810779","A",
"2","24","1988-06","1.95100522","A",
"2","26","1988-06","1.281092837","A",
"3","Total","1988-06","0.975302852","A",
"3","12","1988-06","2.018127952","A",
"3","13","1988-06","1.130906558","A",
"3","19","1988-06","0.42754734","A",
"4","Total","1988-06","0.428959208","A",
"4","1","1988-06","0.428959208","A",
"5","Total","1988-06","0.397302682","A",
"5","8","1988-06","0.152738381","A",
"5","14","1988-06","0.712965408","A",
"5","15","1988-06","0.237291229","A",
"5","16","1988-06","0.016294606","A",
"5","17","1988-06","0.525649179","A",
"5","18","1988-06","0.281102421","A",
"5","20","1988-06","0.231116122","A",
"6","Total","1988-06","0.407489198","A",
"6","3","1988-06","0.574470251","A",
"6","4","1988-06","0.020103196","A",
"6","5","1988-06","0.164636154","A",
"6","6","1988-06","0.127399355","A",
"6","7","1988-06","0.183177022","A",
"6","9","1988-06","0.413994642","A",
"7","Total","1988-06","1.870135297","A",
"7","21","1988-06","1.870135297","A",
"Total","Total","1988-05","0.73008519","A",
"1","Total","1988-05","0.977931582","A",
"1","22","1988-05","0.859242643","A",
"1","23","1988-05","1.049825713","A",
"1","25","1988-05","1.10813096","A",
"2","Total","1988-05","0.697285693","A",
"2","2","1988-05","0.470637981","A",
"2","10","1988-05","0.688233734","A",
"2","11","1988-05","0.488241214","A",
"2","24","1988-05","1.962633728","A",
"2","26","1988-05","1.508767161","A",
"3","Total","1988-05","1.025635159","A",
"3","12","1988-05","2.132527647","A",
"3","13","1988-05","1.188643279","A",
"3","19","1988-05","0.44526951","A",
"4","Total","1988-05","0.451779838","A",
"4","1","1988-05","0.451779838","A",
"5","Total","1988-05","0.428237347","A",
"5","8","1988-05","0.158193323","A",
"5","14","1988-05","0.671889212","A",
"5","15","1988-05","0.260107694","A",
"5","16","1988-05","0.032589213","A",
"5","17","1988-05","0.557177258","A",
"5","18","1988-05","0.371055196","A",
"5","20","1988-05","0.243517475","A",
"6","Total","1988-05","0.426308209","A",
"6","3","1988-05","0.581014849","A",
"6","4","1988-05","0.033505327","A",
"6","5","1988-05","0.217319723","A",
"6","6","1988-05","0.144385935","A",
"6","7","1988-05","0.219812427","A",
"6","9","1988-05","0.432935574","A",
"7","Total","1988-05","1.907572829","A",
"7","21","1988-05","1.907572829","A",
"Total","Total","1988-04","0.77216568","A",
"1","Total","1988-04","1.022554183","A",
"1","22","1988-04","0.886302315","A",
"1","23","1988-04","1.14107033","A",
"1","25","1988-04","1.152366607","A",
"2","Total","1988-04","0.775262609","A",
"2","2","1988-04","0.531076355","A",
"2","10","1988-04","0.841308488","A",
"2","11","1988-04","0.517125713","A",
"2","24","1988-04","2.077626751","A",
"2","26","1988-04","1.716052739","A",
"3","Total","1988-04","1.045310516","A",
"3","12","1988-04","2.190216382","A",
"3","13","1988-04","1.181311632","A",
"3","19","1988-04","0.460776408","A",
"4","Total","1988-04","0.474943635","A",
"4","1","1988-04","0.474943635","A",
"5","Total","1988-04","0.440241844","A",
"5","8","1988-04","0.136373554","A",
"5","14","1988-04","0.668955198","A",
"5","15","1988-04","0.269234279","A",
"5","16","1988-04","0.065178426","A",
"5","17","1988-04","0.535977343","A",
"5","18","1988-04","0.467254691","A",
"5","20","1988-04","0.26042841","A",
"6","Total","1988-04","0.459721555","A",
"6","3","1988-04","0.623191146","A",
"6","4","1988-04","0.053608524","A",
"6","5","1988-04","0.232685764","A",
"6","6","1988-04","0.118906064","A",
"6","7","1988-04","0.285756155","A",
"6","9","1988-04","0.468111589","A",
"7","Total","1988-04","2.023367985","A",
"7","21","1988-04","2.023367985","A",
"Total","Total","1988-03","0.807227365","A",
"1","Total","1988-03","1.090523628","A",
"1","22","1988-03","0.913361988","A",
"1","23","1988-03","1.466065204","A",
"1","25","1988-03","1.138367985","A",
"2","Total","1988-03","0.811724669","A",
"2","2","1988-03","0.555665351","A",
"2","10","1988-03","0.855772244","A",
"2","11","1988-03","0.53762439","A",
"2","24","1988-03","2.200372112","A",
"2","26","1988-03","1.82139459","A",
"3","Total","1988-03","1.061782908","A",
"3","12","1988-03","2.220527412","A",
"3","13","1988-03","1.188643279","A",
"3","19","1988-03","0.475397198","A",
"4","Total","1988-03","0.488498746","A",
"4","1","1988-03","0.488498746","A",
"5","Total","1988-03","0.455247466","A",
"5","8","1988-03","0.103643901","A",
"5","14","1988-03","0.710031394","A",
"5","15","1988-03","0.287487451","A",
"5","16","1988-03","0.048883819","A",
"5","17","1988-03","0.524018417","A",
"5","18","1988-03","0.539716649","A",
"5","20","1988-03","0.280721533","A",
"6","Total","1988-03","0.477388382","A",
"6","3","1988-03","0.640643407","A",
"6","4","1988-03","0.067010655","A",
"6","5","1988-03","0.237076062","A",
"6","6","1988-03","0.169865806","A",
"6","7","1988-03","0.300410317","A",
"6","9","1988-03","0.495170063","A",
"7","Total","1988-03","2.192272197","A",
"7","21","1988-03","2.192272197","A",
"Total","Total","1988-02","0.846752622","A",
"1","Total","1988-02","1.180333672","A",
"1","22","1988-02","0.969834348","A",
"1","23","1988-02","1.688538036","A",
"1","25","1988-02","1.203321593","A",
"2","Total","1988-02","0.858292319","A",
"2","2","1988-02","0.586918654","A",
"2","10","1988-02","0.937733529","A",
"2","11","1988-02","0.560918341","A",
"2","24","1988-02","2.275311386","A",
"2","26","1988-02","2.004893299","A",
"3","Total","1988-02","1.046454432","A",
"3","12","1988-02","2.135460972","A",
"3","13","1988-02","1.150152132","A",
"3","19","1988-02","0.502866561","A",
"4","Total","1988-02","0.480605896","A",
"4","1","1988-02","0.480605896","A",
"5","Total","1988-02","0.484796997","A",
"5","8","1988-02","0.130918612","A",
"5","14","1988-02","0.780447731","A",
"5","15","1988-02","0.30117733","A",
"5","16","1988-02","0.048883819","A",
"5","17","1988-02","0.54793627","A",
"5","18","1988-02","0.588441068","A",
"5","20","1988-02","0.295377678","A",
"6","Total","1988-02","0.491214594","A",
"6","3","1988-02","0.668276153","A",
"6","4","1988-02","0.093814917","A",
"6","5","1988-02","0.239271211","A",
"6","6","1988-02","0.178359096","A",
"6","7","1988-02","0.263774912","A",
"6","9","1988-02","0.48705252","A",
"7","Total","1988-02","2.499608212","A",
"7","21","1988-02","2.499608212","A",
"Total","Total","1988-01","0.877286044","A",
"1","Total","1988-01","1.247926555","A",
"1","22","1988-01","1.00160005","A",
"1","23","1988-01","2.007381587","A",
"1","25","1988-01","1.184843411","A",
"2","Total","1988-01","0.892432825","A",
"2","2","1988-01","0.611277846","A",
"2","10","1988-01","0.814791601","A",
"2","11","1988-01","0.586075808","A",
"2","24","1988-01","2.443278722","A",
"2","26","1988-01","2.307326356","A",
"3","Total","1988-01","1.054919411","A",
"3","12","1988-01","2.197060808","A",
"3","13","1988-01","1.126324279","A",
"3","19","1988-01","0.502866561","A",
"4","Total","1988-01","0.4826649","A",
"4","1","1988-01","0.4826649","A",
"5","Total","1988-01","0.528428727","A",
"5","8","1988-01","0.130918612","A",
"5","14","1988-01","0.889006249","A",
"5","15","1988-01","0.296614037","A",
"5","16","1988-01","0.032589213","A",
"5","17","1988-01","0.577833586","A",
"5","18","1988-01","0.699632693","A",
"5","20","1988-01","0.306651635","A",
"6","Total","1988-01","0.495055209","A",
"6","3","1988-01","0.670457686","A",
"6","4","1988-01","0.080412786","A",
"6","5","1988-01","0.232685764","A",
"6","6","1988-01","0.186852387","A",
"6","7","1988-01","0.307737397","A",
"6","9","1988-01","0.500581757","A",
"7","Total","1988-01","2.575353915","A",
"7","21","1988-01","2.575353915","A",
"Total","Total","1987-12","0.815184168","A",
"1","Total","1987-12","1.104456423","A",
"1","22","1987-12","0.921205371","A",
"1","23","1987-12","1.50399836","A",
"1","25","1987-12","1.147887048","A",
"2","Total","1987-12","0.843407059","A",
"2","2","1987-12","0.573360236","A",
"2","10","1987-12","0.889521009","A",
"2","11","1987-12","0.572099437","A",
"2","24","1987-12","2.106051992","A",
"2","26","1987-12","2.375288841","A",
"3","Total","1987-12","1.012365733","A",
"3","12","1987-12","2.072883361","A",
"3","13","1987-12","1.135488838","A",
"3","19","1987-12","0.472295818","A",
"4","Total","1987-12","0.445945992","A",
"4","1","1987-12","0.445945992","A",
"5","Total","1987-12","0.462634849","A",
"5","8","1987-12","0.12546367","A",
"5","14","1987-12","0.891940263","A",
"5","15","1987-12","0.278360865","A",
"5","16","1987-12","0.065178426","A",
"5","17","1987-12","0.551197795","A",
"5","18","1987-12","0.444766498","A",
"5","20","1987-12","0.272829763","A",
"6","Total","1987-12","0.502736438","A",
"6","3","1987-12","0.682092526","A",
"6","4","1987-12","0.100515982","A",
"6","5","1987-12","0.245856657","A",
"6","6","1987-12","0.144385935","A",
"6","7","1987-12","0.300410317","A",
"6","9","1987-12","0.503287605","A",
"7","Total","1987-12","2.458688119","A",
"7","21","1987-12","2.458688119","A",
"Total","Total","1987-11","0.765826113","A",
"1","Total","1987-11","1.036486978","A",
"1","22","1987-11","0.896106545","A",
"1","23","1987-11","1.169776502","A",
"1","25","1987-11","1.16412545","A",
"2","Total","1987-11","0.783046644","A",
"2","2","1987-11","0.509015199","A",
"2","10","1987-11","0.784658776","A",
"2","11","1987-11","0.527375051","A",
"2","24","1987-11","2.12155667","A",
"2","26","1987-11","2.242761995","A",
"3","Total","1987-11","0.929546208","A",
"3","12","1987-11","1.914483784","A",
"3","13","1987-11","1.033762235","A",
"3","19","1987-11","0.432863991","A",
"4","Total","1987-11","0.43839631","A",
"4","1","1987-11","0.43839631","A",
"5","Total","1987-11","0.428006492","A",
"5","8","1987-11","0.109098844","A",
"5","14","1987-11","0.880204207","A",
"5","15","1987-11","0.264670987","A",
"5","16","1987-11","0.048883819","A",
"5","17","1987-11","0.500644151","A",
"5","18","1987-11","0.461007971","A",
"5","20","1987-11","0.206313416","A",
"6","Total","1987-11","0.458953433","A",
"6","3","1987-11","0.629008566","A",
"6","4","1987-11","0.107217048","A",
"6","5","1987-11","0.210734277","A",
"6","6","1987-11","0.169865806","A",
"6","7","1987-11","0.271101993","A",
"6","9","1987-11","0.435641421","A",
"7","Total","1987-11","2.412544185","A",
"7","21","1987-11","2.412544185","A",
"Total","Total","1987-10","0.724618931","A",
"1","Total","1987-10","0.99600656","A",
"1","22","1987-10","0.878066763","A",
"1","23","1987-10","0.99548903","A",
"1","25","1987-10","1.164685395","A",
"2","Total","1987-10","0.771711996","A",
"2","2","1987-10","0.486264633","A",
"2","10","1987-10","0.801533158","A",
"2","11","1987-10","0.506876374","A",
"2","24","1987-10","2.13576929","A",
"2","26","1987-10","2.28693761","A",
"3","Total","1987-10","0.876239719","A",
"3","12","1987-10","1.826484018","A",
"3","13","1987-10","0.965028044","A",
"3","19","1987-10","0.402736303","A",
"4","Total","1987-10","0.413001925","A",
"4","1","1987-10","0.413001925","A",
"5","Total","1987-10","0.372831976","A",
"5","8","1987-10","0.120008728","A",
"5","14","1987-10","0.803919843","A",
"5","15","1987-10","0.214474765","A",
"5","16","1987-10","0.048883819","A",
"5","17","1987-10","0.455526383","A",
"5","18","1987-10","0.32358012","A",
"5","20","1987-10","0.193912063","A",
"6","Total","1987-10","0.425924148","A",
"6","3","1987-10","0.594104045","A",
"6","4","1987-10","0.020103196","A",
"6","5","1987-10","0.195368236","A",
"6","6","1987-10","0.152879225","A",
"6","7","1987-10","0.197831184","A",
"6","9","1987-10","0.419406337","A",
"7","Total","1987-10","2.177471312","A",
"7","21","1987-10","2.177471312","A",
"Total","Total","1987-09","0.712619037","A",
"1","Total","1987-09","0.960986291","A",
"1","22","1987-09","0.845124553","A",
"1","23","1987-09","0.924748821","A",
"1","25","1987-09","1.146207213","A",
"2","Total","1987-09","0.78345633","A",
"2","2","1987-09","0.475693662","A",
"2","10","1987-09","0.823228793","A",
"2","11","1987-09","0.521784503","A",
"2","24","1987-09","2.218460902","A",
"2","26","1987-09","2.402473834","A",
"3","Total","1987-09","0.874409453","A",
"3","12","1987-09","1.825506243","A",
"3","13","1987-09","0.963195132","A",
"3","19","1987-09","0.400521032","A",
"4","Total","1987-09","0.393956136","A",
"4","1","1987-09","0.393956136","A",
"5","Total","1987-09","0.358057211","A",
"5","8","1987-09","0.109098844","A",
"5","14","1987-09","0.742305548","A",
"5","15","1987-09","0.187095008","A",
"5","16","1987-09","0.081473032","A",
"5","17","1987-09","0.451177682","A",
"5","18","1987-09","0.278603733","A",
"5","20","1987-09","0.201803833","A",
"6","Total","1987-09","0.430532885","A",
"6","3","1987-09","0.589740979","A",
"6","4","1987-09","0.033505327","A",
"6","5","1987-09","0.180002195","A",
"6","6","1987-09","0.161372516","A",
"6","7","1987-09","0.263774912","A",
"6","9","1987-09","0.454582352","A",
"7","Total","1987-09","2.090407286","A",
"7","21","1987-09","2.090407286","A",
"Total","Total","1987-08","0.720317082","A",
"1","Total","1987-08","0.920505873","A",
"1","22","1987-08","0.81845705","A",
"1","23","1987-08","0.876563461","A",
"1","25","1987-08","1.090212723","A",
"2","Total","1987-08","0.818962456","A",
"2","2","1987-08","0.509015199","A",
"2","10","1987-08","0.773810959","A",
"2","11","1987-08","0.600052178","A",
"2","24","1987-08","2.261098765","A",
"2","26","1987-08","2.53500068","A",
"3","Total","1987-08","0.889280362","A",
"3","12","1987-08","1.847995072","A",
"3","13","1987-08","0.975109058","A",
"3","19","1987-08","0.413369605","A",
"4","Total","1987-08","0.415918848","A",
"4","1","1987-08","0.415918848","A",
"5","Total","1987-08","0.372831976","A",
"5","8","1987-08","0.120008728","A",
"5","14","1987-08","0.836193997","A",
"5","15","1987-08","0.182531715","A",
"5","16","1987-08","0.065178426","A",
"5","17","1987-08","0.461505846","A",
"5","18","1987-08","0.281102421","A",
"5","20","1987-08","0.214205186","A",
"6","Total","1987-08","0.4343735","A",
"6","3","1987-08","0.591195334","A",
"6","4","1987-08","0.053608524","A",
"6","5","1987-08","0.180002195","A",
"6","6","1987-08","0.118906064","A",
"6","7","1987-08","0.278429074","A",
"6","9","1987-08","0.476229131","A",
"7","Total","1987-08","2.025979906","A",
"7","21","1987-08","2.025979906","A",
"Total","Total","1987-07","0.742440875","A",
"1","Total","1987-07","0.932555858","A",
"1","22","1987-07","0.814143189","A",
"1","23","1987-07","0.906294853","A",
"1","25","1987-07","1.115970189","A",
"2","Total","1987-07","0.873723828","A",
"2","2","1987-07","0.571521806","A",
"2","10","1987-07","0.781042837","A",
"2","11","1987-07","0.666206999","A",
"2","24","1987-07","2.23396558","A",
"2","26","1987-07","2.783063749","A",
"3","Total","1987-07","0.90758302","A",
"3","12","1987-07","1.86461725","A",
"3","13","1987-07","1.006268558","A",
"3","19","1987-07","0.426218178","A",
"4","Total","1987-07","0.428959208","A",
"4","1","1987-07","0.428959208","A",
"5","Total","1987-07","0.395686692","A",
"5","8","1987-07","0.158193323","A",
"5","14","1987-07","0.818589913","A",
"5","15","1987-07","0.223601351","A",
"5","16","1987-07","0.065178426","A",
"5","17","1987-07","0.504992852","A",
"5","18","1987-07","0.276105045","A",
"5","20","1987-07","0.22886133","A",
"6","Total","1987-07","0.441286606","A",
"6","3","1987-07","0.605011708","A",
"6","4","1987-07","0.033505327","A",
"6","5","1987-07","0.186587641","A",
"6","6","1987-07","0.110412774","A",
"6","7","1987-07","0.293083236","A",
"6","9","1987-07","0.470817436","A",
"7","Total","1987-07","1.978965331","A",
"7","21","1987-07","1.978965331","A",
"Total","Total","1987-06","0.754570148","A",
"1","Total","1987-06","0.951007398","A",
"1","22","1987-06","0.83257514","A",
"1","23","1987-06","0.966782858","A",
"1","25","1987-06","1.111490629","A",
"2","Total","1987-06","0.841768314","A",
"2","2","1987-06","0.558193191","A",
"2","10","1987-06","0.731625003","A",
"2","11","1987-06","0.644776564","A",
"2","24","1987-06","2.111220218","A",
"2","26","1987-06","2.725295637","A",
"3","Total","1987-06","0.975531635","A",
"3","12","1987-06","2.119816569","A",
"3","13","1987-06","1.035595146","A",
"3","19","1987-06","0.427990395","A",
"4","Total","1987-06","0.461731691","A",
"4","1","1987-06","0.461731691","A",
"5","Total","1987-06","0.397302682","A",
"5","8","1987-06","0.163648265","A",
"5","14","1987-06","0.883138221","A",
"5","15","1987-06","0.223601351","A",
"5","16","1987-06","0.065178426","A",
"5","17","1987-06","0.47400836","A",
"5","18","1987-06","0.34481897","A",
"5","20","1987-06","0.21307779","A",
"6","Total","1987-06","0.447431589","A",
"6","3","1987-06","0.607920418","A",
"6","4","1987-06","0.026804262","A",
"6","5","1987-06","0.186587641","A",
"6","6","1987-06","0.084932903","A",
"6","7","1987-06","0.315064478","A",
"6","9","1987-06","0.505993452","A",
"7","Total","1987-06","1.978965331","A",
"7","21","1987-06","1.978965331","A",
"Total","Total","1987-05","0.787044255","A",
"1","Total","1987-05","1.014834661","A",
"1","22","1987-05","0.900420405","A",
"1","23","1987-05","0.999589912","A",
"1","25","1987-05","1.186523246","A",
"2","Total","1987-05","0.85228359","A",
"2","2","1987-05","0.575658273","A",
"2","10","1987-05","0.788274715","A",
"2","11","1987-05","0.666206999","A",
"2","24","1987-05","2.034988888","A",
"2","26","1987-05","2.691314394","A",
"3","Total","1987-05","1.01854288","A",
"3","12","1987-05","2.243994016","A",
"3","13","1987-05","1.043843249","A",
"3","19","1987-05","0.451029215","A",
"4","Total","1987-05","0.489356664","A",
"4","1","1987-05","0.489356664","A",
"5","Total","1987-05","0.43885671","A",
"5","8","1987-05","0.180013092","A",
"5","14","1987-05","0.941818502","A",
"5","15","1987-05","0.278360865","A",
"5","16","1987-05","0.065178426","A",
"5","17","1987-05","0.50771079","A",
"5","18","1987-05","0.426026336","A",
"5","20","1987-05","0.233370913","A",
"6","Total","1987-05","0.446279405","A",
"6","3","1987-05","0.618828081","A",
"6","4","1987-05","0.060309589","A",
"6","5","1987-05","0.160245857","A",
"6","6","1987-05","0.093426193","A",
"6","7","1987-05","0.278429074","A",
"6","9","1987-05","0.48705252","A",
"7","Total","1987-05","2.032945028","A",
"7","21","1987-05","2.032945028","A",
"Total","Total","1987-04","0.81903319","A",
"1","Total","1987-04","1.083933793","A",
"1","22","1987-04","0.972579532","A",
"1","23","1987-04","1.156448636","A",
"1","25","1987-04","1.203321593","A",
"2","Total","1987-04","0.873996952","A",
"2","2","1987-04","0.606451969","A",
"2","10","1987-04","0.847335053","A",
"2","11","1987-04","0.685773918","A",
"2","24","1987-04","1.966509897","A",
"2","26","1987-04","2.718499388","A",
"3","Total","1987-04","1.03066839","A",
"3","12","1987-04","2.330038231","A",
"3","13","1987-04","1.047509073","A",
"3","19","1987-04","0.4337501","A",
"4","Total","1987-04","0.513035212","A",
"4","1","1987-04","0.513035212","A",
"5","Total","1987-04","0.455709177","A",
"5","8","1987-04","0.201832861","A",
"5","14","1987-04","0.950620544","A",
"5","15","1987-04","0.269234279","A",
"5","16","1987-04","0.065178426","A",
"5","17","1987-04","0.516408191","A",
"5","18","1987-04","0.45476125","A",
"5","20","1987-04","0.266065389","A",
"6","Total","1987-04","0.478540566","A",
"6","3","1987-04","0.658822845","A",
"6","4","1987-04","0.127320244","A",
"6","5","1987-04","0.184392493","A",
"6","6","1987-04","0.135892645","A",
"6","7","1987-04","0.285756155","A",
"6","9","1987-04","0.492464215","A",
"7","Total","1987-04","2.133068659","A",
"7","21","1987-04","2.133068659","A",
"Total","Total","1987-03","0.858202655","A",
"1","Total","1987-03","1.134769666","A",
"1","22","1987-03","1.006698249","A",
"1","23","1987-03","1.390198893","A",
"1","25","1987-03","1.178124073","A",
"2","Total","1987-03","0.885741286","A",
"2","2","1987-03","0.623227639","A",
"2","10","1987-03","0.873851939","A",
"2","11","1987-03","0.644776564","A",
"2","24","1987-03","1.997519252","A",
"2","26","1987-03","2.755878755","A",
"3","Total","1987-03","1.048513481","A",
"3","12","1987-03","2.290927224","A",
"3","13","1987-03","1.075919205","A",
"3","19","1987-03","0.472295818","A",
"4","Total","1987-03","0.548381451","A",
"4","1","1987-03","0.548381451","A",
"5","Total","1987-03","0.496108927","A",
"5","8","1987-03","0.240017456","A",
"5","14","1987-03","1.012234838","A",
"5","15","1987-03","0.310303915","A",
"5","16","1987-03","0.065178426","A",
"5","17","1987-03","0.54576192","A",
"5","18","1987-03","0.547212713","A",
"5","20","1987-03","0.277339346","A",
"6","Total","1987-03","0.517330773","A",
"6","3","1987-03","0.696636077","A",
"6","4","1987-03","0.167526637","A",
"6","5","1987-03","0.199758534","A",
"6","6","1987-03","0.178359096","A",
"6","7","1987-03","0.278429074","A",
"6","9","1987-03","0.57905133","A",
"7","Total","1987-03","2.389907538","A",
"7","21","1987-03","2.389907538","A",
"Total","Total","1987-02","0.919851706","A",
"1","Total","1987-02","1.263177317","A",
"1","22","1987-02","1.047876012","A",
"1","23","1987-02","1.913061308","A",
"1","25","1987-02","1.215640381","A",
"2","Total","1987-02","0.917287113","A",
"2","2","1987-02","0.673324846","A",
"2","10","1987-02","0.943760094","A",
"2","11","1987-02","0.635458984","A",
"2","24","1987-02","1.993643082","A",
"2","26","1987-02","2.647138779","A",
"3","Total","1987-02","1.117606012","A",
"3","12","1987-02","2.475726731","A",
"3","13","1987-02","1.151068588","A",
"3","19","1987-02","0.4860305","A",
"4","Total","1987-02","0.579952849","A",
"4","1","1987-02","0.579952849","A",
"5","Total","1987-02","0.542510925","A",
"5","8","1987-02","0.196377918","A",
"5","14","1987-02","0.994630754","A",
"5","15","1987-02","0.305740622","A",
"5","16","1987-02","0.097767639","A",
"5","17","1987-02","0.565331072","A",
"5","18","1987-02","0.735863672","A",
"5","20","1987-02","0.30777903","A",
"6","Total","1987-02","0.557273164","A",
"6","3","1987-02","0.746811327","A",
"6","4","1987-02","0.234537291","A",
"6","5","1987-02","0.252442103","A",
"6","6","1987-02","0.254798709","A",
"6","7","1987-02","0.300410317","A",
"6","9","1987-02","0.549287009","A",
"7","Total","1987-02","2.565776872","A",
"7","21","1987-02","2.565776872","A",
"Total","Total","1987-01","0.956789385","A",
"1","Total","1987-01","1.332653011","A",
"1","22","1987-01","1.089838113","A",
"1","23","1987-01","2.120155834","A",
"1","25","1987-01","1.249237075","A",
"2","Total","1987-01","0.949652313","A",
"2","2","1987-01","0.726409501","A",
"2","10","1987-01","0.916037895","A",
"2","11","1987-01","0.645708322","A",
"2","24","1987-01","2.028528606","A",
"2","26","1987-01","2.616555661","A",
"3","Total","1987-01","1.190816642","A",
"3","12","1987-01","2.745592678","A",
"3","13","1987-01","1.172147073","A",
"3","19","1987-01","0.495334639","A",
"4","Total","1987-01","0.574119004","A",
"4","1","1987-01","0.574119004","A",
"5","Total","1987-01","0.560055959","A",
"5","8","1987-01","0.180013092","A",
"5","14","1987-01","1.041574979","A",
"5","15","1987-01","0.314867208","A",
"5","16","1987-01","0.097767639","A",
"5","17","1987-01","0.583813049","A",
"5","18","1987-01","0.775842683","A",
"5","20","1987-01","0.302142052","A",
"6","Total","1987-01","0.592222756","A",
"6","3","1987-01","0.783897381","A",
"6","4","1987-01","0.288145815","A",
"6","5","1987-01","0.261222698","A",
"6","6","1987-01","0.305758451","A",
"6","7","1987-01","0.344372802","A",
"6","9","1987-01","0.592580567","A",
"7","Total","1987-01","2.638040015","A",
"7","21","1987-01","2.638040015","A",
"Total","Total","1986-12","0.867000421","A",
"1","Total","1986-12","1.160187603","A",
"1","22","1986-12","1.0251302","A",
"1","23","1986-12","1.507074021","A",
"1","25","1986-12","1.163565505","A",
"2","Total","1986-12","0.883829418","A",
"2","2","1986-12","0.662064465","A",
"2","10","1986-12","0.917243208","A",
"2","11","1986-12","0.629868436","A",
"2","24","1986-12","1.850224818","A",
"2","26","1986-12","2.453445698","A",
"3","Total","1986-12","1.119436278","A",
"3","12","1986-12","2.450304577","A",
"3","13","1986-12","1.21063822","A",
"3","19","1986-12","0.472295818","A",
"4","Total","1986-12","0.528820911","A",
"4","1","1986-12","0.528820911","A",
"5","Total","1986-12","0.448321794","A",
"5","8","1986-12","0.190922976","A",
"5","14","1986-12","1.067981105","A",
"5","15","1986-12","0.250981108","A",
"5","16","1986-12","0.097767639","A",
"5","17","1986-12","0.478357061","A",
"5","18","1986-12","0.458509283","A",
"5","20","1986-12","0.264937993","A",
"6","Total","1986-12","0.536533845","A",
"6","3","1986-12","0.715542693","A",
"6","4","1986-12","0.268042619","A",
"6","5","1986-12","0.217319723","A",
"6","6","1986-12","0.246305419","A",
"6","7","1986-12","0.337045721","A",
"6","9","1986-12","0.53846362","A",
"7","Total","1986-12","2.487419248","A",
"7","21","1986-12","2.487419248","A",
"Total","Total","1986-11","0.805221992","A",
"1","Total","1986-11","1.028955737","A",
"1","22","1986-11","0.919636694","A",
"1","23","1986-11","1.203608776","A",
"1","25","1986-11","1.089652778","A",
"2","Total","1986-11","0.808720305","A",
"2","2","1986-11","0.61150765","A",
"2","10","1986-11","0.841308488","A",
"2","11","1986-11","0.562781857","A",
"2","24","1986-11","1.706806553","A",
"2","26","1986-11","2.168003262","A",
"3","Total","1986-11","1.046683215","A",
"3","12","1986-11","2.280171697","A",
"3","13","1986-11","1.11715972","A",
"3","19","1986-11","0.45368754","A",
"4","Total","1986-11","0.499823269","A",
"4","1","1986-11","0.499823269","A",
"5","Total","1986-11","0.438394999","A",
"5","8","1986-11","0.158193323","A",
"5","14","1986-11","0.927148432","A",
"5","15","1986-11","0.260107694","A",
"5","16","1986-11","0.032589213","A",
"5","17","1986-11","0.445741807","A",
"5","18","1986-11","0.559706154","A",
"5","20","1986-11","0.255918828","A",
"6","Total","1986-11","0.498895823","A",
"6","3","1986-11","0.655186957","A",
"6","4","1986-11","0.247939422","A",
"6","5","1986-11","0.210734277","A",
"6","6","1986-11","0.28027858","A",
"6","7","1986-11","0.337045721","A",
"6","9","1986-11","0.503287605","A",
"7","Total","1986-11","2.456946839","A",
"7","21","1986-11","2.456946839","A",
"Total","Total","1986-10","0.744090457","A",
"1","Total","1986-10","0.957597233","A",
"1","22","1986-10","0.882772793","A",
"1","23","1986-10","0.966782858","A",
"1","25","1986-10","1.059415753","A",
"2","Total","1986-10","0.752866437","A",
"2","2","1986-10","0.566006517","A",
"2","10","1986-10","0.749704698","A",
"2","11","1986-10","0.544146696","A",
"2","24","1986-10","1.630575224","A",
"2","26","1986-10","1.977708305","A",
"3","Total","1986-10","1.000469006","A",
"3","12","1986-10","2.144260949","A",
"3","13","1986-10","1.08600022","A",
"3","19","1986-10","0.440838968","A",
"4","Total","1986-10","0.464820197","A",
"4","1","1986-10","0.464820197","A",
"5","Total","1986-10","0.365213738","A",
"5","8","1986-10","0.114553786","A",
"5","14","1986-10","0.809787871","A",
"5","15","1986-10","0.214474765","A",
"5","16","1986-10","0.065178426","A",
"5","17","1986-10","0.394644575","A",
"5","18","1986-10","0.39354339","A",
"5","20","1986-10","0.217587373","A",
"6","Total","1986-10","0.450120019","A",
"6","3","1986-10","0.629735744","A",
"6","4","1986-10","0.14742344","A",
"6","5","1986-10","0.18878279","A",
"6","6","1986-10","0.178359096","A",
"6","7","1986-10","0.212485346","A",
"6","9","1986-10","0.400465406","A",
"7","Total","1986-10","2.237545491","A",
"7","21","1986-10","2.237545491","A",
"Total","Total","1986-09","0.726591959","A",
"1","Total","1986-09","0.902995739","A",
"1","22","1986-09","0.844732384","A",
"1","23","1986-09","0.902193972","A",
"1","25","1986-09","0.986622916","A",
"2","Total","1986-09","0.742760847","A",
"2","2","1986-09","0.560261425","A",
"2","10","1986-09","0.728009064","A",
"2","11","1986-09","0.518989229","A",
"2","24","1986-09","1.652540183","A",
"2","26","1986-09","1.906347696","A",
"3","Total","1986-09","0.995435775","A",
"3","12","1986-09","2.128616546","A",
"3","13","1986-09","1.075919205","A",
"3","19","1986-09","0.443054239","A",
"4","Total","1986-09","0.464648614","A",
"4","1","1986-09","0.464648614","A",
"5","Total","1986-09","0.343282445","A",
"5","8","1986-09","0.092734017","A",
"5","14","1986-09","0.633747029","A",
"5","15","1986-09","0.237291229","A",
"5","16","1986-09","0.048883819","A",
"5","17","1986-09","0.41149579","A",
"5","18","1986-09","0.308587991","A",
"5","20","1986-09","0.219842165","A",
"6","Total","1986-09","0.461257801","A",
"6","3","1986-09","0.629735744","A",
"6","4","1986-09","0.134021309","A",
"6","5","1986-09","0.204148831","A",
"6","6","1986-09","0.246305419","A",
"6","7","1986-09","0.227139508","A",
"6","9","1986-09","0.438347268","A",
"7","Total","1986-09","2.160929147","A",
"7","21","1986-09","2.160929147","A",
"Total","Total","1986-08","0.73118491","A",
"1","Total","1986-08","0.845193468","A",
"1","22","1986-08","0.804731129","A",
"1","23","1986-08","0.793520607","A",
"1","25","1986-08","0.931188371","A",
"2","Total","1986-08","0.766249515","A",
"2","2","1986-08","0.590135906","A",
"2","10","1986-08","0.734035629","A",
"2","11","1986-08","0.563713615","A",
"2","24","1986-08","1.627991111","A",
"2","26","1986-08","1.93353269","A",
"3","Total","1986-08","1.014195999","A",
"3","12","1986-08","2.158927576","A",
"3","13","1986-08","1.078668573","A",
"3","19","1986-08","0.464320842","A",
"4","Total","1986-08","0.508059286","A",
"4","1","1986-08","0.508059286","A",
"5","Total","1986-08","0.355517798","A",
"5","8","1986-08","0.109098844","A",
"5","14","1986-08","0.645483085","A",
"5","15","1986-08","0.273797572","A",
"5","16","1986-08","0.048883819","A",
"5","17","1986-08","0.440305931","A",
"5","18","1986-08","0.284850454","A",
"5","20","1986-08","0.224351747","A",
"6","Total","1986-08","0.454344695","A",
"6","3","1986-08","0.649369537","A",
"6","4","1986-08","0.093814917","A",
"6","5","1986-08","0.166831303","A",
"6","6","1986-08","0.254798709","A",
"6","7","1986-08","0.256447831","A",
"6","9","1986-08","0.36528939","A",
"7","Total","1986-08","2.079959602","A",
"7","21","1986-08","2.079959602","A",
"Total","Total","1986-07","0.741955705","A",
"1","Total","1986-07","0.836532542","A",
"1","22","1986-07","0.789828701","A",
"1","23","1986-07","0.812999795","A",
"1","25","1986-07","0.916069859","A",
"2","Total","1986-07","0.7814079","A",
"2","2","1986-07","0.639543702","A",
"2","10","1986-07","0.719571873","A",
"2","11","1986-07","0.622414371","A",
"2","24","1986-07","1.485864903","A",
"2","26","1986-07","1.780617099","A",
"3","Total","1986-07","1.038218236","A",
"3","12","1986-07","2.169683103","A",
"3","13","1986-07","1.105245793","A",
"3","19","1986-07","0.493119368","A",
"4","Total","1986-07","0.539802267","A",
"4","1","1986-07","0.539802267","A",
"5","Total","1986-07","0.358749778","A",
"5","8","1986-07","0.103643901","A",
"5","14","1986-07","0.583868791","A",
"5","15","1986-07","0.33312038","A",
"5","16","1986-07","0.081473032","A",
"5","17","1986-07","0.466941722","A",
"5","18","1986-07","0.248619475","A",
"5","20","1986-07","0.225479143","A",
"6","Total","1986-07","0.455880941","A",
"6","3","1986-07","0.666821798","A",
"6","4","1986-07","0.113918113","A",
"6","5","1986-07","0.180002195","A",
"6","6","1986-07","0.237812128","A",
"6","7","1986-07","0.212485346","A",
"6","9","1986-07","0.308466596","A",
"7","Total","1986-07","2.045133992","A",
"7","21","1986-07","2.045133992","A",
"Total","Total","1986-06","0.753793875","A",
"1","Total","1986-06","0.852536428","A",
"1","22","1986-06","0.756102152","A",
"1","23","1986-06","0.842731187","A",
"1","25","1986-06","0.995582035","A",
"2","Total","1986-06","0.759967662","A",
"2","2","1986-06","0.616793135","A",
"2","10","1986-06","0.667743413","A",
"2","11","1986-06","0.639186016","A",
"2","24","1986-06","1.47940462","A",
"2","26","1986-06","1.685469621","A",
"3","Total","1986-06","1.113259131","A",
"3","12","1986-06","2.390660292","A",
"3","13","1986-06","1.15931669","A",
"3","19","1986-06","0.5121707","A",
"4","Total","1986-06","0.572059999","A",
"4","1","1986-06","0.572059999","A",
"5","Total","1986-06","0.381835349","A",
"5","8","1986-06","0.114553786","A",
"5","14","1986-06","0.589736819","A",
"5","15","1986-06","0.328557087","A",
"5","16","1986-06","0.032589213","A",
"5","17","1986-06","0.483249349","A",
"5","18","1986-06","0.307338647","A",
"5","20","1986-06","0.251409245","A",
"6","Total","1986-06","0.440902544","A",
"6","3","1986-06","0.631917276","A",
"6","4","1986-06","0.087113851","A",
"6","5","1986-06","0.1712216","A",
"6","6","1986-06","0.195345677","A",
"6","7","1986-06","0.285756155","A",
"6","9","1986-06","0.340936764","A",
"7","Total","1986-06","1.924114994","A",
"7","21","1986-06","1.924114994","A",
"Total","Total","1986-05","0.816833749","A",
"1","Total","1986-05","0.93650976","A",
"1","22","1986-05","0.84159503","A",
"1","23","1986-05","1.024195202","A",
"1","25","1986-05","1.024139225","A",
"2","Total","1986-05","0.798478153","A",
"2","2","1986-05","0.673784453","A",
"2","10","1986-05","0.687028421","A",
"2","11","1986-05","0.665275241","A",
"2","24","1986-05","1.493617241","A",
"2","26","1986-05","1.614109012","A",
"3","Total","1986-05","1.204086068","A",
"3","12","1986-05","2.603815279","A",
"3","13","1986-05","1.215220499","A",
"3","19","1986-05","0.5644511","A",
"4","Total","1986-05","0.628854198","A",
"4","1","1986-05","0.628854198","A",
"5","Total","1986-05","0.432623606","A",
"5","8","1986-05","0.092734017","A",
"5","14","1986-05","0.660153156","A",
"5","15","1986-05","0.39700648","A",
"5","16","1986-05","0.081473032","A",
"5","17","1986-05","0.499013389","A",
"5","18","1986-05","0.443517153","A",
"5","20","1986-05","0.301014656","A",
"6","Total","1986-05","0.48199712","A",
"6","3","1986-05","0.679183816","A",
"6","4","1986-05","0.107217048","A",
"6","5","1986-05","0.226100318","A",
"6","6","1986-05","0.246305419","A",
"6","7","1986-05","0.322391559","A",
"6","9","1986-05","0.349054306","A",
"7","Total","1986-05","2.068641279","A",
"7","21","1986-05","2.068641279","A",
"Total","Total","1986-04","0.868100142","A",
"1","Total","1986-04","1.008621388","A",
"1","22","1986-04","0.880811947","A",
"1","23","1986-04","1.278449867","A",
"1","25","1986-04","1.043737296","A",
"2","Total","1986-04","0.853785772","A",
"2","2","1986-04","0.716298138","A",
"2","10","1986-04","0.789480028","A",
"2","11","1986-04","0.702545563","A",
"2","24","1986-04","1.590521474","A",
"2","26","1986-04","1.682071497","A",
"3","Total","1986-04","1.250300278","A",
"3","12","1986-04","2.690837269","A",
"3","13","1986-04","1.273873676","A",
"3","19","1986-04","0.586160758","A",
"4","Total","1986-04","0.667632111","A",
"4","1","1986-04","0.667632111","A",
"5","Total","1986-04","0.457556023","A",
"5","8","1986-04","0.098188959","A",
"5","14","1986-04","0.733503506","A",
"5","15","1986-04","0.355936844","A",
"5","16","1986-04","0.097767639","A",
"5","17","1986-04","0.51205949","A",
"5","18","1986-04","0.543464681","A",
"5","20","1986-04","0.285231116","A",
"6","Total","1986-04","0.539606337","A",
"6","3","1986-04","0.765717942","A",
"6","4","1986-04","0.160825571","A",
"6","5","1986-04","0.243661508","A",
"6","6","1986-04","0.237812128","A",
"6","7","1986-04","0.293083236","A",
"6","9","1986-04","0.403171253","A",
"7","Total","1986-04","2.165282349","A",
"7","21","1986-04","2.165282349","A",
"Total","Total","1986-03","0.916099718","A",
"1","Total","1986-03","1.09090019","A",
"1","22","1986-03","0.932578277","A",
"1","23","1986-03","1.558335042","A",
"1","25","1986-03","1.061655533","A",
"2","Total","1986-03","0.903494349","A",
"2","2","1986-03","0.764097308","A",
"2","10","1986-03","0.867825374","A",
"2","11","1986-03","0.714658418","A",
"2","24","1986-03","1.627991111","A",
"2","26","1986-03","1.848579584","A",
"3","Total","1986-03","1.230624921","A",
"3","12","1986-03","2.547104319","A",
"3","13","1986-03","1.263792661","A",
"3","19","1986-03","0.618060663","A",
"4","Total","1986-03","0.707782693","A",
"4","1","1986-03","0.707782693","A",
"5","Total","1986-03","0.50672829","A",
"5","8","1986-03","0.152738381","A",
"5","14","1986-03","0.842062025","A",
"5","15","1986-03","0.374190016","A",
"5","16","1986-03","0.211829884","A",
"5","17","1986-03","0.531085055","A",
"5","18","1986-03","0.667149746","A",
"5","20","1986-03","0.308906426","A",
"6","Total","1986-03","0.608737398","A",
"6","3","1986-03","0.871885862","A",
"6","4","1986-03","0.167526637","A",
"6","5","1986-03","0.254637252","A",
"6","6","1986-03","0.237812128","A",
"6","7","1986-03","0.337045721","A",
"6","9","1986-03","0.462699894","A",
"7","Total","1986-03","2.288913267","A",
"7","21","1986-03","2.288913267","A",
"Total","Total","1986-02","0.984735229","A",
"1","Total","1986-02","1.257340606","A",
"1","22","1986-02","1.009051264","A",
"1","23","1986-02","2.198072586","A",
"1","25","1986-02","1.098051952","A",
"2","Total","1986-02","0.976008784","A",
"2","2","1986-02","0.841081548","A",
"2","10","1986-02","0.953402599","A",
"2","11","1986-02","0.789199061","A",
"2","24","1986-02","1.678381312","A",
"2","26","1986-02","1.868968329","A",
"3","Total","1986-02","1.248012446","A",
"3","12","1986-02","2.635104084","A",
"3","13","1986-02","1.279372411","A",
"3","19","1986-02","0.604325982","A",
"4","Total","1986-02","0.729059069","A",
"4","1","1986-02","0.729059069","A",
"5","Total","1986-02","0.555900557","A",
"5","8","1986-02","0.152738381","A",
"5","14","1986-02","0.974092656","A",
"5","15","1986-02","0.401569773","A",
"5","16","1986-02","0.114062245","A",
"5","17","1986-02","0.564787484","A",
"5","18","1986-02","0.784588091","A",
"5","20","1986-02","0.322435175","A",
"6","Total","1986-02","0.624483917","A",
"6","3","1986-02","0.871158685","A",
"6","4","1986-02","0.214434095","A",
"6","5","1986-02","0.296345077","A",
"6","6","1986-02","0.27178529","A",
"6","7","1986-02","0.395662368","A",
"6","9","1986-02","0.473523284","A",
"7","Total","1986-02","2.509185255","A",
"7","21","1986-02","2.509185255","A",
"Total","Total","1986-01","1.025004415","A",
"1","Total","1986-01","1.313448348","A",
"1","22","1986-01","1.036895275","A",
"1","23","1986-01","2.405167111","A",
"1","25","1986-01","1.112050574","A",
"2","Total","1986-01","1.023532368","A",
"2","2","1986-01","0.857397611","A",
"2","10","1986-01","0.919653834","A",
"2","11","1986-01","0.848831575","A",
"2","24","1986-01","1.877358003","A",
"2","26","1986-01","2.164605138","A",
"3","Total","1986-01","1.273407383","A",
"3","12","1986-01","2.63999296","A",
"3","13","1986-01","1.328861029","A",
"3","19","1986-01","0.627364802","A",
"4","Total","1986-01","0.753595536","A",
"4","1","1986-01","0.753595536","A",
"5","Total","1986-01","0.589374635","A",
"5","8","1986-01","0.147283439","A",
"5","14","1986-01","1.18827568","A",
"5","15","1986-01","0.419822944","A",
"5","16","1986-01","0.065178426","A",
"5","17","1986-01","0.587074575","A",
"5","18","1986-01","0.767097274","A",
"5","20","1986-01","0.373167982","A",
"6","Total","1986-01","0.689390302","A",
"6","3","1986-01","0.954056923","A",
"6","4","1986-01","0.247939422","A",
"6","5","1986-01","0.357809242","A",
"6","6","1986-01","0.314251741","A",
"6","7","1986-01","0.41031653","A",
"6","9","1986-01","0.514110994","A",
"7","Total","1986-01","2.536175103","A",
"7","21","1986-01","2.536175103","A",
"Total","Total","1985-12","0.971764994","A",
"1","Total","1985-12","1.125355616","A",
"1","22","1985-12","0.956500596","A",
"1","23","1985-12","1.632150912","A",
"1","25","1985-12","1.089652778","A",
"2","Total","1985-12","1.008373983","A",
"2","2","1985-12","0.864291722","A",
"2","10","1985-12","0.896752887","A",
"2","11","1985-12","0.869330252","A",
"2","24","1985-12","1.763657037","A",
"2","26","1985-12","1.974310181","A",
"3","Total","1985-12","1.254875942","A",
"3","12","1985-12","2.593059752","A",
"3","13","1985-12","1.344440779","A",
"3","19","1985-12","0.60521209","A",
"4","Total","1985-12","0.72631373","A",
"4","1","1985-12","0.72631373","A",
"5","Total","1985-12","0.553361144","A",
"5","8","1985-12","0.169103208","A",
"5","14","1985-12","1.329108353","A",
"5","15","1985-12","0.355936844","A",
"5","16","1985-12","0.065178426","A",
"5","17","1985-12","0.550654208","A",
"5","18","1985-12","0.60718123","A",
"5","20","1985-12","0.374295378","A",
"6","Total","1985-12","0.722035526","A",
"6","3","1985-12","0.996960398","A",
"6","4","1985-12","0.288145815","A",
"6","5","1985-12","0.375370431","A",
"6","6","1985-12","0.254798709","A",
"6","7","1985-12","0.446951934","A",
"6","9","1985-12","0.551992857","A",
"7","Total","1985-12","2.340281043","A",
"7","21","1985-12","2.340281043","A",
"Total","Total","1985-11","0.903905755","A",
"1","Total","1985-11","1.002972957","A",
"1","22","1985-11","0.909048127","A",
"1","23","1985-11","1.139019889","A",
"1","25","1985-11","1.062775423","A",
"2","Total","1985-11","0.954022298","A",
"2","2","1985-11","0.801325508","A",
"2","10","1985-11","0.866620061","A",
"2","11","1985-11","0.790130819","A",
"2","24","1985-11","1.739107964","A",
"2","26","1985-11","1.991300802","A",
"3","Total","1985-11","1.208890516","A",
"3","12","1985-11","2.49626001","A",
"3","13","1985-11","1.298617985","A",
"3","19","1985-11","0.58217327","A",
"4","Total","1985-11","0.66574469","A",
"4","1","1985-11","0.66574469","A",
"5","Total","1985-11","0.512268827","A",
"5","8","1985-11","0.169103208","A",
"5","14","1985-11","1.141331456","A",
"5","15","1985-11","0.319430501","A",
"5","16","1985-11","0.032589213","A",
"5","17","1985-11","0.506623615","A",
"5","18","1985-11","0.628420079","A",
"5","20","1985-11","0.329199549","A",
"6","Total","1985-11","0.65175228","A",
"6","3","1985-11","0.887883768","A",
"6","4","1985-11","0.241238357","A",
"6","5","1985-11","0.362199539","A",
"6","6","1985-11","0.27178529","A",
"6","7","1985-11","0.424970692","A",
"6","9","1985-11","0.500581757","A",
"7","Total","1985-11","2.222744606","A",
"7","21","1985-11","2.222744606","A",
"Total","Total","1985-10","0.831421221","A",
"1","Total","1985-10","0.949501149","A",
"1","22","1985-10","0.862772165","A",
"1","23","1985-10","0.958581095","A",
"1","25","1985-10","1.068374872","A",
"2","Total","1985-10","0.873723828","A",
"2","2","1985-10","0.720664408","A",
"2","10","1985-10","0.753320637","A",
"2","11","1985-10","0.7705639","A",
"2","24","1985-10","1.642203731","A",
"2","26","1985-10","1.831588963","A",
"3","Total","1985-10","1.139340418","A",
"3","12","1985-10","2.412171345","A",
"3","13","1985-10","1.194142014","A",
"3","19","1985-10","0.536095629","A",
"4","Total","1985-10","0.606719903","A",
"4","1","1985-10","0.606719903","A",
"5","Total","1985-10","0.44532067","A",
"5","8","1985-10","0.17455815","A",
"5","14","1985-10","0.974092656","A",
"5","15","1985-10","0.292050744","A",
"5","16","1985-10","0.048883819","A",
"5","17","1985-10","0.478900648","A",
"5","18","1985-10","0.44851453","A",
"5","20","1985-10","0.290868095","A",
"6","Total","1985-10","0.544215074","A",
"6","3","1985-10","0.743902616","A",
"6","4","1985-10","0.140722375","A",
"6","5","1985-10","0.287564482","A",
"6","6","1985-10","0.246305419","A",
"6","7","1985-10","0.402989449","A",
"6","9","1985-10","0.427523879","A",
"7","Total","1985-10","2.091277926","A",
"7","21","1985-10","2.091277926","A",
"Total","Total","1985-09","0.823496763","A",
"1","Total","1985-09","0.941781628","A",
"1","22","1985-09","0.861595658","A",
"1","23","1985-09","0.942177568","A",
"1","25","1985-09","1.056056084","A",
"2","Total","1985-09","0.875772258","A",
"2","2","1985-09","0.707795401","A",
"2","10","1985-09","0.811175662","A",
"2","11","1985-09","0.785472029","A",
"2","24","1985-09","1.643495788","A",
"2","26","1985-09","1.851977708","A",
"3","Total","1985-09","1.130417873","A",
"3","12","1985-09","2.347638184","A",
"3","13","1985-09","1.196891382","A",
"3","19","1985-09","0.546728931","A",
"4","Total","1985-09","0.621132933","A",
"4","1","1985-09","0.621132933","A",
"5","Total","1985-09","0.411154025","A",
"5","8","1985-09","0.218197687","A",
"5","14","1985-09","0.886072235","A",
"5","15","1985-09","0.287487451","A",
"5","16","1985-09","0.097767639","A",
"5","17","1985-09","0.464223784","A",
"5","18","1985-09","0.347317658","A",
"5","20","1985-09","0.26832018","A",
"6","Total","1985-09","0.515794527","A",
"6","3","1985-09","0.70754374","A",
"6","4","1985-09","0.167526637","A",
"6","5","1985-09","0.252442103","A",
"6","6","1985-09","0.254798709","A",
"6","7","1985-09","0.307737397","A",
"6","9","1985-09","0.427523879","A",
"7","Total","1985-09","2.054711034","A",
"7","21","1985-09","2.054711034","A",
"Total","Total","1985-08","0.842192015","A",
"1","Total","1985-08","0.895841061","A",
"1","22","1985-08","0.836889","A",
"1","23","1985-08","0.881689563","A",
"1","25","1985-08","0.987742806","A",
"2","Total","1985-08","0.918925858","A",
"2","2","1985-08","0.759501234","A",
"2","10","1985-08","0.77019502","A",
"2","11","1985-08","0.832991689","A",
"2","24","1985-08","1.705514497","A",
"2","26","1985-08","1.940328938","A",
"3","Total","1985-08","1.191274208","A",
"3","12","1985-08","2.511904413","A",
"3","13","1985-08","1.22163569","A",
"3","19","1985-08","0.578185782","A",
"4","Total","1985-08","0.653219081","A",
"4","1","1985-08","0.653219081","A",
"5","Total","1985-08","0.426621357","A",
"5","8","1985-08","0.196377918","A",
"5","14","1985-08","0.912478362","A",
"5","15","1985-08","0.305740622","A",
"5","16","1985-08","0.065178426","A",
"5","17","1985-08","0.510428728","A",
"5","18","1985-08","0.32358012","A",
"5","20","1985-08","0.261555806","A",
"6","Total","1985-08","0.539990398","A",
"6","3","1985-08","0.748992859","A",
"6","4","1985-08","0.14742344","A",
"6","5","1985-08","0.252442103","A",
"6","6","1985-08","0.27178529","A",
"6","7","1985-08","0.359026964","A",
"6","9","1985-08","0.427523879","A",
"7","Total","1985-08","1.987671734","A",
"7","21","1985-08","1.987671734","A",
"Total","Total","1985-07","0.866256492","A",
"1","Total","1985-07","0.899794962","A",
"1","22","1985-07","0.821594403","A",
"1","23","1985-07","0.887840886","A",
"1","25","1985-07","1.017979831","A",
"2","Total","1985-07","0.970273179","A",
"2","2","1985-07","0.801555311","A",
"2","10","1985-07","0.772605646","A",
"2","11","1985-07","0.956915508","A",
"2","24","1985-07","1.815339294","A",
"2","26","1985-07","1.848579584","A",
"3","Total","1985-07","1.241377733","A",
"3","12","1985-07","2.55492652","A",
"3","13","1985-07","1.328861029","A",
"3","19","1985-07","0.603882927","A",
"4","Total","1985-07","0.692854912","A",
"4","1","1985-07","0.692854912","A",
"5","Total","1985-07","0.433085317","A",
"5","8","1985-07","0.163648265","A",
"5","14","1985-07","1.012234838","A",
"5","15","1985-07","0.319430501","A",
"5","16","1985-07","0.081473032","A",
"5","17","1985-07","0.509341552","A",
"5","18","1985-07","0.293595862","A",
"5","20","1985-07","0.286358512","A",
"6","Total","1985-07","0.525780125","A",
"6","3","1985-07","0.735176486","A",
"6","4","1985-07","0.14742344","A",
"6","5","1985-07","0.219514872","A",
"6","6","1985-07","0.229318838","A",
"6","7","1985-07","0.373681125","A",
"6","9","1985-07","0.427523879","A",
"7","Total","1985-07","1.905831549","A",
"7","21","1985-07","1.905831549","A",
"Total","Total","1985-06","0.887345255","A",
"1","Total","1985-06","0.938957413","A",
"1","22","1985-06","0.820810065","A",
"1","23","1985-06","0.94627845","A",
"1","25","1985-06","1.103651401","A",
"2","Total","1985-06","0.975599098","A",
"2","2","1985-06","0.831199989","A",
"2","10","1985-06","0.788274715","A",
"2","11","1985-06","0.959710782","A",
"2","24","1985-06","1.68613365","A",
"2","26","1985-06","1.828190839","A",
"3","Total","1985-06","1.282101145","A",
"3","12","1985-06","2.626304108","A",
"3","13","1985-06","1.37743319","A",
"3","19","1985-06","0.626921748","A",
"4","Total","1985-06","0.750678613","A",
"4","1","1985-06","0.750678613","A",
"5","Total","1985-06","0.455247466","A",
"5","8","1985-06","0.147283439","A",
"5","14","1985-06","1.041574979","A",
"5","15","1985-06","0.342246965","A",
"5","16","1985-06","0.032589213","A",
"5","17","1985-06","0.528367117","A",
"5","18","1985-06","0.359811099","A",
"5","20","1985-06","0.285231116","A",
"6","Total","1985-06","0.507345175","A",
"6","3","1985-06","0.680638171","A",
"6","4","1985-06","0.194330899","A",
"6","5","1985-06","0.230490616","A",
"6","6","1985-06","0.297265161","A",
"6","7","1985-06","0.388335287","A",
"6","9","1985-06","0.441053116","A",
"7","Total","1985-06","1.768270386","A",
"7","21","1985-06","1.768270386","A",
"Total","Total","1985-05","0.972994093","A",
"1","Total","1985-05","1.056068203","A",
"1","22","1985-05","0.962775303","A",
"1","23","1985-05","1.023169982","A",
"1","25","1985-05","1.207241207","A",
"2","Total","1985-05","1.06955377","A",
"2","2","1985-05","0.922661862","A",
"2","10","1985-05","0.893136948","A",
"2","11","1985-05","1.052886586","A",
"2","24","1985-05","1.793374335","A",
"2","26","1985-05","1.896153323","A",
"3","Total","1985-05","1.387112641","A",
"3","12","1985-05","2.889325628","A",
"3","13","1985-05","1.469078779","A",
"3","19","1985-05","0.666796629","A",
"4","Total","1985-05","0.825832267","A",
"4","1","1985-05","0.825832267","A",
"5","Total","1985-05","0.522657334","A",
"5","8","1985-05","0.212742745","A",
"5","14","1985-05","1.194143708","A",
"5","15","1985-05","0.33312038","A",
"5","16","1985-05","0.097767639","A",
"5","17","1985-05","0.593054038","A",
"5","18","1985-05","0.463506659","A",
"5","20","1985-05","0.312288613","A",
"6","Total","1985-05","0.515026404","A",
"6","3","1985-05","0.674093573","A",
"6","4","1985-05","0.20773303","A",
"6","5","1985-05","0.300735375","A",
"6","6","1985-05","0.27178529","A",
"6","7","1985-05","0.388335287","A",
"6","9","1985-05","0.435641421","A",
"7","Total","1985-05","1.880582981","A",
"7","21","1985-05","1.880582981","A",
"Total","Total","1985-04","1.057381487","A",
"1","Total","1985-04","1.141924345","A",
"1","22","1985-04","1.018463324","A",
"1","23","1985-04","1.199507894","A",
"1","25","1985-04","1.286753383","A",
"2","Total","1985-04","1.179076513","A",
"2","2","1985-04","1.01871981","A",
"2","10","1985-04","0.971482294","A",
"2","11","1985-04","1.117177891","A",
"2","24","1985-04","2.058245904","A",
"2","26","1985-04","2.049068914","A",
"3","Total","1985-04","1.44888411","A",
"3","12","1985-04","3.035991904","A",
"3","13","1985-04","1.534147146","A",
"3","19","1985-04","0.688506287","A",
"4","Total","1985-04","0.902015422","A",
"4","1","1985-04","0.902015422","A",
"5","Total","1985-04","0.563980507","A",
"5","8","1985-04","0.234562514","A",
"5","14","1985-04","1.39952469","A",
"5","15","1985-04","0.433512823","A",
"5","16","1985-04","0.048883819","A",
"5","17","1985-04","0.621320592","A",
"5","18","1985-04","0.504735014","A",
"5","20","1985-04","0.313416009","A",
"6","Total","1985-04","0.621411426","A",
"6","3","1985-04","0.852979246","A",
"6","4","1985-04","0.227836226","A",
"6","5","1985-04","0.331467457","A",
"6","6","1985-04","0.263291999","A",
"6","7","1985-04","0.439624853","A",
"6","9","1985-04","0.4572882","A",
"7","Total","1985-04","2.038168869","A",
"7","21","1985-04","2.038168869","A",
"Total","Total","1985-03","1.117089854","A",
"1","Total","1985-03","1.235688289","A",
"1","22","1985-03","1.086700759","A",
"1","23","1985-03","1.457863441","A",
"1","25","1985-03","1.327069416","A",
"2","Total","1985-03","1.218406376","A",
"2","2","1985-03","1.03365705","A",
"2","10","1985-03","0.993177928","A",
"2","11","1985-03","1.154448213","A",
"2","24","1985-03","2.153858081","A",
"2","26","1985-03","2.358298219","A",
"3","Total","1985-03","1.464898935","A",
"3","12","1985-03","3.089769538","A",
"3","13","1985-03","1.474577514","A",
"3","19","1985-03","0.723950626","A",
"4","Total","1985-03","0.96807514","A",
"4","1","1985-03","0.96807514","A",
"5","Total","1985-03","0.616153898","A",
"5","8","1985-03","0.223652629","A",
"5","14","1985-03","1.578499545","A",
"5","15","1985-03","0.419822944","A",
"5","16","1985-03","0.032589213","A",
"5","17","1985-03","0.635453868","A",
"5","18","1985-03","0.663401714","A",
"5","20","1985-03","0.333709132","A",
"6","Total","1985-03","0.687085934","A",
"6","3","1985-03","0.946057971","A",
"6","4","1985-03","0.274743684","A",
"6","5","1985-03","0.340248052","A",
"6","6","1985-03","0.263291999","A",
"6","7","1985-03","0.461606096","A",
"6","9","1985-03","0.535757773","A",
"7","Total","1985-03","2.219262045","A",
"7","21","1985-03","2.219262045","A",
"Total","Total","1985-02","1.214415139","A",
"1","Total","1985-02","1.380099827","A",
"1","22","1985-02","1.176899667","A",
"1","23","1985-02","1.877178593","A",
"1","25","1985-02","1.398742364","A",
"2","Total","1985-02","1.343087503","A",
"2","2","1985-02","1.135689894","A",
"2","10","1985-02","1.082371092","A",
"2","11","1985-02","1.263463904","A",
"2","24","1985-02","2.425189932","A",
"2","26","1985-02","2.589370667","A",
"3","Total","1985-02","1.520950823","A",
"3","12","1985-02","3.091725089","A",
"3","13","1985-02","1.538729426","A",
"3","19","1985-02","0.800599009","A",
"4","Total","1985-02","1.032419021","A",
"4","1","1985-02","1.032419021","A",
"5","Total","1985-02","0.669481567","A",
"5","8","1985-02","0.180013092","A",
"5","14","1985-02","1.748672359","A",
"5","15","1985-02","0.451765994","A",
"5","16","1985-02","0.016294606","A",
"5","17","1985-02","0.687094688","A",
"5","18","1985-02","0.698383349","A",
"5","20","1985-02","0.392333709","A",
"6","Total","1985-02","0.761593855","A",
"6","3","1985-02","1.015867014","A",
"6","4","1985-02","0.308249012","A",
"6","5","1985-02","0.443420042","A",
"6","6","1985-02","0.373704773","A",
"6","7","1985-02","0.534876905","A",
"6","9","1985-02","0.597992261","A",
"7","Total","1985-02","2.466523882","A",
"7","21","1985-02","2.466523882","A",
"Total","Total","1985-01","1.28968132","A",
"1","Total","1985-01","1.428676328","A",
"1","22","1985-01","1.194155111","A",
"1","23","1985-01","2.034037318","A",
"1","25","1985-01","1.432899003","A",
"2","Total","1985-01","1.444826211","A",
"2","2","1985-01","1.224164319","A",
"2","10","1985-01","1.098040161","A",
"2","11","1985-01","1.384592449","A",
"2","24","1985-01","2.594449326","A",
"2","26","1985-01","2.881609352","A",
"3","Total","1985-01","1.583866208","A",
"3","12","1985-01","3.188524831","A",
"3","13","1985-01","1.608380073","A",
"3","19","1985-01","0.844904433","A",
"4","Total","1985-01","1.095561816","A",
"4","1","1985-01","1.095561816","A",
"5","Total","1985-01","0.741046838","A",
"5","8","1985-01","0.201832861","A",
"5","14","1985-01","1.907109116","A",
"5","15","1985-01","0.46089258","A",
"5","16","1985-01","0.032589213","A",
"5","17","1985-01","0.750694433","A",
"5","18","1985-01","0.82706579","A",
"5","20","1985-01","0.425028185","A",
"6","Total","1985-01","0.846087374","A",
"6","3","1985-01","1.139487194","A",
"6","4","1985-01","0.388661797","A",
"6","5","1985-01","0.452200637","A",
"6","6","1985-01","0.424664515","A",
"6","7","1985-01","0.593493552","A",
"6","9","1985-01","0.652109208","A",
"7","Total","1985-01","2.597990562","A",
"7","21","1985-01","2.597990562","A",
"Total","Total","1984-12","1.223406974","A",
"1","Total","1984-12","1.255457796","A",
"1","22","1984-12","1.144741796","A",
"1","23","1984-12","1.251794136","A",
"1","25","1984-12","1.415540711","A",
"2","Total","1984-12","1.456843669","A",
"2","2","1984-12","1.214972171","A",
"2","10","1984-12","1.064291396","A",
"2","11","1984-12","1.381797175","A",
"2","24","1984-12","2.686185333","A",
"2","26","1984-12","3.180644284","A",
"3","Total","1984-12","1.508138963","A",
"3","12","1984-12","2.92941441","A",
"3","13","1984-12","1.637706661","A",
"3","19","1984-12","0.801485118","A",
"4","Total","1984-12","1.039968703","A",
"4","1","1984-12","1.039968703","A",
"5","Total","1984-12","0.660247339","A",
"5","8","1984-12","0.196377918","A",
"5","14","1984-12","1.810286653","A",
"5","15","1984-12","0.419822944","A",
"5","16","1984-12","0.016294606","A",
"5","17","1984-12","0.687638275","A",
"5","18","1984-12","0.592189101","A",
"5","20","1984-12","0.422773393","A",
"6","Total","1984-12","0.795391263","A",
"6","3","1984-12","1.077677104","A",
"6","4","1984-12","0.348455404","A",
"6","5","1984-12","0.355614093","A",
"6","6","1984-12","0.331238322","A",
"6","7","1984-12","0.681418523","A",
"6","9","1984-12","0.657520903","A",
"7","Total","1984-12","2.528339341","A",
"7","21","1984-12","2.528339341","A",
"Total","Total","1984-11","1.163730951","A",
"1","Total","1984-11","1.18748835","A",
"1","22","1984-11","1.116505616","A",
"1","23","1984-11","1.101086734","A",
"1","25","1984-11","1.336028535","A",
"2","Total","1984-11","1.39347889","A",
"2","2","1984-11","1.16901143","A",
"2","10","1984-11","0.979919485","A",
"2","11","1984-11","1.301665983","A",
"2","24","1984-11","2.595741382","A",
"2","26","1984-11","3.051515563","A",
"3","Total","1984-11","1.445223578","A",
"3","12","1984-11","2.761237081","A",
"3","13","1984-11","1.575387661","A",
"3","19","1984-11","0.785978219","A",
"4","Total","1984-11","0.966359303","A",
"4","1","1984-11","0.966359303","A",
"5","Total","1984-11","0.65424509","A",
"5","8","1984-11","0.141828497","A",
"5","14","1984-11","1.719332218","A",
"5","15","1984-11","0.374190016","A",
"5","16","1984-11","0.048883819","A",
"5","17","1984-11","0.677853699","A",
"5","18","1984-11","0.647160241","A",
"5","20","1984-11","0.419391206","A",
"6","Total","1984-11","0.740086414","A",
"6","3","1984-11","1.033319275","A",
"6","4","1984-11","0.308249012","A",
"6","5","1984-11","0.294149929","A",
"6","6","1984-11","0.373704773","A",
"6","7","1984-11","0.505568581","A",
"6","9","1984-11","0.576345483","A",
"7","Total","1984-11","2.401225861","A",
"7","21","1984-11","2.401225861","A",
"Total","Total","1984-10","1.069154968","A",
"1","Total","1984-10","1.117636094","A",
"1","22","1984-10","1.077680868","A",
"1","23","1984-10","0.912446176","A",
"1","25","1984-10","1.286753383","A",
"2","Total","1984-10","1.299524218","A",
"2","2","1984-10","1.066518979","A",
"2","10","1984-10","0.870236","A",
"2","11","1984-10","1.258805113","A",
"2","24","1984-10","2.558271745","A",
"2","26","1984-10","2.793258122","A",
"3","Total","1984-10","1.305665816","A",
"3","12","1984-10","2.457149003","A",
"3","13","1984-10","1.432420543","A",
"3","19","1984-10","0.722621463","A",
"4","Total","1984-10","0.890862483","A",
"4","1","1984-10","0.890862483","A",
"5","Total","1984-10","0.573445591","A",
"5","8","1984-10","0.136373554","A",
"5","14","1984-10","1.663585952","A",
"5","15","1984-10","0.355936844","A",
"5","16","1984-10","0.097767639","A",
"5","17","1984-10","0.609905253","A",
"5","18","1984-10","0.453511906","A",
"5","20","1984-10","0.364148816","A",
"6","Total","1984-10","0.64637542","A",
"6","3","1984-10","0.884975058","A",
"6","4","1984-10","0.167526637","A",
"6","5","1984-10","0.265612995","A",
"6","6","1984-10","0.348224902","A",
"6","7","1984-10","0.446951934","A",
"6","9","1984-10","0.589874719","A",
"7","Total","1984-10","2.208814362","A",
"7","21","1984-10","2.208814362","A",
"Total","Total","1984-09","1.042599947","A",
"1","Total","1984-09","1.025943241","A",
"1","22","1984-09","0.979638577","A",
"1","23","1984-09","0.75148657","A",
"1","25","1984-09","1.241957791","A",
"2","Total","1984-09","1.327792557","A",
"2","2","1984-09","1.041470376","A",
"2","10","1984-09","0.829255358","A",
"2","11","1984-09","1.27930379","A",
"2","24","1984-09","2.92650783","A",
"2","26","1984-09","2.939377464","A",
"3","Total","1984-09","1.278440614","A",
"3","12","1984-09","2.405326919","A",
"3","13","1984-09","1.325195205","A",
"3","19","1984-09","0.745217229","A",
"4","Total","1984-09","0.896524744","A",
"4","1","1984-09","0.896524744","A",
"5","Total","1984-09","0.545281194","A",
"5","8","1984-09","0.136373554","A",
"5","14","1984-09","1.481677082","A",
"5","15","1984-09","0.328557087","A",
"5","16","1984-09","0.114062245","A",
"5","17","1984-09","0.631105168","A",
"5","18","1984-09","0.367307164","A",
"5","20","1984-09","0.335963923","A",
"6","Total","1984-09","0.586845895","A",
"6","3","1984-09","0.777352783","A",
"6","4","1984-09","0.154124506","A",
"6","5","1984-09","0.267808144","A",
"6","6","1984-09","0.28877187","A",
"6","7","1984-09","0.498241501","A",
"6","9","1984-09","0.573639635","A",
"7","Total","1984-09","2.053840394","A",
"7","21","1984-09","2.053840394","A",
"Total","Total","1984-08","1.063688709","A",
"1","Total","1984-08","0.976425334","A",
"1","22","1984-08","0.988266299","A",
"1","23","1984-08","0.725856059","A",
"1","25","1984-08","1.096372117","A",
"2","Total","1984-08","1.401672612","A",
"2","2","1984-08","1.095244442","A",
"2","10","1984-08","0.875057252","A",
"2","11","1984-08","1.429316835","A",
"2","24","1984-08","3.031164401","A",
"2","26","1984-08","3.031126818","A",
"3","Total","1984-08","1.312758096","A",
"3","12","1984-08","2.438571275","A",
"3","13","1984-08","1.343524323","A",
"3","19","1984-08","0.787750436","A",
"4","Total","1984-08","0.943881841","A",
"4","1","1984-08","0.943881841","A",
"5","Total","1984-08","0.571829601","A",
"5","8","1984-08","0.17455815","A",
"5","14","1984-08","1.543291377","A",
"5","15","1984-08","0.415259651","A",
"5","16","1984-08","0.114062245","A",
"5","17","1984-08","0.664807597","A",
"5","18","1984-08","0.353564379","A",
"5","20","1984-08","0.355129651","A",
"6","Total","1984-08","0.569179069","A",
"6","3","1984-08","0.727904711","A",
"6","4","1984-08","0.167526637","A",
"6","5","1984-08","0.313906267","A",
"6","6","1984-08","0.237812128","A",
"6","7","1984-08","0.49091442","A",
"6","9","1984-08","0.589874719","A",
"7","Total","1984-08","1.948492922","A",
"7","21","1984-08","1.948492922","A",
"Total","Total","1984-07","1.082060514","A",
"1","Total","1984-07","0.937074603","A",
"1","22","1984-07","0.930617431","A",
"1","23","1984-07","0.683822022","A",
"1","25","1984-07","1.084613274","A",
"2","Total","1984-07","1.432535629","A",
"2","2","1984-07","1.169471038","A",
"2","10","1984-07","0.80635441","A",
"2","11","1984-07","1.548581864","A",
"2","24","1984-07","2.852860613","A",
"2","26","1984-07","2.929183091","A",
"3","Total","1984-07","1.371555383","A",
"3","12","1984-07","2.572526473","A",
"3","13","1984-07","1.404926867","A",
"3","19","1984-07","0.811232311","A",
"4","Total","1984-07","0.98763568","A",
"4","1","1984-07","0.98763568","A",
"5","Total","1984-07","0.581063829","A",
"5","8","1984-07","0.201832861","A",
"5","14","1984-07","1.587301587","A",
"5","15","1984-07","0.474582459","A",
"5","16","1984-07","0.081473032","A",
"5","17","1984-07","0.687638275","A",
"5","18","1984-07","0.314834712","A",
"5","20","1984-07","0.352874859","A",
"6","Total","1984-07","0.571099376","A",
"6","3","1984-07","0.716997048","A",
"6","4","1984-07","0.174227702","A",
"6","5","1984-07","0.333662606","A",
"6","6","1984-07","0.229318838","A",
"6","7","1984-07","0.476260258","A",
"6","9","1984-07","0.625050735","A",
"7","Total","1984-07","1.94326908","A",
"7","21","1984-07","1.94326908","A",
"Total","Total","1984-06","1.115860755","A",
"1","Total","1984-06","0.986592509","A",
"1","22","1984-06","0.950618059","A",
"1","23","1984-06","0.670494156","A",
"1","25","1984-06","1.210600877","A",
"2","Total","1984-06","1.439909978","A",
"2","2","1984-06","1.196128267","A",
"2","10","1984-06","0.822023479","A",
"2","11","1984-06","1.59796504","A",
"2","24","1984-06","2.845108274","A",
"2","26","1984-06","2.514611934","A",
"3","Total","1984-06","1.479312278","A",
"3","12","1984-06","2.905947806","A",
"3","13","1984-06","1.451666117","A",
"3","19","1984-06","0.846233596","A",
"4","Total","1984-06","1.007024636","A",
"4","1","1984-06","1.007024636","A",
"5","Total","1984-06","0.614999619","A",
"5","8","1984-06","0.169103208","A",
"5","14","1984-06","1.619575742","A",
"5","15","1984-06","0.442639409","A",
"5","16","1984-06","0.048883819","A",
"5","17","1984-06","0.743627795","A",
"5","18","1984-06","0.342320282","A",
"5","20","1984-06","0.382187148","A",
"6","Total","1984-06","0.555736918","A",
"6","3","1984-06","0.692273012","A",
"6","4","1984-06","0.174227702","A",
"6","5","1984-06","0.373175283","A",
"6","6","1984-06","0.263291999","A",
"6","7","1984-06","0.468933177","A",
"6","9","1984-06","0.551992857","A",
"7","Total","1984-06","1.97548277","A",
"7","21","1984-06","1.97548277","A",
"Total","Total","1984-05","1.150340234","A",
"1","Total","1984-05","1.028014332","A",
"1","22","1984-05","0.980030746","A",
"1","23","1984-05","0.734057822","A",
"1","25","1984-05","1.257076304","A",
"2","Total","1984-05","1.494534788","A",
"2","2","1984-05","1.263230948","A",
"2","10","1984-05","0.838897862","A",
"2","11","1984-05","1.696731393","A",
"2","24","1984-05","2.806346581","A",
"2","26","1984-05","2.57577817","A",
"3","Total","1984-05","1.483887942","A",
"3","12","1984-05","2.891281179","A",
"3","13","1984-05","1.527731955","A",
"3","19","1984-05","0.824966992","A",
"4","Total","1984-05","1.034134858","A",
"4","1","1984-05","1.034134858","A",
"5","Total","1984-05","0.669943279","A",
"5","8","1984-05","0.223652629","A",
"5","14","1984-05","1.775078485","A",
"5","15","1984-05","0.520215387","A",
"5","16","1984-05","0.065178426","A",
"5","17","1984-05","0.797986552","A",
"5","18","1984-05","0.401039454","A",
"5","20","1984-05","0.393461105","A",
"6","Total","1984-05","0.563034085","A",
"6","3","1984-05","0.709725272","A",
"6","4","1984-05","0.20773303","A",
"6","5","1984-05","0.410492811","A",
"6","6","1984-05","0.28877187","A",
"6","7","1984-05","0.388335287","A",
"6","9","1984-05","0.500581757","A",
"7","Total","1984-05","1.985059813","A",
"7","21","1984-05","1.985059813","A",
"Total","Total","1984-04","1.183784682","A",
"1","Total","1984-04","1.165459472","A",
"1","22","1984-04","1.071013993","A",
"1","23","1984-04","0.80069715","A",
"1","25","1984-04","1.499532446","A",
"2","Total","1984-04","1.51693096","A",
"2","2","1984-04","1.28322387","A",
"2","10","1984-04","0.940144155","A",
"2","11","1984-04","1.597033282","A",
"2","24","1984-04","2.923923717","A",
"2","26","1984-04","2.606361289","A",
"3","Total","1984-04","1.424861872","A",
"3","12","1984-04","2.771014833","A",
"3","13","1984-04","1.45533194","A",
"3","19","1984-04","0.800155955","A",
"4","Total","1984-04","1.039968703","A",
"4","1","1984-04","1.039968703","A",
"5","Total","1984-04","0.706880193","A",
"5","8","1984-04","0.218197687","A",
"5","14","1984-04","1.857230878","A",
"5","15","1984-04","0.488272337","A",
"5","16","1984-04","0.048883819","A",
"5","17","1984-04","0.830601806","A",
"5","18","1984-04","0.494740261","A",
"5","20","1984-04","0.400225479","A",
"6","Total","1984-04","0.607201152","A",
"6","3","1984-04","0.762809232","A",
"6","4","1984-04","0.254640488","A",
"6","5","1984-04","0.386346175","A",
"6","6","1984-04","0.382198064","A",
"6","7","1984-04","0.395662368","A",
"6","9","1984-04","0.592580567","A",
"7","Total","1984-04","2.062546797","A",
"7","21","1984-04","2.062546797","A",
"Total","Total","1984-03","1.175278019","A",
"1","Total","1984-03","1.19859693","A",
"1","22","1984-03","1.106701387","A",
"1","23","1984-03","0.891941767","A",
"1","25","1984-03","1.497292666","A",
"2","Total","1984-03","1.500406955","A",
"2","2","1984-03","1.239331363","A",
"2","10","1984-03","0.96183979","A",
"2","11","1984-03","1.562558235","A",
"2","24","1984-03","2.976898031","A",
"2","26","1984-03","2.769471252","A",
"3","Total","1984-03","1.340212082","A",
"3","12","1984-03","2.590126426","A",
"3","13","1984-03","1.313281279","A",
"3","19","1984-03","0.786864328","A",
"4","Total","1984-03","1.032590605","A",
"4","1","1984-03","1.032590605","A",
"5","Total","1984-03","0.69626083","A",
"5","8","1984-03","0.207287803","A",
"5","14","1984-03","1.772144471","A",
"5","15","1984-03","0.470019166","A",
"5","16","1984-03","0.032589213","A",
"5","17","1984-03","0.812663416","A",
"5","18","1984-03","0.540965993","A",
"5","20","1984-03","0.384441939","A",
"6","Total","1984-03","0.626788286","A",
"6","3","1984-03","0.796986576","A",
"6","4","1984-03","0.201031964","A",
"6","5","1984-03","0.362199539","A",
"6","6","1984-03","0.433157805","A",
"6","7","1984-03","0.351699883","A",
"6","9","1984-03","0.654815055","A",
"7","Total","1984-03","2.140904421","A",
"7","21","1984-03","2.140904421","A",
"Total","Total","1984-02","1.196108024","A",
"1","Total","1984-02","1.2078227","A",
"1","22","1984-02","1.114152601","A",
"1","23","1984-02","0.984211605","A",
"1","25","1984-02","1.463695972","A",
"2","Total","1984-02","1.499587583","A",
"2","2","1984-02","1.234045878","A",
"2","10","1984-02","0.91001133","A",
"2","11","1984-02","1.610077895","A",
"2","24","1984-02","2.903250814","A",
"2","26","1984-02","2.993747451","A",
"3","Total","1984-02","1.352108809","A",
"3","12","1984-02","2.697681695","A",
"3","13","1984-02","1.250962279","A",
"3","19","1984-02","0.79129487","A",
"4","Total","1984-02","1.047346802","A",
"4","1","1984-02","1.047346802","A",
"5","Total","1984-02","0.728349774","A",
"5","8","1984-02","0.201832861","A",
"5","14","1984-02","1.842560807","A",
"5","15","1984-02","0.547595145","A",
"5","16","1984-02","0.048883819","A",
"5","17","1984-02","0.826796693","A",
"5","18","1984-02","0.618425327","A",
"5","20","1984-02","0.395715896","A",
"6","Total","1984-02","0.700912146","A",
"6","3","1984-02","0.910426271","A",
"6","4","1984-02","0.154124506","A",
"6","5","1984-02","0.401712216","A",
"6","6","1984-02","0.450144386","A",
"6","7","1984-02","0.476260258","A",
"6","9","1984-02","0.673755987","A",
"7","Total","1984-02","2.254958296","A",
"7","21","1984-02","2.254958296","A",
"Total","Total","1984-01","1.190447696","A",
"1","Total","1984-01","1.182969606","A",
"1","22","1984-01","1.128270691","A",
"1","23","1984-01","0.916547058","A",
"1","25","1984-01","1.406581592","A",
"2","Total","1984-01","1.506961932","A",
"2","2","1984-01","1.250821548","A",
"2","10","1984-01","0.871441313","A",
"2","11","1984-01","1.601692073","A",
"2","24","1984-01","2.918755491","A",
"2","26","1984-01","3.027728694","A",
"3","Total","1984-01","1.33792425","A",
"3","12","1984-01","2.625326332","A",
"3","13","1984-01","1.31969647","A",
"3","19","1984-01","0.763382453","A",
"4","Total","1984-01","1.019721829","A",
"4","1","1984-01","1.019721829","A",
"5","Total","1984-01","0.740123415","A",
"5","8","1984-01","0.185468034","A",
"5","14","1984-01","1.912977144","A",
"5","15","1984-01","0.579538195","A",
"5","16","1984-01","0.114062245","A",
"5","17","1984-01","0.82299158","A",
"5","18","1984-01","0.612178606","A",
"5","20","1984-01","0.430665163","A",
"6","Total","1984-01","0.735861738","A",
"6","3","1984-01","0.940967728","A",
"6","4","1984-01","0.308249012","A",
"6","5","1984-01","0.419273406","A",
"6","6","1984-01","0.373704773","A",
"6","7","1984-01","0.542203986","A",
"6","9","1984-01","0.722461239","A",
"7","Total","1984-01","2.241028052","A",
"7","21","1984-01","2.241028052","A",
"Total","Total","1983-12","1.043182152","A",
"1","Total","1983-12","1.107845482","A",
"1","22","1983-12","0.924342724","A",
"1","23","1983-12","1.326635227","A",
"1","25","1983-12","1.250356965","A",
"2","Total","1983-12","1.296246729","A",
"2","2","1983-12","1.088350331","A",
"2","10","1983-12","0.746088759","A",
"2","11","1983-12","1.416272222","A",
"2","24","1983-12","2.307612797","A",
"2","26","1983-12","2.82384124","A",
"3","Total","1983-12","1.238632334","A",
"3","12","1983-12","2.307549402","A",
"3","13","1983-12","1.285787602","A",
"3","19","1983-12","0.731482548","A",
"4","Total","1983-12","0.864610179","A",
"4","1","1983-12","0.864610179","A",
"5","Total","1983-12","0.615461331","A",
"5","8","1983-12","0.114553786","A",
"5","14","1983-12","1.596103629","A",
"5","15","1983-12","0.447202701","A",
"5","16","1983-12","0.065178426","A",
"5","17","1983-12","0.74254062","A",
"5","18","1983-12","0.408535519","A",
"5","20","1983-12","0.344983089","A",
"6","Total","1983-12","0.639462314","A",
"6","3","1983-12","0.82243779","A",
"6","4","1983-12","0.415466059","A",
"6","5","1983-12","0.327077159","A",
"6","6","1983-12","0.297265161","A",
"6","7","1983-12","0.534876905","A",
"6","9","1983-12","0.581757177","A",
"7","Total","1983-12","1.821379442","A",
"7","21","1983-12","1.821379442","A",
"Total","Total","1983-11","0.999160978","A",
"1","Total","1983-11","1.007868264","A",
"1","22","1983-11","0.938460814","A",
"1","23","1983-11","0.723805618","A",
"1","25","1983-11","1.262115808","A",
"2","Total","1983-11","1.243124102","A",
"2","2","1983-11","1.029980191","A",
"2","10","1983-11","0.74247282","A",
"2","11","1983-11","1.30818829","A",
"2","24","1983-11","2.462659569","A",
"2","26","1983-11","2.361696344","A",
"3","Total","1983-11","1.218041844","A",
"3","12","1983-11","2.245949566","A",
"3","13","1983-11","1.231716705","A",
"3","19","1983-11","0.745660284","A",
"4","Total","1983-11","0.819312087","A",
"4","1","1983-11","0.819312087","A",
"5","Total","1983-11","0.594684316","A",
"5","8","1983-11","0.136373554","A",
"5","14","1983-11","1.555027433","A",
"5","15","1983-11","0.474582459","A",
"5","16","1983-11","0.114062245","A",
"5","17","1983-11","0.685463925","A",
"5","18","1983-11","0.469753379","A",
"5","20","1983-11","0.30777903","A",
"6","Total","1983-11","0.624483917","A",
"6","3","1983-11","0.791896334","A",
"6","4","1983-11","0.609796958","A",
"6","5","1983-11","0.276588739","A",
"6","6","1983-11","0.339731612","A",
"6","7","1983-11","0.534876905","A",
"6","9","1983-11","0.560110399","A",
"7","Total","1983-11","1.857946334","A",
"7","21","1983-11","1.857946334","A",
"Total","Total","1983-10","0.878062318","A",
"1","Total","1983-10","0.89376997","A",
"1","22","1983-10","0.878851101","A",
"1","23","1983-10","0.50953455","A",
"1","25","1983-10","1.124929307","A",
"2","Total","1983-10","1.096456489","A",
"2","2","1983-10","0.844528604","A",
"2","10","1983-10","0.627968083","A",
"2","11","1983-10","1.150721181","A",
"2","24","1983-10","2.547935294","A",
"2","26","1983-10","2.127225771","A",
"3","Total","1983-10","1.05125888","A",
"3","12","1983-10","1.986839146","A",
"3","13","1983-10","1.049341985","A",
"3","19","1983-10","0.62825091","A",
"4","Total","1983-10","0.744158434","A",
"4","1","1983-10","0.744158434","A",
"5","Total","1983-10","0.501187753","A",
"5","8","1983-10","0.092734017","A",
"5","14","1983-10","1.352580465","A",
"5","15","1983-10","0.442639409","A",
"5","16","1983-10","0.065178426","A",
"5","17","1983-10","0.605556552","A",
"5","18","1983-10","0.32358012","A",
"5","20","1983-10","0.246899662","A",
"6","Total","1983-10","0.505424868","A",
"6","3","1983-10","0.659550023","A",
"6","4","1983-10","0.241238357","A",
"6","5","1983-10","0.283174185","A",
"6","6","1983-10","0.28027858","A",
"6","7","1983-10","0.337045721","A",
"6","9","1983-10","0.44646481","A",
"7","Total","1983-10","1.699489805","A",
"7","21","1983-10","1.699489805","A",
"Total","Total","1983-09","0.847270137","A",
"1","Total","1983-09","0.814127101","A",
"1","22","1983-09","0.802378114","A",
"1","23","1983-09","0.427516916","A",
"1","25","1983-09","1.042057462","A",
"2","Total","1983-09","1.117760164","A",
"2","2","1983-09","0.836025867","A",
"2","10","1983-09","0.61470964","A",
"2","11","1983-09","1.204763147","A",
"2","24","1983-09","2.690061502","A",
"2","26","1983-09","2.249558244","A",
"3","Total","1983-09","1.002756838","A",
"3","12","1983-09","1.940883713","A",
"3","13","1983-09","0.999853367","A",
"3","19","1983-09","0.57907189","A",
"4","Total","1983-09","0.705552105","A",
"4","1","1983-09","0.705552105","A",
"5","Total","1983-09","0.474639346","A",
"5","8","1983-09","0.12546367","A",
"5","14","1983-09","1.176539624","A",
"5","15","1983-09","0.374190016","A",
"5","16","1983-09","0.032589213","A",
"5","17","1983-09","0.589248925","A",
"5","18","1983-09","0.279853077","A",
"5","20","1983-09","0.270574972","A",
"6","Total","1983-09","0.480844935","A",
"6","3","1983-09","0.608647595","A",
"6","4","1983-09","0.214434095","A",
"6","5","1983-09","0.338052903","A",
"6","6","1983-09","0.212332258","A",
"6","7","1983-09","0.315064478","A",
"6","9","1983-09","0.435641421","A",
"7","Total","1983-09","1.639415626","A",
"7","21","1983-09","1.639415626","A",
"Total","Total","1983-08","0.827022338","A",
"1","Total","1983-08","0.760843574","A",
"1","22","1983-08","0.782377486","A",
"1","23","1983-08","0.353701046","A",
"1","25","1983-08","0.952466277","A",
"2","Total","1983-08","1.123905455","A",
"2","2","1983-08","0.860614863","A",
"2","10","1983-08","0.566497119","A",
"2","11","1983-08","1.248555775","A",
"2","24","1983-08","2.578944648","A",
"2","26","1983-08","2.307326356","A",
"3","Total","1983-08","0.997266041","A",
"3","12","1983-08","1.885150528","A",
"3","13","1983-08","0.994354632","A",
"3","19","1983-08","0.596351005","A",
"4","Total","1983-08","0.694399165","A",
"4","1","1983-08","0.694399165","A",
"5","Total","1983-08","0.471638221","A",
"5","8","1983-08","0.141828497","A",
"5","14","1983-08","1.288032157","A",
"5","15","1983-08","0.355936844","A",
"5","16","1983-08","0.016294606","A",
"5","17","1983-08","0.566961835","A",
"5","18","1983-08","0.252367507","A",
"5","20","1983-08","0.286358512","A",
"6","Total","1983-08","0.461257801","A",
"6","3","1983-08","0.583923559","A",
"6","4","1983-08","0.194330899","A",
"6","5","1983-08","0.355614093","A",
"6","6","1983-08","0.203838967","A",
"6","7","1983-08","0.307737397","A",
"6","9","1983-08","0.381524474","A",
"7","Total","1983-08","1.434815163","A",
"7","21","1983-08","1.434815163","A",
"Total","Total","1983-07","0.809653219","A",
"1","Total","1983-07","0.733354546","A",
"1","22","1983-07","0.738062371","A",
"1","23","1983-07","0.332171417","A",
"1","25","1983-07","0.945746939","A",
"2","Total","1983-07","1.058355684","A",
"2","2","1983-07","0.813045497","A",
"2","10","1983-07","0.427886122","A",
"2","11","1983-07","1.281167306","A",
"2","24","1983-07","2.44069461","A",
"2","26","1983-07","2.015087672","A",
"3","Total","1983-07","1.049428614","A",
"3","12","1983-07","1.988794697","A",
"3","13","1983-07","1.038344514","A",
"3","19","1983-07","0.629137019","A",
"4","Total","1983-07","0.706410023","A",
"4","1","1983-07","0.706410023","A",
"5","Total","1983-07","0.478102181","A",
"5","8","1983-07","0.12546367","A",
"5","14","1983-07","1.332042367","A",
"5","15","1983-07","0.355936844","A",
"5","16","1983-07","0.048883819","A",
"5","17","1983-07","0.602295027","A",
"5","18","1983-07","0.17990555","A",
"5","20","1983-07","0.294250282","A",
"6","Total","1983-07","0.425156025","A",
"6","3","1983-07","0.550473393","A",
"6","4","1983-07","0.14742344","A",
"6","5","1983-07","0.296345077","A",
"6","6","1983-07","0.195345677","A",
"6","7","1983-07","0.285756155","A",
"6","9","1983-07","0.354466001","A",
"7","Total","1983-07","1.310313605","A",
"7","21","1983-07","1.310313605","A",
"Total","Total","1983-06","0.866676974","A",
"1","Total","1983-06","0.78230761","A",
"1","22","1983-06","0.774926272","A",
"1","23","1983-06","0.359852368","A",
"1","25","1983-06","1.02357928","A",
"2","Total","1983-06","1.103694276","A",
"2","2","1983-06","0.89025954","A",
"2","10","1983-06","0.479714582","A",
"2","11","1983-06","1.362230256","A",
"2","24","1983-06","2.370923562","A",
"2","26","1983-06","1.743237733","A",
"3","Total","1983-06","1.172285201","A",
"3","12","1983-06","2.306571627","A",
"3","13","1983-06","1.161149602","A",
"3","19","1983-06","0.66369525","A",
"4","Total","1983-06","0.765777978","A",
"4","1","1983-06","0.765777978","A",
"5","Total","1983-06","0.533507552","A",
"5","8","1983-06","0.141828497","A",
"5","14","1983-06","1.531555321","A",
"5","15","1983-06","0.296614037","A",
"5","16","1983-06","0.065178426","A",
"5","17","1983-06","0.674048586","A",
"5","18","1983-06","0.214887184","A",
"5","20","1983-06","0.317925592","A",
"6","Total","1983-06","0.462409986","A",
"6","3","1983-06","0.570107186","A",
"6","4","1983-06","0.167526637","A",
"6","5","1983-06","0.36000439","A",
"6","6","1983-06","0.220825548","A",
"6","7","1983-06","0.300410317","A",
"6","9","1983-06","0.443758963","A",
"7","Total","1983-06","1.267652231","A",
"7","21","1983-06","1.267652231","A",
"Total","Total","1983-05","0.913415105","A",
"1","Total","1983-05","0.874941868","A",
"1","22","1983-05","0.857281797","A",
"1","23","1983-05","0.522862415","A",
"1","25","1983-05","1.092452503","A",
"2","Total","1983-05","1.146574751","A",
"2","2","1983-05","0.932543421","A",
"2","10","1983-05","0.51105272","A",
"2","11","1983-05","1.484290559","A",
"2","24","1983-05","2.330869812","A",
"2","26","1983-05","1.75683023","A",
"3","Total","1983-05","1.218956977","A",
"3","12","1983-05","2.353504835","A",
"3","13","1983-05","1.262876205","A",
"3","19","1983-05","0.68363269","A",
"4","Total","1983-05","0.796148289","A",
"4","1","1983-05","0.796148289","A",
"5","Total","1983-05","0.581987252","A",
"5","8","1983-05","0.141828497","A",
"5","14","1983-05","1.610773699","A",
"5","15","1983-05","0.305740622","A",
"5","16","1983-05","0.065178426","A",
"5","17","1983-05","0.747432908","A",
"5","18","1983-05","0.274855701","A",
"5","20","1983-05","0.3156708","A",
"6","Total","1983-05","0.470091215","A",
"6","3","1983-05","0.577378961","A",
"6","4","1983-05","0.14742344","A",
"6","5","1983-05","0.388541324","A",
"6","6","1983-05","0.246305419","A",
"6","7","1983-05","0.285756155","A",
"6","9","1983-05","0.441053116","A",
"7","Total","1983-05","1.292030159","A",
"7","21","1983-05","1.292030159","A",
"Total","Total","1983-04","0.894396405","A",
"1","Total","1983-04","0.872305934","A",
"1","22","1983-04","0.829829955","A",
"1","23","1983-04","0.585400861","A",
"1","25","1983-04","1.089652778","A",
"2","Total","1983-04","1.131143243","A",
"2","2","1983-04","0.895085418","A",
"2","10","1983-04","0.537569607","A",
"2","11","1983-04","1.421862771","A",
"2","24","1983-04","2.44069461","A",
"2","26","1983-04","1.790811472","A",
"3","Total","1983-04","1.142543383","A",
"3","12","1983-04","2.140349848","A",
"3","13","1983-04","1.212471132","A",
"3","19","1983-04","0.656606382","A",
"4","Total","1983-04","0.76680748","A",
"4","1","1983-04","0.76680748","A",
"5","Total","1983-04","0.575292436","A",
"5","8","1983-04","0.169103208","A",
"5","14","1983-04","1.543291377","A",
"5","15","1983-04","0.337683673","A",
"5","16","1983-04","0.097767639","A",
"5","17","1983-04","0.730581693","A",
"5","18","1983-04","0.26860898","A",
"5","20","1983-04","0.333709132","A",
"6","Total","1983-04","0.512337974","A",
"6","3","1983-04","0.634098809","A",
"6","4","1983-04","0.227836226","A",
"6","5","1983-04","0.364394688","A",
"6","6","1983-04","0.322745031","A",
"6","7","1983-04","0.395662368","A",
"6","9","1983-04","0.459994047","A",
"7","Total","1983-04","1.259816469","A",
"7","21","1983-04","1.259816469","A",
"Total","Total","1983-03","0.889900488","A",
"1","Total","1983-03","0.954961299","A",
"1","22","1983-03","0.843948045","A",
"1","23","1983-03","1.036497847","A",
"1","25","1983-03","1.068934817","A",
"2","Total","1983-03","1.119945157","A",
"2","2","1983-03","0.900830511","A",
"2","10","1983-03","0.605067136","A",
"2","11","1983-03","1.286757855","A",
"2","24","1983-03","2.443278722","A",
"2","26","1983-03","1.722848987","A",
"3","Total","1983-03","1.074365985","A",
"3","12","1983-03","1.933061512","A",
"3","13","1983-03","1.191392646","A",
"3","19","1983-03","0.628693965","A",
"4","Total","1983-03","0.735922417","A",
"4","1","1983-03","0.735922417","A",
"5","Total","1983-03","0.535585254","A",
"5","8","1983-03","0.229107571","A",
"5","14","1983-03","1.461138984","A",
"5","15","1983-03","0.337683673","A",
"5","16","1983-03","0.097767639","A",
"5","17","1983-03","0.656110196","A",
"5","18","1983-03","0.284850454","A",
"5","20","1983-03","0.298759865","A",
"6","Total","1983-03","0.537301968","A",
"6","3","1983-03","0.677729461","A",
"6","4","1983-03","0.274743684","A",
"6","5","1983-03","0.370980134","A",
"6","6","1983-03","0.373704773","A",
"6","7","1983-03","0.322391559","A",
"6","9","1983-03","0.4572882","A",
"7","Total","1983-03","1.337303453","A",
"7","21","1983-03","1.337303453","A",
"Total","Total","1983-02","0.949220718","A",
"1","Total","1983-02","1.211400039","A",
"1","22","1983-02","0.852183598","A",
"1","23","1983-02","2.456428132","A",
"1","25","1983-02","1.044297241","A",
"2","Total","1983-02","1.111887997","A",
"2","2","1983-02","0.914388929","A",
"2","10","1983-02","0.591808693","A",
"2","11","1983-02","1.219671276","A",
"2","24","1983-02","2.336038038","A",
"2","26","1983-02","1.885958951","A",
"3","Total","1983-02","1.092897425","A",
"3","12","1983-02","1.954572566","A",
"3","13","1983-02","1.261959749","A",
"3","19","1983-02","0.620718988","A",
"4","Total","1983-02","0.718764048","A",
"4","1","1983-02","0.718764048","A",
"5","Total","1983-02","0.582679819","A",
"5","8","1983-02","0.234562514","A",
"5","14","1983-02","1.502215181","A",
"5","15","1983-02","0.33312038","A",
"5","16","1983-02","0.146651458","A",
"5","17","1983-02","0.720253529","A",
"5","18","1983-02","0.316084056","A",
"5","20","1983-02","0.348365276","A",
"6","Total","1983-02","0.610657705","A",
"6","3","1983-02","0.764263587","A",
"6","4","1983-02","0.288145815","A",
"6","5","1983-02","0.408297662","A",
"6","6","1983-02","0.407677934","A",
"6","7","1983-02","0.337045721","A",
"6","9","1983-02","0.584463025","A",
"7","Total","1983-02","1.472252695","A",
"7","21","1983-02","1.472252695","A",
"Total","Total","1983-01","0.942137223","A",
"1","Total","1983-01","1.251692176","A",
"1","22","1983-01","0.751003953","A",
"1","23","1983-01","3.018248924","A",
"1","25","1983-01","1.001741429","A",
"2","Total","1983-01","1.105196458","A",
"2","2","1983-01","0.947480662","A",
"2","10","1983-01","0.584576815","A",
"2","11","1983-01","1.169356342","A",
"2","24","1983-01","2.148689855","A",
"2","26","1983-01","1.926736441","A",
"3","Total","1983-01","1.074823551","A",
"3","12","1983-01","1.92132821","A",
"3","13","1983-01","1.254628102","A",
"3","19","1983-01","0.604325982","A",
"4","Total","1983-01","0.679299801","A",
"4","1","1983-01","0.679299801","A",
"5","Total","1983-01","0.554977134","A",
"5","8","1983-01","0.229107571","A",
"5","14","1983-01","1.469941026","A",
"5","15","1983-01","0.369626723","A",
"5","16","1983-01","0.130356852","A",
"5","17","1983-01","0.635453868","A",
"5","18","1983-01","0.33857225","A",
"5","20","1983-01","0.374295378","A",
"6","Total","1983-01","0.612193951","A",
"6","3","1983-01","0.785351736","A",
"6","4","1983-01","0.308249012","A",
"6","5","1983-01","0.373175283","A",
"6","6","1983-01","0.314251741","A",
"6","7","1983-01","0.263774912","A",
"6","9","1983-01","0.608815651","A",
"7","Total","1983-01","1.507948946","A",
"7","21","1983-01","1.507948946","A",
"Total","Total","1982-12","0.76265633","A",
"1","Total","1982-12","0.796993529","A",
"1","22","1982-12","0.635706218","A",
"1","23","1982-12","1.194381792","A",
"1","25","1982-12","0.810240272","A",
"2","Total","1982-12","0.946511387","A",
"2","2","1982-12","0.750998497","A",
"2","10","1982-12","0.476098643","A",
"2","11","1982-12","1.135813052","A",
"2","24","1982-12","1.927748204","A",
"2","26","1982-12","1.892755199","A",
"3","Total","1982-12","0.910328418","A",
"3","12","1982-12","1.629951209","A",
"3","13","1982-12","1.03926097","A",
"3","19","1982-12","0.521917893","A",
"4","Total","1982-12","0.599513389","A",
"4","1","1982-12","0.599513389","A",
"5","Total","1982-12","0.481565017","A",
"5","8","1982-12","0.147283439","A",
"5","14","1982-12","1.17360561","A",
"5","15","1982-12","0.328557087","A",
"5","16","1982-12","0.048883819","A",
"5","17","1982-12","0.577289999","A",
"5","18","1982-12","0.324829465","A",
"5","20","1982-12","0.295377678","A",
"6","Total","1982-12","0.557273164","A",
"6","3","1982-12","0.678456638","A",
"6","4","1982-12","0.381960732","A",
"6","5","1982-12","0.340248052","A",
"6","6","1982-12","0.314251741","A",
"6","7","1982-12","0.468933177","A",
"6","9","1982-12","0.554698704","A",
"7","Total","1982-12","1.223249578","A",
"7","21","1982-12","1.223249578","A",
"Total","Total","1982-11","0.65818286","A",
"1","Total","1982-11","0.627164055","A",
"1","22","1982-11","0.576880843","A",
"1","23","1982-11","0.540291163","A",
"1","25","1982-11","0.746406554","A",
"2","Total","1982-11","0.876864754","A",
"2","2","1982-11","0.691249535","A",
"2","10","1982-11","0.439939252","A",
"2","11","1982-11","0.999776378","A",
"2","24","1982-11","1.887694454","A",
"2","26","1982-11","1.746635857","A",
"3","Total","1982-11","0.789073314","A",
"3","12","1982-11","1.503818212","A",
"3","13","1982-11","0.918288794","A",
"3","19","1982-11","0.402736303","A",
"4","Total","1982-11","0.478203725","A",
"4","1","1982-11","0.478203725","A",
"5","Total","1982-11","0.392685568","A",
"5","8","1982-11","0.120008728","A",
"5","14","1982-11","0.9623566","A",
"5","15","1982-11","0.246417815","A",
"5","16","1982-11","0.032589213","A",
"5","17","1982-11","0.474551948","A",
"5","18","1982-11","0.236126034","A",
"5","20","1982-11","0.262683202","A",
"6","Total","1982-11","0.473931829","A",
"6","3","1982-11","0.563562588","A",
"6","4","1982-11","0.328352208","A",
"6","5","1982-11","0.252442103","A",
"6","6","1982-11","0.373704773","A",
"6","7","1982-11","0.461606096","A",
"6","9","1982-11","0.508699299","A",
"7","Total","1982-11","1.241533023","A",
"7","21","1982-11","1.241533023","A",
"Total","Total","1982-10","0.523499415","A",
"1","Total","1982-10","0.513818885","A",
"1","22","1982-10","0.491387965","A",
"1","23","1982-10","0.303465245","A",
"1","25","1982-10","0.660734984","A",
"2","Total","1982-10","0.71326345","A",
"2","2","1982-10","0.53268498","A",
"2","10","1982-10","0.35918328","A",
"2","11","1982-10","0.751928739","A",
"2","24","1982-10","1.793374335","A",
"2","26","1982-10","1.400027185","A",
"3","Total","1982-10","0.632128027","A",
"3","12","1982-10","1.251552218","A",
"3","13","1982-10","0.723083691","A",
"3","19","1982-10","0.307479642","A",
"4","Total","1982-10","0.36289949","A",
"4","1","1982-10","0.36289949","A",
"5","Total","1982-10","0.30265184","A",
"5","8","1982-10","0.07636919","A",
"5","14","1982-10","0.827391955","A",
"5","15","1982-10","0.168841836","A",
"5","16","1982-10","0.065178426","A",
"5","17","1982-10","0.36909596","A",
"5","18","1982-10","0.172409485","A",
"5","20","1982-10","0.177001127","A",
"6","Total","1982-10","0.327220355","A",
"6","3","1982-10","0.38613127","A",
"6","4","1982-10","0.214434095","A",
"6","5","1982-10","0.182197344","A",
"6","6","1982-10","0.220825548","A",
"6","7","1982-10","0.300410317","A",
"6","9","1982-10","0.37611278","A",
"7","Total","1982-10","1.0378032","A",
"7","21","1982-10","1.0378032","A",
"Total","Total","1982-09","0.441117394","A",
"1","Total","1982-09","0.428715867","A",
"1","22","1982-09","0.398443873","A",
"1","23","1982-09","0.211195407","A",
"1","25","1982-09","0.590741871","A",
"2","Total","1982-09","0.613026925","A",
"2","2","1982-09","0.418472541","A",
"2","10","1982-09","0.276016682","A",
"2","11","1982-09","0.712794901","A",
"2","24","1982-09","1.66804486","A",
"2","26","1982-09","1.301481582","A",
"3","Total","1982-09","0.534666377","A",
"3","12","1982-09","1.116619245","A",
"3","13","1982-09","0.589281132","A",
"3","19","1982-09","0.24456594","A",
"4","Total","1982-09","0.303016784","A",
"4","1","1982-09","0.303016784","A",
"5","Total","1982-09","0.243552777","A",
"5","8","1982-09","0.098188959","A",
"5","14","1982-09","0.489980342","A",
"5","15","1982-09","0.132335493","A",
"5","16","1982-09","0.048883819","A",
"5","17","1982-09","0.308214152","A",
"5","18","1982-09","0.177406861","A",
"5","20","1982-09","0.145434047","A",
"6","Total","1982-09","0.245799328","A",
"6","3","1982-09","0.278508995","A",
"6","4","1982-09","0.140722375","A",
"6","5","1982-09","0.158050708","A",
"6","6","1982-09","0.229318838","A",
"6","7","1982-09","0.24912075","A",
"6","9","1982-09","0.278702276","A",
"7","Total","1982-09","0.935067649","A",
"7","21","1982-09","0.935067649","A",
"Total","Total","1982-08","0.399036903","A",
"1","Total","1982-08","0.376185464","A",
"1","22","1982-08","0.338049821","A",
"1","23","1982-08","0.19376666","A",
"1","25","1982-08","0.530267822","A",
"2","Total","1982-08","0.577384236","A",
"2","2","1982-08","0.419391756","A",
"2","10","1982-08","0.238651978","A",
"2","11","1982-08","0.671797548","A",
"2","24","1982-08","1.476820508","A",
"2","26","1982-08","1.158760364","A",
"3","Total","1982-08","0.478843272","A",
"3","12","1982-08","0.969952969","A",
"3","13","1982-08","0.519630485","A",
"3","19","1982-08","0.236590963","A",
"4","Total","1982-08","0.272646472","A",
"4","1","1982-08","0.272646472","A",
"5","Total","1982-08","0.22185234","A",
"5","8","1982-08","0.163648265","A",
"5","14","1982-08","0.425432034","A",
"5","15","1982-08","0.141462079","A",
"5","16","1982-08","0.016294606","A",
"5","17","1982-08","0.291362937","A",
"5","18","1982-08","0.127433098","A",
"5","20","1982-08","0.130777903","A",
"6","Total","1982-08","0.210849736","A",
"6","3","1982-08","0.234878343","A",
"6","4","1982-08","0.093814917","A",
"6","5","1982-08","0.136099221","A",
"6","6","1982-08","0.152879225","A",
"6","7","1982-08","0.219812427","A",
"6","9","1982-08","0.275996428","A",
"7","Total","1982-08","0.800118407","A",
"7","21","1982-08","0.800118407","A",
"Total","Total","1982-07","0.349937607","A",
"1","Total","1982-07","0.323655062","A",
"1","22","1982-07","0.283146138","A",
"1","23","1982-07","0.154808284","A",
"1","25","1982-07","0.473713387","A",
"2","Total","1982-07","0.467315245","A",
"2","2","1982-07","0.323104005","A",
"2","10","1982-07","0.208519152","A",
"2","11","1982-07","0.604710969","A",
"2","24","1982-07","1.187399866","A",
"2","26","1982-07","0.934484165","A",
"3","Total","1982-07","0.479072055","A",
"3","12","1982-07","1.011019526","A",
"3","13","1982-07","0.50954947","A",
"3","19","1982-07","0.223299336","A",
"4","Total","1982-07","0.25857661","A",
"4","1","1982-07","0.25857661","A",
"5","Total","1982-07","0.184453715","A",
"5","8","1982-07","0.120008728","A",
"5","14","1982-07","0.328609571","A",
"5","15","1982-07","0.141462079","A",
"5","16","1982-07","0","A",
"5","17","1982-07","0.256573333","A",
"5","18","1982-07","0.077459334","A",
"5","20","1982-07","0.112739572","A",
"6","Total","1982-07","0.163226116","A",
"6","3","1982-07","0.188338981","A",
"6","4","1982-07","0.046907458","A",
"6","5","1982-07","0.116342882","A",
"6","6","1982-07","0.135892645","A",
"6","7","1982-07","0.146541618","A",
"6","9","1982-07","0.189409314","A",
"7","Total","1982-07","0.742656149","A",
"7","21","1982-07","0.742656149","A",
"Total","Total","1982-06","0.342627699","A",
"1","Total","1982-06","0.324596467","A",
"1","22","1982-06","0.276087093","A",
"1","23","1982-06","0.135329096","A",
"1","25","1982-06","0.497231072","A",
"2","Total","1982-06","0.446967504","A",
"2","2","1982-06","0.301962064","A",
"2","10","1982-06","0.198876648","A",
"2","11","1982-06","0.618687339","A",
"2","24","1982-06","1.12796527","A",
"2","26","1982-06","0.873317929","A",
"3","Total","1982-06","0.498061062","A",
"3","12","1982-06","1.105863718","A",
"3","13","1982-06","0.528795044","A",
"3","19","1982-06","0.207792438","A",
"4","Total","1982-06","0.241932993","A",
"4","1","1982-06","0.241932993","A",
"5","Total","1982-06","0.177758899","A",
"5","8","1982-06","0.087279075","A",
"5","14","1982-06","0.366751753","A",
"5","15","1982-06","0.118645615","A",
"5","16","1982-06","0","A",
"5","17","1982-06","0.247875932","A",
"5","18","1982-06","0.071212613","A",
"5","20","1982-06","0.101465614","A",
"6","Total","1982-06","0.165530485","A",
"6","3","1982-06","0.197065111","A",
"6","4","1982-06","0.067010655","A",
"6","5","1982-06","0.096586544","A",
"6","6","1982-06","0.110412774","A",
"6","7","1982-06","0.109906213","A",
"6","9","1982-06","0.211056092","A",
"7","Total","1982-06","0.703477337","A",
"7","21","1982-06","0.703477337","A",
"Total","Total","1982-05","0.339651984","A",
"1","Total","1982-05","0.363570636","A",
"1","22","1982-05","0.301578089","A",
"1","23","1982-05","0.216321509","A",
"1","25","1982-05","0.532507601","A",
"2","Total","1982-05","0.437408162","A",
"2","2","1982-05","0.308396568","A",
"2","10","1982-05","0.200081961","A",
"2","11","1982-05","0.602847453","A",
"2","24","1982-05","1.012972247","A",
"2","26","1982-05","0.897104798","A",
"3","Total","1982-05","0.488223384","A",
"3","12","1982-05","1.08924154","A",
"3","13","1982-05","0.519630485","A",
"3","19","1982-05","0.20070357","A",
"4","Total","1982-05","0.222544037","A",
"4","1","1982-05","0.222544037","A",
"5","Total","1982-05","0.165523546","A",
"5","8","1982-05","0.098188959","A",
"5","14","1982-05","0.337411613","A",
"5","15","1982-05","0.059322807","A",
"5","16","1982-05","0.016294606","A",
"5","17","1982-05","0.224501666","A",
"5","18","1982-05","0.08245671","A",
"5","20","1982-05","0.10259301","A",
"6","Total","1982-05","0.156697072","A",
"6","3","1982-05","0.179612851","A",
"6","4","1982-05","0.026804262","A",
"6","5","1982-05","0.098781692","A",
"6","6","1982-05","0.152879225","A",
"6","7","1982-05","0.102579132","A",
"6","9","1982-05","0.216467787","A",
"7","Total","1982-05","0.706089258","A",
"7","21","1982-05","0.706089258","A",
"Total","Total","1982-04","0.316169711","A",
"1","Total","1982-04","0.379762804","A",
"1","22","1982-04","0.304323273","A",
"1","23","1982-04","0.263481649","A",
"1","25","1982-04","0.550985783","A",
"2","Total","1982-04","0.40217516","A",
"2","2","1982-04","0.290471879","A",
"2","10","1982-04","0.190439457","A",
"2","11","1982-04","0.498490552","A",
"2","24","1982-04","0.953537651","A",
"2","26","1982-04","0.849531059","A",
"3","Total","1982-04","0.443381874","A",
"3","12","1982-04","1.022752828","A",
"3","13","1982-04","0.485721617","A",
"3","19","1982-04","0.160385634","A",
"4","Total","1982-04","0.187884133","A",
"4","1","1982-04","0.187884133","A",
"5","Total","1982-04","0.147055089","A",
"5","8","1982-04","0.092734017","A",
"5","14","1982-04","0.293401402","A",
"5","15","1982-04","0.100392443","A",
"5","16","1982-04","0.016294606","A",
"5","17","1982-04","0.198409463","A",
"5","18","1982-04","0.069963269","A",
"5","20","1982-04","0.085682074","A",
"6","Total","1982-04","0.139414306","A",
"6","3","1982-04","0.169432365","A",
"6","4","1982-04","0.067010655","A",
"6","5","1982-04","0.072439908","A",
"6","6","1982-04","0.127399355","A",
"6","7","1982-04","0.08059789","A",
"6","9","1982-04","0.165056688","A",
"7","Total","1982-04","0.67909941","A",
"7","21","1982-04","0.67909941","A",
"Total","Total","1982-03","0.305495951","A",
"1","Total","1982-03","0.421372907","A",
"1","22","1982-03","0.289420845","A",
"1","23","1982-03","0.513635432","A",
"1","25","1982-03","0.559384957","A",
"2","Total","1982-03","0.368990588","A",
"2","2","1982-03","0.258988772","A",
"2","10","1982-03","0.192850083","A",
"2","11","1982-03","0.419291118","A",
"2","24","1982-03","0.901855393","A",
"2","26","1982-03","0.907299171","A",
"3","Total","1982-03","0.386643636","A",
"3","12","1982-03","0.911286459","A",
"3","13","1982-03","0.396825397","A",
"3","19","1982-03","0.143992628","A",
"4","Total","1982-03","0.179991284","A",
"4","1","1982-03","0.179991284","A",
"5","Total","1982-03","0.125354652","A",
"5","8","1982-03","0.120008728","A",
"5","14","1982-03","0.26992929","A",
"5","15","1982-03","0.077575979","A",
"5","16","1982-03","0","A",
"5","17","1982-03","0.165794209","A",
"5","18","1982-03","0.083706054","A",
"5","20","1982-03","0.045095829","A",
"6","Total","1982-03","0.150168027","A",
"6","3","1982-03","0.197792289","A",
"6","4","1982-03","0.067010655","A",
"6","5","1982-03","0.06804961","A",
"6","6","1982-03","0.144385935","A",
"6","7","1982-03","0.043962485","A",
"6","9","1982-03","0.148821603","A",
"7","Total","1982-03","0.724372704","A",
"7","21","1982-03","0.724372704","A",
"Total","Total","1982-02","0.313485099","A",
"1","Total","1982-02","0.509488422","A",
"1","22","1982-02","0.31020581","A",
"1","23","1982-02","0.99446381","A",
"1","25","1982-02","0.529147932","A",
"2","Total","1982-02","0.348233161","A",
"2","2","1982-02","0.236927616","A",
"2","10","1982-02","0.207313839","A",
"2","11","1982-02","0.392270135","A",
"2","24","1982-02","0.857925474","A",
"2","26","1982-02","0.89030855","A",
"3","Total","1982-02","0.382754321","A",
"3","12","1982-02","0.899553157","A",
"3","13","1982-02","0.42065325","A",
"3","19","1982-02","0.130257946","A",
"4","Total","1982-02","0.169009928","A",
"4","1","1982-02","0.169009928","A",
"5","Total","1982-02","0.119121548","A",
"5","8","1982-02","0.136373554","A",
"5","14","1982-02","0.296335416","A",
"5","15","1982-02","0.045632929","A",
"5","16","1982-02","0","A",
"5","17","1982-02","0.136984067","A",
"5","18","1982-02","0.117438345","A",
"5","20","1982-02","0.038331454","A",
"6","Total","1982-02","0.15093615","A",
"6","3","1982-02","0.195610756","A",
"6","4","1982-02","0.080412786","A",
"6","5","1982-02","0.076830205","A",
"6","6","1982-02","0.135892645","A",
"6","7","1982-02","0.109906213","A",
"6","9","1982-02","0.124468977","A",
"7","Total","1982-02","0.756586394","A",
"7","21","1982-02","0.756586394","A",
"Total","Total","1982-01","0.37924193","A",
"1","Total","1982-01","0.813750539","A",
"1","22","1982-01","0.345893204","A",
"1","23","1982-01","2.463604675","A",
"1","25","1982-01","0.580662863","A",
"2","Total","1982-01","0.368854026","A",
"2","2","1982-01","0.267951116","A",
"2","10","1982-01","0.239857291","A",
"2","11","1982-01","0.35220454","A",
"2","24","1982-01","0.848881079","A",
"2","26","1982-01","1.022835395","A",
"3","Total","1982-01","0.387558769","A",
"3","12","1982-01","0.91715311","A",
"3","13","1982-01","0.412405147","A",
"3","19","1982-01","0.135574597","A",
"4","Total","1982-01","0.16540667","A",
"4","1","1982-01","0.16540667","A",
"5","Total","1982-01","0.143130542","A",
"5","8","1982-01","0.136373554","A",
"5","14","1982-01","0.384355837","A",
"5","15","1982-01","0.073012686","A",
"5","16","1982-01","0","A",
"5","17","1982-01","0.164163446","A",
"5","18","1982-01","0.128682442","A",
"5","20","1982-01","0.048478016","A",
"6","Total","1982-01","0.195871339","A",
"6","3","1982-01","0.263238267","A",
"6","4","1982-01","0.14742344","A",
"6","5","1982-01","0.087805949","A",
"6","6","1982-01","0.169865806","A",
"6","7","1982-01","0.095252052","A",
"6","9","1982-01","0.143409909","A",
"7","Total","1982-01","0.795765206","A",
"7","21","1982-01","0.795765206","A",
"Total","Total","1981-12","0.295921912","A",
"1","Total","1981-12","0.524927465","A",
"1","22","1981-12","0.285891322","A",
"1","23","1981-12","1.187205249","A",
"1","25","1981-12","0.504510356","A",
"2","Total","1981-12","0.310951728","A",
"2","2","1981-12","0.213717443","A",
"2","10","1981-12","0.227804161","A",
"2","11","1981-12","0.313070702","A",
"2","24","1981-12","0.684789912","A",
"2","26","1981-12","0.992252277","A",
"3","Total","1981-12","0.326931216","A",
"3","12","1981-12","0.769509059","A",
"3","13","1981-12","0.355584882","A",
"3","19","1981-12","0.112535777","A",
"4","Total","1981-12","0.144130294","A",
"4","1","1981-12","0.144130294","A",
"5","Total","1981-12","0.126278075","A",
"5","8","1981-12","0.043639537","A",
"5","14","1981-12","0.372619781","A",
"5","15","1981-12","0.091265857","A",
"5","16","1981-12","0","A",
"5","17","1981-12","0.132635367","A",
"5","18","1981-12","0.127433098","A",
"5","20","1981-12","0.051860203","A",
"6","Total","1981-12","0.17205953","A",
"6","3","1981-12","0.242150119","A",
"6","4","1981-12","0.067010655","A",
"6","5","1981-12","0.06804961","A",
"6","6","1981-12","0.101919484","A",
"6","7","1981-12","0.153868699","A",
"6","9","1981-12","0.110939741","A",
"7","Total","1981-12","0.71392502","A",
"7","21","1981-12","0.71392502","A",
"Total","Total","1981-11","0.229388808","A",
"1","Total","1981-11","0.330056616","A",
"1","22","1981-11","0.257655142","A",
"1","23","1981-11","0.227598934","A",
"1","25","1981-11","0.489391844","A",
"2","Total","1981-11","0.255917232","A",
"2","2","1981-11","0.170973954","A",
"2","10","1981-11","0.17959164","A",
"2","11","1981-11","0.234803026","A",
"2","24","1981-11","0.640859993","A",
"2","26","1981-11","0.791762947","A",
"3","Total","1981-11","0.264244615","A",
"3","12","1981-11","0.648264938","A",
"3","13","1981-11","0.293265882","A",
"3","19","1981-11","0.076205329","A",
"4","Total","1981-11","0.119079076","A",
"4","1","1981-11","0.119079076","A",
"5","Total","1981-11","0.099960524","A",
"5","8","1981-11","0.043639537","A",
"5","14","1981-11","0.299269431","A",
"5","15","1981-11","0.077575979","A",
"5","16","1981-11","0","A",
"5","17","1981-11","0.09838935","A",
"5","18","1981-11","0.123685065","A",
"5","20","1981-11","0.029312289","A",
"6","Total","1981-11","0.145559289","A",
"6","3","1981-11","0.182521561","A",
"6","4","1981-11","0.067010655","A",
"6","5","1981-11","0.052683569","A",
"6","6","1981-11","0.110412774","A",
"6","7","1981-11","0.190504103","A",
"6","9","1981-11","0.148821603","A",
"7","Total","1981-11","0.699994776","A",
"7","21","1981-11","0.699994776","A",
"Total","Total","1981-10","0.184753084","A",
"1","Total","1981-10","0.271124659","A",
"1","22","1981-10","0.196868921","A",
"1","23","1981-10","0.14660652","A",
"1","25","1981-10","0.445156197","A",
"2","Total","1981-10","0.197468686","A",
"2","2","1981-10","0.124323803","A",
"2","10","1981-10","0.116915363","A",
"2","11","1981-10","0.167716447","A",
"2","24","1981-10","0.533619308","A",
"2","26","1981-10","0.730596711","A",
"3","Total","1981-10","0.223749986","A",
"3","12","1981-10","0.571998475","A",
"3","13","1981-10","0.231863338","A",
"3","19","1981-10","0.062027593","A",
"4","Total","1981-10","0.091282519","A",
"4","1","1981-10","0.091282519","A",
"5","Total","1981-10","0.07595153","A",
"5","8","1981-10","0.021819769","A",
"5","14","1981-10","0.170172813","A",
"5","15","1981-10","0.050196222","A",
"5","16","1981-10","0","A",
"5","17","1981-10","0.085343248","A",
"5","18","1981-10","0.091202119","A",
"5","20","1981-10","0.029312289","A",
"6","Total","1981-10","0.106769083","A",
"6","3","1981-10","0.131619133","A",
"6","4","1981-10","0.080412786","A",
"6","5","1981-10","0.039512677","A",
"6","6","1981-10","0.076439613","A",
"6","7","1981-10","0.146541618","A",
"6","9","1981-10","0.102822199","A",
"7","Total","1981-10","0.617283951","A",
"7","21","1981-10","0.617283951","A",
"Total","Total","1981-09","0.159168404","A",
"1","Total","1981-09","0.227443464","A",
"1","22","1981-09","0.16471105","A",
"1","23","1981-09","0.087143736","A",
"1","25","1981-09","0.393641266","A",
"2","Total","1981-09","0.165649735","A",
"2","2","1981-09","0.102032844","A",
"2","10","1981-09","0.083166598","A",
"2","11","1981-09","0.158398867","A",
"2","24","1981-09","0.476768825","A",
"2","26","1981-09","0.547098002","A",
"3","Total","1981-09","0.201100447","A",
"3","12","1981-09","0.495732011","A",
"3","13","1981-09","0.219032956","A",
"3","19","1981-09","0.058926214","A",
"4","Total","1981-09","0.080472747","A",
"4","1","1981-09","0.080472747","A",
"5","Total","1981-09","0.05979163","A",
"5","8","1981-09","0.043639537","A",
"5","14","1981-09","0.146700701","A",
"5","15","1981-09","0.0638861","A",
"5","16","1981-09","0","A",
"5","17","1981-09","0.070666384","A",
"5","18","1981-09","0.038729667","A",
"5","20","1981-09","0.029312289","A",
"6","Total","1981-09","0.083725396","A",
"6","3","1981-09","0.10907663","A",
"6","4","1981-09","0.053608524","A",
"6","5","1981-09","0.024146636","A",
"6","6","1981-09","0.101919484","A",
"6","7","1981-09","0.08059789","A",
"6","9","1981-09","0.070352031","A",
"7","Total","1981-09","0.587682181","A",
"7","21","1981-09","0.587682181","A",
"Total","Total","1981-08","0.150208915","A",
"1","Total","1981-08","0.222736439","A",
"1","22","1981-08","0.154514651","A",
"1","23","1981-08","0.083042854","A",
"1","25","1981-08","0.39644099","A",
"2","Total","1981-08","0.147623548","A",
"2","2","1981-08","0.09996461","A",
"2","10","1981-08","0.094014416","A",
"2","11","1981-08","0.150944803","A",
"2","24","1981-08","0.365651972","A",
"2","26","1981-08","0.417969281","A",
"3","Total","1981-08","0.190118853","A",
"3","12","1981-08","0.48986536","A",
"3","13","1981-08","0.184207632","A",
"3","19","1981-08","0.057153997","A",
"4","Total","1981-08","0.083046503","A",
"4","1","1981-08","0.083046503","A",
"5","Total","1981-08","0.053558525","A",
"5","8","1981-08","0.027274711","A",
"5","14","1981-08","0.129096617","A",
"5","15","1981-08","0.0638861","A",
"5","16","1981-08","0.032589213","A",
"5","17","1981-08","0.06251257","A",
"5","18","1981-08","0.031233602","A",
"5","20","1981-08","0.030439684","A",
"6","Total","1981-08","0.085645703","A",
"6","3","1981-08","0.104713565","A",
"6","4","1981-08","0.033505327","A",
"6","5","1981-08","0.028536933","A",
"6","6","1981-08","0.067946322","A",
"6","7","1981-08","0.065943728","A",
"6","9","1981-08","0.119057283","A",
"7","Total","1981-08","0.531090564","A",
"7","21","1981-08","0.531090564","A",
"Total","Total","1981-07","0.139923291","A",
"1","Total","1981-07","0.190163823","A",
"1","22","1981-07","0.12706281","A",
"1","23","1981-07","0.07279065","A",
"1","25","1981-07","0.344366114","A",
"2","Total","1981-07","0.134513593","A",
"2","2","1981-07","0.090312855","A",
"2","10","1981-07","0.089193163","A",
"2","11","1981-07","0.152808319","A",
"2","24","1981-07","0.333350561","A",
"2","26","1981-07","0.326219927","A",
"3","Total","1981-07","0.196296","A",
"3","12","1981-07","0.51430974","A",
"3","13","1981-07","0.175043073","A",
"3","19","1981-07","0.062470648","A",
"4","Total","1981-07","0.083218086","A",
"4","1","1981-07","0.083218086","A",
"5","Total","1981-07","0.054712804","A",
"5","8","1981-07","0","A",
"5","14","1981-07","0.117360561","A",
"5","15","1981-07","0.077575979","A",
"5","16","1981-07","0.048883819","A",
"5","17","1981-07","0.065230508","A",
"5","18","1981-07","0.029984258","A",
"5","20","1981-07","0.037204059","A",
"6","Total","1981-07","0.074891983","A",
"6","3","1981-07","0.095260257","A",
"6","4","1981-07","0.033505327","A",
"6","5","1981-07","0.032927231","A",
"6","6","1981-07","0.093426193","A",
"6","7","1981-07","0.095252052","A",
"6","9","1981-07","0.054116947","A",
"7","Total","1981-07","0.484075989","A",
"7","21","1981-07","0.484075989","A",
"Total","Total","1981-06","0.144580932","A",
"1","Total","1981-06","0.20447318","A",
"1","22","1981-06","0.134906193","A",
"1","23","1981-06","0.079967193","A",
"1","25","1981-06","0.371803415","A",
"2","Total","1981-06","0.127139244","A",
"2","2","1981-06","0.088934033","A",
"2","10","1981-06","0.079550659","A",
"2","11","1981-06","0.134173158","A",
"2","24","1981-06","0.313969714","A",
"2","26","1981-06","0.309229305","A",
"3","Total","1981-06","0.223978769","A",
"3","12","1981-06","0.598398404","A",
"3","13","1981-06","0.21353422","A",
"3","19","1981-06","0.059369268","A",
"4","Total","1981-06","0.084933923","A",
"4","1","1981-06","0.084933923","A",
"5","Total","1981-06","0.056328794","A",
"5","8","1981-06","0.010909884","A",
"5","14","1981-06","0.143766687","A",
"5","15","1981-06","0.0638861","A",
"5","16","1981-06","0.048883819","A",
"5","17","1981-06","0.061425395","A",
"5","18","1981-06","0.04872442","A",
"5","20","1981-06","0.027057497","A",
"6","Total","1981-06","0.07143543","A",
"6","3","1981-06","0.094533079","A",
"6","4","1981-06","0.046907458","A",
"6","5","1981-06","0.03512238","A",
"6","6","1981-06","0.067946322","A",
"6","7","1981-06","0.051289566","A",
"6","9","1981-06","0.048705252","A",
"7","Total","1981-06","0.477981508","A",
"7","21","1981-06","0.477981508","A",
"Total","Total","1981-05","0.151599738","A",
"1","Total","1981-05","0.225748935","A",
"1","22","1981-05","0.160397189","A",
"1","23","1981-05","0.117900349","A",
"1","25","1981-05","0.377962808","A",
"2","Total","1981-05","0.139566388","A",
"2","2","1981-05","0.100654021","A",
"2","10","1981-05","0.098835668","A",
"2","11","1981-05","0.156535351","A",
"2","24","1981-05","0.313969714","A",
"2","26","1981-05","0.309229305","A",
"3","Total","1981-05","0.225580251","A",
"3","12","1981-05","0.60524283","A",
"3","13","1981-05","0.216283588","A",
"3","19","1981-05","0.058040105","A",
"4","Total","1981-05","0.080815915","A",
"4","1","1981-05","0.080815915","A",
"5","Total","1981-05","0.055867083","A",
"5","8","1981-05","0.021819769","A",
"5","14","1981-05","0.108558519","A",
"5","15","1981-05","0.050196222","A",
"5","16","1981-05","0","A",
"5","17","1981-05","0.06251257","A",
"5","18","1981-05","0.066215237","A",
"5","20","1981-05","0.024802706","A",
"6","Total","1981-05","0.08218915","A",
"6","3","1981-05","0.109803808","A",
"6","4","1981-05","0.040206393","A",
"6","5","1981-05","0.041707826","A",
"6","6","1981-05","0.067946322","A",
"6","7","1981-05","0.065943728","A",
"6","9","1981-05","0.056822794","A",
"7","Total","1981-05","0.481464069","A",
"7","21","1981-05","0.481464069","A",
"Total","Total","1981-04","0.162273498","A",
"1","Total","1981-04","0.254179368","A",
"1","22","1981-04","0.178044801","A",
"1","23","1981-04","0.124051671","A",
"1","25","1981-04","0.433957299","A",
"2","Total","1981-04","0.150901036","A",
"2","2","1981-04","0.109156758","A",
"2","10","1981-04","0.113299424","A",
"2","11","1981-04","0.139763706","A",
"2","24","1981-04","0.361775802","A",
"2","26","1981-04","0.360201169","A",
"3","Total","1981-04","0.226952951","A",
"3","12","1981-04","0.621865008","A",
"3","13","1981-04","0.212617765","A",
"3","19","1981-04","0.054938726","A",
"4","Total","1981-04","0.08990985","A",
"4","1","1981-04","0.08990985","A",
"5","Total","1981-04","0.056790505","A",
"5","8","1981-04","0.032729653","A",
"5","14","1981-04","0.117360561","A",
"5","15","1981-04","0.077575979","A",
"5","16","1981-04","0","A",
"5","17","1981-04","0.057620282","A",
"5","18","1981-04","0.077459334","A",
"5","20","1981-04","0.016910936","A",
"6","Total","1981-04","0.087181949","A",
"6","3","1981-04","0.116348405","A",
"6","4","1981-04","0.067010655","A",
"6","5","1981-04","0.041707826","A",
"6","6","1981-04","0.110412774","A",
"6","7","1981-04","0.029308324","A",
"6","9","1981-04","0.056822794","A",
"7","Total","1981-04","0.498876874","A",
"7","21","1981-04","0.498876874","A",
"Total","Total","1981-03","0.171912227","A",
"1","Total","1981-03","0.285998859","A",
"1","22","1981-03","0.174907448","A",
"1","23","1981-03","0.277834734","A",
"1","25","1981-03","0.449075811","A",
"2","Total","1981-03","0.144619183","A",
"2","2","1981-03","0.103641469","A",
"2","10","1981-03","0.147048188","A",
"2","11","1981-03","0.114606239","A",
"2","24","1981-03","0.344979069","A",
"2","26","1981-03","0.326219927","A",
"3","Total","1981-03","0.236561846","A",
"3","12","1981-03","0.662931566","A",
"3","13","1981-03","0.208035485","A",
"3","19","1981-03","0.057153997","A",
"4","Total","1981-03","0.09316994","A",
"4","1","1981-03","0.09316994","A",
"5","Total","1981-03","0.062331042","A",
"5","8","1981-03","0.027274711","A",
"5","14","1981-03","0.137898659","A",
"5","15","1981-03","0.050196222","A",
"5","16","1981-03","0","A",
"5","17","1981-03","0.068492034","A",
"5","18","1981-03","0.087454087","A",
"5","20","1981-03","0.012401353","A",
"6","Total","1981-03","0.087566011","A",
"6","3","1981-03","0.122165826","A",
"6","4","1981-03","0.093814917","A",
"6","5","1981-03","0.041707826","A",
"6","6","1981-03","0.050959742","A",
"6","7","1981-03","0.029308324","A",
"6","9","1981-03","0.045999405","A",
"7","Total","1981-03","0.576363858","A",
"7","21","1981-03","0.576363858","A",
"Total","Total","1981-02","0.211049347","A",
"1","Total","1981-02","0.454133804","A",
"1","22","1981-02","0.195692414","A",
"1","23","1981-02","1.0190691","A",
"1","25","1981-02","0.514589364","A",
"2","Total","1981-02","0.150081664","A",
"2","2","1981-02","0.104101077","A",
"2","10","1981-02","0.156690693","A",
"2","11","1981-02","0.138831948","A",
"2","24","1981-02","0.329474391","A",
"2","26","1981-02","0.380589914","A",
"3","Total","1981-02","0.239078461","A",
"3","12","1981-02","0.646309388","A",
"3","13","1981-02","0.232779794","A",
"3","19","1981-02","0.057597051","A",
"4","Total","1981-02","0.097116365","A",
"4","1","1981-02","0.097116365","A",
"5","Total","1981-02","0.06625559","A",
"5","8","1981-02","0.016364827","A",
"5","14","1981-02","0.149634715","A",
"5","15","1981-02","0.041069636","A",
"5","16","1981-02","0.048883819","A",
"5","17","1981-02","0.073384322","A",
"5","18","1981-02","0.081207366","A",
"5","20","1981-02","0.02367531","A",
"6","Total","1981-02","0.105616899","A",
"6","3","1981-02","0.149798572","A",
"6","4","1981-02","0.080412786","A",
"6","5","1981-02","0.03512238","A",
"6","6","1981-02","0.042466452","A",
"6","7","1981-02","0.051289566","A",
"6","9","1981-02","0.078469573","A",
"7","Total","1981-02","0.732208466","A",
"7","21","1981-02","0.732208466","A",
"Total","Total","1981-01","0.285118773","A",
"1","Total","1981-01","0.762349822","A",
"1","22","1981-01","0.240791868","A",
"1","23","1981-01","2.507689153","A",
"1","25","1981-01","0.553785508","A",
"2","Total","1981-01","0.189001841","A",
"2","2","1981-01","0.148453191","A",
"2","10","1981-01","0.195260709","A",
"2","11","1981-01","0.158398867","A",
"2","24","1981-01","0.333350561","A",
"2","26","1981-01","0.502922387","A",
"3","Total","1981-01","0.263558265","A",
"3","12","1981-01","0.696175921","A",
"3","13","1981-01","0.261189926","A",
"3","19","1981-01","0.068673407","A",
"4","Total","1981-01","0.112215729","A",
"4","1","1981-01","0.112215729","A",
"5","Total","1981-01","0.070641848","A",
"5","8","1981-01","0.016364827","A",
"5","14","1981-01","0.120294575","A",
"5","15","1981-01","0.045632929","A",
"5","16","1981-01","0","A",
"5","17","1981-01","0.079363785","A",
"5","18","1981-01","0.108692936","A",
"5","20","1981-01","0.021420519","A",
"6","Total","1981-01","0.129428709","A",
"6","3","1981-01","0.173068253","A",
"6","4","1981-01","0.07371172","A",
"6","5","1981-01","0.046098123","A",
"6","6","1981-01","0.110412774","A",
"6","7","1981-01","0.131887456","A",
"6","9","1981-01","0.097410504","A",
"7","Total","1981-01","0.812307371","A",
"7","21","1981-01","0.812307371","A",
"Total","Total","1980-12","0.209795322","A",
"1","Total","1980-12","0.384804081","A",
"1","22","1980-12","0.200029036","A",
"1","23","1980-12","0.529295913","A",
"1","25","1980-12","0.57813317","A",
"2","Total","1980-12","0.164034542","A",
"2","2","1980-12","0.126449236","A",
"2","10","1980-12","0.17825085","A",
"2","11","1980-12","0.144436014","A",
"2","24","1980-12","0.270449856","A",
"2","26","1980-12","0.429606795","A",
"3","Total","1980-12","0.249242659","A",
"3","12","1980-12","0.543774239","A",
"3","13","1980-12","0.276070157","A",
"3","19","1980-12","0.064946623","A",
"4","Total","1980-12","0.107537289","A",
"4","1","1980-12","0.107537289","A",
"5","Total","1980-12","0.065190742","A",
"5","8","1980-12","0.026561836","A",
"5","14","1980-12","0.096948959","A",
"5","15","1980-12","0.065890622","A",
"5","16","1980-12","0","A",
"5","17","1980-12","0.07451018","A",
"5","18","1980-12","0.09951291","A",
"5","20","1980-12","0.016133307","A",
"6","Total","1980-12","0.119845383","A",
"6","3","1980-12","0.163419038","A",
"6","4","1980-12","0.035048367","A",
"6","5","1980-12","0.080130151","A",
"6","6","1980-12","0.075592932","A",
"6","7","1980-12","0.052626963","A",
"6","9","1980-12","0.070887707","A",
"7","Total","1980-12","0.834164727","A",
"7","21","1980-12","0.834164727","A",
"Total","Total","1980-11","0.184993743","A",
"1","Total","1980-11","0.305597097","A",
"1","22","1980-11","0.183091094","A",
"1","23","1980-11","0.177923996","A",
"1","25","1980-11","0.55110662","A",
"2","Total","1980-11","0.14499239","A",
"2","2","1980-11","0.1109041","A",
"2","10","1980-11","0.152786443","A",
"2","11","1980-11","0.117011454","A",
"2","24","1980-11","0.279775713","A",
"2","26","1980-11","0.327944118","A",
"3","Total","1980-11","0.224623205","A",
"3","12","1980-11","0.495915505","A",
"3","13","1980-11","0.250413079","A",
"3","19","1980-11","0.054362729","A",
"4","Total","1980-11","0.091585924","A",
"4","1","1980-11","0.091585924","A",
"5","Total","1980-11","0.067316527","A",
"5","8","1980-11","0.015937102","A",
"5","14","1980-11","0.082691759","A",
"5","15","1980-11","0.057105205","A",
"5","16","1980-11","0","A",
"5","17","1980-11","0.064914172","A",
"5","18","1980-11","0.150578746","A",
"5","20","1980-11","0.011523791","A",
"6","Total","1980-11","0.110561585","A",
"6","3","1980-11","0.154080807","A",
"6","4","1980-11","0.070096733","A",
"6","5","1980-11","0.050991914","A",
"6","6","1980-11","0.075592932","A",
"6","7","1980-11","0.070169283","A",
"6","9","1980-11","0.054776865","A",
"7","Total","1980-11","0.83970735","A",
"7","21","1980-11","0.83970735","A",
"Total","Total","1980-10","0.160225544","A",
"1","Total","1980-10","0.285105737","A",
"1","22","1980-10","0.172605701","A",
"1","23","1980-10","0.125330111","A",
"1","25","1980-10","0.532893075","A",
"2","Total","1980-10","0.128262499","A",
"2","2","1980-10","0.090950643","A",
"2","10","1980-10","0.128595256","A",
"2","11","1980-10","0.117011454","A",
"2","24","1980-10","0.24014082","A",
"2","26","1980-10","0.380415177","A",
"3","Total","1980-10","0.186169963","A",
"3","12","1980-10","0.418351349","A",
"3","13","1980-10","0.199098923","A",
"3","19","1980-10","0.044741007","A",
"4","Total","1980-10","0.084416772","A",
"4","1","1980-10","0.084416772","A",
"5","Total","1980-10","0.04416909","A",
"5","8","1980-10","0.010624734","A",
"5","14","1980-10","0.096948959","A",
"5","15","1980-10","0.030748957","A",
"5","16","1980-10","0","A",
"5","17","1980-10","0.050237925","A",
"5","18","1980-10","0.062850259","A",
"5","20","1980-10","0.008066654","A",
"6","Total","1980-10","0.081444221","A",
"6","3","1980-10","0.115949698","A",
"6","4","1980-10","0.056077387","A",
"6","5","1980-10","0.029138237","A",
"6","6","1980-10","0.066143816","A",
"6","7","1980-10","0.026313481","A",
"6","9","1980-10","0.045110359","A",
"7","Total","1980-10","0.706684403","A",
"7","21","1980-10","0.706684403","A",
"Total","Total","1980-09","0.154717791","A",
"1","Total","1980-09","0.273874896","A",
"1","22","1980-09","0.159700602","A",
"1","23","1980-09","0.081688376","A",
"1","25","1980-09","0.541118547","A",
"2","Total","1980-09","0.118605407","A",
"2","2","1980-09","0.086310304","A",
"2","10","1980-09","0.146420341","A",
"2","11","1980-09","0.11518315","A",
"2","24","1980-09","0.209831785","A",
"2","26","1980-09","0.259075853","A",
"3","Total","1980-09","0.173274059","A",
"3","12","1980-09","0.37709382","A",
"3","13","1980-09","0.176520695","A",
"3","19","1980-09","0.052919471","A",
"4","Total","1980-09","0.086029831","A",
"4","1","1980-09","0.086029831","A",
"5","Total","1980-09","0.042043305","A",
"5","8","1980-09","0.026561836","A",
"5","14","1980-09","0.082691759","A",
"5","15","1980-09","0.048319789","A",
"5","16","1980-09","0","A",
"5","17","1980-09","0.04798004","A",
"5","18","1980-09","0.047137694","A",
"5","20","1980-09","0.013828549","A",
"6","Total","1980-09","0.078912277","A",
"6","3","1980-09","0.107389653","A",
"6","4","1980-09","0.06308706","A",
"6","5","1980-09","0.036422796","A",
"6","6","1980-09","0.056694699","A",
"6","7","1980-09","0.026313481","A",
"6","9","1980-09","0.051554696","A",
"7","Total","1980-09","0.728854894","A",
"7","21","1980-09","0.728854894","A",
"Total","Total","1980-08","0.156320047","A",
"1","Total","1980-08","0.271707541","A",
"1","22","1980-08","0.158894033","A",
"1","23","1980-08","0.060427018","A",
"1","25","1980-08","0.546993884","A",
"2","Total","1980-08","0.129758668","A",
"2","2","1980-08","0.093966863","A",
"2","10","1980-08","0.17825085","A",
"2","11","1980-08","0.116097302","A",
"2","24","1980-08","0.222654838","A",
"2","26","1980-08","0.298429148","A",
"3","Total","1980-08","0.167881226","A",
"3","12","1980-08","0.359765657","A",
"3","13","1980-08","0.172415563","A",
"3","19","1980-08","0.053881643","A",
"4","Total","1980-08","0.097500475","A",
"4","1","1980-08","0.097500475","A",
"5","Total","1980-08","0.03991752","A",
"5","8","1980-08","0.031874203","A",
"5","14","1980-08","0.071285999","A",
"5","15","1980-08","0.013178124","A",
"5","16","1980-08","0","A",
"5","17","1980-08","0.053624751","A",
"5","18","1980-08","0.041900173","A",
"5","20","1980-08","0.009219033","A",
"6","Total","1980-08","0.089884037","A",
"6","3","1980-08","0.125287929","A",
"6","4","1980-08","0.077106407","A",
"6","5","1980-08","0.041279169","A",
"6","6","1980-08","0.047245583","A",
"6","7","1980-08","0.017542321","A",
"6","9","1980-08","0.054776865","A",
"7","Total","1980-08","0.654029487","A",
"7","21","1980-08","0.654029487","A",
"Total","Total","1980-07","0.157354836","A",
"1","Total","1980-07","0.273480832","A",
"1","22","1980-07","0.145182365","A",
"1","23","1980-07","0.076093281","A",
"1","25","1980-07","0.564032361","A",
"2","Total","1980-07","0.128670545","A",
"2","2","1980-07","0.093038796","A",
"2","10","1980-07","0.184616952","A",
"2","11","1980-07","0.138951102","A",
"2","24","1980-07","0.184185678","A",
"2","26","1980-07","0.295149706","A",
"3","Total","1980-07","0.188514673","A",
"3","12","1980-07","0.409274693","A",
"3","13","1980-07","0.202177773","A",
"3","19","1980-07","0.053400557","A",
"4","Total","1980-07","0.09821739","A",
"4","1","1980-07","0.09821739","A",
"5","Total","1980-07","0.045822478","A",
"5","8","1980-07","0.03718657","A",
"5","14","1980-07","0.091246079","A",
"5","15","1980-07","0.021963541","A",
"5","16","1980-07","0","A",
"5","17","1980-07","0.055318164","A",
"5","18","1980-07","0.054993977","A",
"5","20","1980-07","0.011523791","A",
"6","Total","1980-07","0.074692369","A",
"6","3","1980-07","0.106611467","A",
"6","4","1980-07","0.049067713","A",
"6","5","1980-07","0.021853677","A",
"6","6","1980-07","0","A",
"6","7","1980-07","0.026313481","A",
"6","9","1980-07","0.067665539","A",
"7","Total","1980-07","0.606917193","A",
"7","21","1980-07","0.606917193","A",
"Total","Total","1980-06","0.167936398","A",
"1","Total","1980-06","0.292987029","A",
"1","22","1980-06","0.14558565","A",
"1","23","1980-06","0.057069961","A",
"1","25","1980-06","0.631598738","A",
"2","Total","1980-06","0.133023037","A",
"2","2","1980-06","0.099767287","A",
"2","10","1980-06","0.175704409","A",
"2","11","1980-06","0.141693558","A",
"2","24","1980-06","0.202837392","A",
"2","26","1980-06","0.265634736","A",
"3","Total","1980-06","0.208913649","A",
"3","12","1980-06","0.458783728","A",
"3","13","1980-06","0.210388038","A",
"3","19","1980-06","0.062541193","A",
"4","Total","1980-06","0.103415026","A",
"4","1","1980-06","0.103415026","A",
"5","Total","1980-06","0.047948263","A",
"5","8","1980-06","0.047811305","A",
"5","14","1980-06","0.094097519","A",
"5","15","1980-06","0.030748957","A",
"5","16","1980-06","0","A",
"5","17","1980-06","0.057576048","A",
"5","18","1980-06","0.057612738","A",
"5","20","1980-06","0.009219033","A",
"6","Total","1980-06","0.092415982","A",
"6","3","1980-06","0.132291602","A",
"6","4","1980-06","0.035048367","A",
"6","5","1980-06","0.038850982","A",
"6","6","1980-06","0.037796466","A",
"6","7","1980-06","0.00877116","A",
"6","9","1980-06","0.074109876","A",
"7","Total","1980-06","0.624468832","A",
"7","21","1980-06","0.624468832","A",
"Total","Total","1980-05","0.190434735","A",
"1","Total","1980-05","0.354658139","A",
"1","22","1980-05","0.169379426","A",
"1","23","1980-05","0.134282261","A",
"1","25","1980-05","0.740292474","A",
"2","Total","1980-05","0.149480897","A",
"2","2","1980-05","0.114384355","A",
"2","10","1980-05","0.170611528","A",
"2","11","1980-05","0.149006774","A",
"2","24","1980-05","0.243638017","A",
"2","26","1980-05","0.327944118","A",
"3","Total","1980-05","0.227905799","A",
"3","12","1980-05","0.513243667","A",
"3","13","1980-05","0.213466887","A",
"3","19","1980-05","0.068314226","A",
"4","Total","1980-05","0.11936639","A",
"4","1","1980-05","0.11936639","A",
"5","Total","1980-05","0.04558628","A",
"5","8","1980-05","0.026561836","A",
"5","14","1980-05","0.082691759","A",
"5","15","1980-05","0.035141665","A",
"5","16","1980-05","0","A",
"5","17","1980-05","0.055318164","A",
"5","18","1980-05","0.056303357","A",
"5","20","1980-05","0.011523791","A",
"6","Total","1980-05","0.087774083","A",
"6","3","1980-05","0.122953371","A",
"6","4","1980-05","0.028038693","A",
"6","5","1980-05","0.02671005","A",
"6","6","1980-05","0.056694699","A",
"6","7","1980-05","0.043855802","A",
"6","9","1980-05","0.077332044","A",
"7","Total","1980-05","0.708531944","A",
"7","21","1980-05","0.708531944","A",
"Total","Total","1980-04","0.215069413","A",
"1","Total","1980-04","0.402339956","A",
"1","22","1980-04","0.208901292","A",
"1","23","1980-04","0.163376751","A",
"1","25","1980-04","0.809621452","A",
"2","Total","1980-04","0.16498665","A",
"2","2","1980-04","0.121344863","A",
"2","10","1980-04","0.190983053","A",
"2","11","1980-04","0.15631999","A",
"2","24","1980-04","0.307753284","A",
"2","26","1980-04","0.344341324","A",
"3","Total","1980-04","0.257683614","A",
"3","12","1980-04","0.554501196","A",
"3","13","1980-04","0.248360513","A",
"3","19","1980-04","0.089000928","A",
"4","Total","1980-04","0.13155395","A",
"4","1","1980-04","0.13155395","A",
"5","Total","1980-04","0.064482147","A",
"5","8","1980-04","0.031874203","A",
"5","14","1980-04","0.102651839","A",
"5","15","1980-04","0.043927081","A",
"5","16","1980-04","0","A",
"5","17","1980-04","0.073381238","A",
"5","18","1980-04","0.102131671","A",
"5","20","1980-04","0.014980928","A",
"6","Total","1980-04","0.110139595","A",
"6","3","1980-04","0.149411691","A",
"6","4","1980-04","0.056077387","A",
"6","5","1980-04","0.048563728","A",
"6","6","1980-04","0.103940282","A",
"6","7","1980-04","0.070169283","A",
"6","9","1980-04","0.070887707","A",
"7","Total","1980-04","0.758415549","A",
"7","21","1980-04","0.758415549","A",
"Total","Total","1980-03","0.2407055","A",
"1","Total","1980-03","0.475833003","A",
"1","22","1980-03","0.242373893","A",
"1","23","1980-03","0.383823464","A",
"1","25","1980-03","0.864262087","A",
"2","Total","1980-03","0.182804664","A",
"2","2","1980-03","0.140834287","A",
"2","10","1980-03","0.175704409","A",
"2","11","1980-03","0.163633206","A",
"2","24","1980-03","0.334565124","A",
"2","26","1980-03","0.436165677","A",
"3","Total","1980-03","0.267531396","A",
"3","12","1980-03","0.570179058","A",
"3","13","1980-03","0.259649627","A",
"3","19","1980-03","0.094773962","A",
"4","Total","1980-03","0.151627577","A",
"4","1","1980-03","0.151627577","A",
"5","Total","1980-03","0.06542694","A",
"5","8","1980-03","0.042498938","A",
"5","14","1980-03","0.122611919","A",
"5","15","1980-03","0.039534373","A",
"5","16","1980-03","0","A",
"5","17","1980-03","0.06886547","A",
"5","18","1980-03","0.100822291","A",
"5","20","1980-03","0.020742824","A",
"6","Total","1980-03","0.120689364","A",
"6","3","1980-03","0.162640852","A",
"6","4","1980-03","0.077106407","A",
"6","5","1980-03","0.048563728","A",
"6","6","1980-03","0.075592932","A",
"6","7","1980-03","0.122796246","A",
"6","9","1980-03","0.077332044","A",
"7","Total","1980-03","0.833240956","A",
"7","21","1980-03","0.833240956","A",
"Total","Total","1980-02","0.288539501","A",
"1","Total","1980-02","0.642916393","A",
"1","22","1980-02","0.277459631","A",
"1","23","1980-02","1.061948883","A",
"1","25","1980-02","0.955329812","A",
"2","Total","1980-02","0.211503908","A",
"2","2","1980-02","0.16333993","A",
"2","10","1980-02","0.225360003","A",
"2","11","1980-02","0.182830397","A",
"2","24","1980-02","0.374200016","A",
"2","26","1980-02","0.501754501","A",
"3","Total","1980-02","0.28277201","A",
"3","12","1980-02","0.595758726","A",
"3","13","1980-02","0.281201572","A",
"3","19","1980-02","0.101028081","A",
"4","Total","1980-02","0.161843619","A",
"4","1","1980-02","0.161843619","A",
"5","Total","1980-02","0.078890246","A",
"5","8","1980-02","0.042498938","A",
"5","14","1980-02","0.173937839","A",
"5","15","1980-02","0.035141665","A",
"5","16","1980-02","0","A",
"5","17","1980-02","0.075639122","A",
"5","18","1980-02","0.141413083","A",
"5","20","1980-02","0.017285686","A",
"6","Total","1980-02","0.137568995","A",
"6","3","1980-02","0.189099172","A",
"6","4","1980-02","0.04205804","A",
"6","5","1980-02","0.058276473","A",
"6","6","1980-02","0.122838515","A",
"6","7","1980-02","0.070169283","A",
"6","9","1980-02","0.103109393","A",
"7","Total","1980-02","0.976425378","A",
"7","21","1980-02","0.976425378","A",
"Total","Total","1980-01","0.379567638","A",
"1","Total","1980-01","0.986737756","A",
"1","22","1980-01","0.339565421","A",
"1","23","1980-01","2.76957164","A",
"1","25","1980-01","0.993519503","A",
"2","Total","1980-01","0.267814274","A",
"2","2","1980-01","0.220648116","A",
"2","10","1980-01","0.296660343","A",
"2","11","1980-01","0.213911565","A",
"2","24","1980-01","0.455801266","A",
"2","26","1980-01","0.524710589","A",
"3","Total","1980-01","0.313487709","A",
"3","12","1980-01","0.668371978","A",
"3","13","1980-01","0.288385554","A",
"3","19","1980-01","0.118347181","A",
"4","Total","1980-01","0.185322594","A",
"4","1","1980-01","0.185322594","A",
"5","Total","1980-01","0.110777022","A",
"5","8","1980-01","0.047811305","A",
"5","14","1980-01","0.216709438","A",
"5","15","1980-01","0.087854162","A",
"5","16","1980-01","0","A",
"5","17","1980-01","0.094831138","A",
"5","18","1980-01","0.242235374","A",
"5","20","1980-01","0.01267617","A",
"6","Total","1980-01","0.154026636","A",
"6","3","1980-01","0.206219262","A",
"6","4","1980-01","0.06308706","A",
"6","5","1980-01","0.053420101","A",
"6","6","1980-01","0.179533214","A",
"6","7","1980-01","0.149109727","A",
"6","9","1980-01","0.106331561","A",
"7","Total","1980-01","1.098363079","A",
"7","21","1980-01","1.098363079","A",
"Total","Total","1979-12","0.297185004","A",
"1","Total","1979-12","0.574743218","A",
"1","22","1979-12","0.291171299","A",
"1","23","1979-12","0.72624323","A",
"1","25","1979-12","0.908327115","A",
"2","Total","1979-12","0.25026829","A",
"2","2","1979-12","0.194430201","A",
"2","10","1979-12","0.259736953","A",
"2","11","1979-12","0.245906884","A",
"2","24","1979-12","0.426657963","A",
"2","26","1979-12","0.534548913","A",
"3","Total","1979-12","0.301295218","A",
"3","12","1979-12","0.604010232","A",
"3","13","1979-12","0.341752276","A",
"3","19","1979-12","0.105838942","A",
"4","Total","1979-12","0.17994573","A",
"4","1","1979-12","0.17994573","A",
"5","Total","1979-12","0.094951733","A",
"5","8","1979-12","0.047811305","A",
"5","14","1979-12","0.185343599","A",
"5","15","1979-12","0.079068746","A",
"5","16","1979-12","0.015605493","A",
"5","17","1979-12","0.10104032","A",
"5","18","1979-12","0.145341225","A",
"5","20","1979-12","0.021895203","A",
"6","Total","1979-12","0.162044461","A",
"6","3","1979-12","0.214779306","A",
"6","4","1979-12","0.077106407","A",
"6","5","1979-12","0.053420101","A",
"6","6","1979-12","0.302371728","A",
"6","7","1979-12","0.114025086","A",
"6","9","1979-12","0.096665056","A",
"7","Total","1979-12","0.989358164","A",
"7","21","1979-12","0.989358164","A",
"Total","Total","1979-11","0.281529633","A",
"1","Total","1979-11","0.503614558","A",
"1","22","1979-11","0.283508896","A",
"1","23","1979-11","0.33906271","A",
"1","25","1979-11","0.91067725","A",
"2","Total","1979-11","0.237890891","A",
"2","2","1979-11","0.183989439","A",
"2","10","1979-11","0.236818986","A",
"2","11","1979-11","0.219396477","A",
"2","24","1979-11","0.432486623","A",
"2","26","1979-11","0.521431148","A",
"3","Total","1979-11","0.30176416","A",
"3","12","1979-11","0.561102401","A",
"3","13","1979-11","0.371514486","A",
"3","19","1979-11","0.117866094","A",
"4","Total","1979-11","0.165607424","A",
"4","1","1979-11","0.165607424","A",
"5","Total","1979-11","0.093298344","A",
"5","8","1979-11","0.053123672","A",
"5","14","1979-11","0.171086399","A",
"5","15","1979-11","0.087854162","A",
"5","16","1979-11","0.015605493","A",
"5","17","1979-11","0.100475849","A",
"5","18","1979-11","0.154506887","A",
"5","20","1979-11","0.009219033","A",
"6","Total","1979-11","0.162888443","A",
"6","3","1979-11","0.206997448","A",
"6","4","1979-11","0.08411608","A",
"6","5","1979-11","0.055848287","A",
"6","6","1979-11","0.387413777","A",
"6","7","1979-11","0.131567406","A",
"6","9","1979-11","0.093442887","A",
"7","Total","1979-11","1.050327015","A",
"7","21","1979-11","1.050327015","A",
"Total","Total","1979-10","0.26039989","A",
"1","Total","1979-10","0.463419968","A",
"1","22","1979-10","0.258908551","A",
"1","23","1979-10","0.177923996","A",
"1","25","1979-10","0.911264784","A",
"2","Total","1979-10","0.219936862","A",
"2","2","1979-10","0.157771524","A",
"2","10","1979-10","0.17952407","A",
"2","11","1979-10","0.213911565","A",
"2","24","1979-10","0.46862432","A",
"2","26","1979-10","0.524710589","A",
"3","Total","1979-10","0.29238532","A",
"3","12","1979-10","0.556976648","A",
"3","13","1979-10","0.371514486","A",
"3","19","1979-10","0.101028081","A",
"4","Total","1979-10","0.156466755","A",
"4","1","1979-10","0.156466755","A",
"5","Total","1979-10","0.076055866","A",
"5","8","1979-10","0.021249469","A",
"5","14","1979-10","0.111206159","A",
"5","15","1979-10","0.065890622","A",
"5","16","1979-10","0","A",
"5","17","1979-10","0.093137725","A",
"5","18","1979-10","0.106059812","A",
"5","20","1979-10","0.020742824","A",
"6","Total","1979-10","0.13461506","A",
"6","3","1979-10","0.185208243","A",
"6","4","1979-10","0.035048367","A",
"6","5","1979-10","0.048563728","A",
"6","6","1979-10","0.179533214","A",
"6","7","1979-10","0.043855802","A",
"6","9","1979-10","0.103109393","A",
"7","Total","1979-10","0.989358164","A",
"7","21","1979-10","0.989358164","A",
"Total","Total","1979-09","0.257161998","A",
"1","Total","1979-09","0.452780224","A",
"1","22","1979-09","0.26253811","A",
"1","23","1979-09","0.130925205","A",
"1","25","1979-09","0.898926576","A",
"2","Total","1979-09","0.23381043","A",
"2","2","1979-09","0.1656601","A",
"2","10","1979-09","0.165518646","A",
"2","11","1979-09","0.229452149","A",
"2","24","1979-09","0.514087873","A",
"2","26","1979-09","0.600137737","A",
"3","Total","1979-09","0.287930371","A",
"3","12","1979-09","0.552025745","A",
"3","13","1979-09","0.38588245","A",
"3","19","1979-09","0.088038756","A",
"4","Total","1979-09","0.156645984","A",
"4","1","1979-09","0.156645984","A",
"5","Total","1979-09","0.060939172","A",
"5","8","1979-09","0.010624734","A",
"5","14","1979-09","0.079840319","A",
"5","15","1979-09","0.057105205","A",
"5","16","1979-09","0","A",
"5","17","1979-09","0.081848304","A",
"5","18","1979-09","0.073325302","A",
"5","20","1979-09","0.016133307","A",
"6","Total","1979-09","0.125753254","A",
"6","3","1979-09","0.179760941","A",
"6","4","1979-09","0.04205804","A",
"6","5","1979-09","0.043707355","A",
"6","6","1979-09","0.066143816","A",
"6","7","1979-09","0.043855802","A",
"6","9","1979-09","0.099887224","A",
"7","Total","1979-09","0.950559805","A",
"7","21","1979-09","0.950559805","A",
"Total","Total","1979-08","0.270881311","A",
"1","Total","1979-08","0.449627707","A",
"1","22","1979-08","0.252859286","A",
"1","23","1979-08","0.114139922","A",
"1","25","1979-08","0.912439851","A",
"2","Total","1979-08","0.259245305","A",
"2","2","1979-08","0.186309608","A",
"2","10","1979-08","0.196075935","A",
"2","11","1979-08","0.233108757","A",
"2","24","1979-08","0.568877283","A",
"2","26","1979-08","0.675564884","A",
"3","Total","1979-08","0.321928665","A",
"3","12","1979-08","0.580906015","A",
"3","13","1979-08","0.456695984","A",
"3","19","1979-08","0.107763286","A",
"4","Total","1979-08","0.170984289","A",
"4","1","1979-08","0.170984289","A",
"5","Total","1979-08","0.080071237","A",
"5","8","1979-08","0.042498938","A",
"5","14","1979-08","0.108354719","A",
"5","15","1979-08","0.087854162","A",
"5","16","1979-08","0","A",
"5","17","1979-08","0.10104032","A",
"5","18","1979-08","0.092966008","A",
"5","20","1979-08","0.026504719","A",
"6","Total","1979-08","0.136303023","A",
"6","3","1979-08","0.185986428","A",
"6","4","1979-08","0.049067713","A",
"6","5","1979-08","0.050991914","A",
"6","6","1979-08","0.085042049","A",
"6","7","1979-08","0.096482765","A",
"6","9","1979-08","0.115998067","A",
"7","Total","1979-08","0.866496693","A",
"7","21","1979-08","0.866496693","A",
"Total","Total","1979-07","0.285635413","A",
"1","Total","1979-07","0.454356483","A",
"1","22","1979-07","0.250036296","A",
"1","23","1979-07","0.126449129","A",
"1","25","1979-07","0.924190525","A",
"2","Total","1979-07","0.280599719","A",
"2","2","1979-07","0.20742315","A",
"2","10","1979-07","0.226633223","A",
"2","11","1979-07","0.284301268","A",
"2","24","1979-07","0.574705944","A",
"2","26","1979-07","0.613255501","A",
"3","Total","1979-07","0.353113306","A",
"3","12","1979-07","0.666721677","A",
"3","13","1979-07","0.467985098","A",
"3","19","1979-07","0.116422836","A",
"4","Total","1979-07","0.181021102","A",
"4","1","1979-07","0.181021102","A",
"5","Total","1979-07","0.080307436","A",
"5","8","1979-07","0.042498938","A",
"5","14","1979-07","0.136869119","A",
"5","15","1979-07","0.105424995","A",
"5","16","1979-07","0.015605493","A",
"5","17","1979-07","0.099346907","A",
"5","18","1979-07","0.077253444","A",
"5","20","1979-07","0.027657098","A",
"6","Total","1979-07","0.117735429","A",
"6","3","1979-07","0.167309967","A",
"6","4","1979-07","0.028038693","A",
"6","5","1979-07","0.055848287","A",
"6","6","1979-07","0.018898233","A",
"6","7","1979-07","0.061398123","A",
"6","9","1979-07","0.090220719","A",
"7","Total","1979-07","0.972730296","A",
"7","21","1979-07","0.972730296","A",
"Total","Total","1979-06","0.31130488","A",
"1","Total","1979-06","0.476621133","A",
"1","22","1979-06","0.276249778","A",
"1","23","1979-06","0.156662638","A",
"1","25","1979-06","0.936528733","A",
"2","Total","1979-06","0.314603563","A",
"2","2","1979-06","0.224360387","A",
"2","10","1979-06","0.295387123","A",
"2","11","1979-06","0.310811676","A",
"2","24","1979-06","0.612009372","A",
"2","26","1979-06","0.816580855","A",
"3","Total","1979-06","0.390394193","A",
"3","12","1979-06","0.778117006","A",
"3","13","1979-06","0.489537044","A",
"3","19","1979-06","0.117866094","A",
"4","Total","1979-06","0.186397967","A",
"4","1","1979-06","0.186397967","A",
"5","Total","1979-06","0.092353551","A",
"5","8","1979-06","0.053123672","A",
"5","14","1979-06","0.139720559","A",
"5","15","1979-06","0.122995827","A",
"5","16","1979-06","0","A",
"5","17","1979-06","0.113458684","A",
"5","18","1979-06","0.103441052","A",
"5","20","1979-06","0.027657098","A",
"6","Total","1979-06","0.143054876","A",
"6","3","1979-06","0.202328332","A",
"6","4","1979-06","0.056077387","A",
"6","5","1979-06","0.063132846","A",
"6","6","1979-06","0.085042049","A",
"6","7","1979-06","0.052626963","A",
"6","9","1979-06","0.096665056","A",
"7","Total","1979-06","1.070649965","A",
"7","21","1979-06","1.070649965","A",
"Total","Total","1979-05","0.352396056","A",
"1","Total","1979-05","0.542823985","A",
"1","22","1979-05","0.332709587","A",
"1","23","1979-05","0.26185041","A",
"1","25","1979-05","0.996457172","A",
"2","Total","1979-05","0.363841129","A",
"2","2","1979-05","0.280276471","A",
"2","10","1979-05","0.336130174","A",
"2","11","1979-05","0.338236235","A",
"2","24","1979-05","0.624832426","A",
"2","26","1979-05","0.973994031","A",
"3","Total","1979-05","0.445025932","A",
"3","12","1979-05","0.89446324","A",
"3","13","1979-05","0.529562085","A",
"3","19","1979-05","0.143363658","A",
"4","Total","1979-05","0.213640747","A",
"4","1","1979-05","0.213640747","A",
"5","Total","1979-05","0.108887435","A",
"5","8","1979-05","0.058436039","A",
"5","14","1979-05","0.182492159","A",
"5","15","1979-05","0.105424995","A",
"5","16","1979-05","0.046816479","A",
"5","17","1979-05","0.132086229","A",
"5","18","1979-05","0.144031844","A",
"5","20","1979-05","0.017285686","A",
"6","Total","1979-05","0.152760664","A",
"6","3","1979-05","0.201550146","A",
"6","4","1979-05","0.070096733","A",
"6","5","1979-05","0.084986524","A",
"6","6","1979-05","0.122838515","A",
"6","7","1979-05","0.131567406","A",
"6","9","1979-05","0.096665056","A",
"7","Total","1979-05","1.12145734","A",
"7","21","1979-05","1.12145734","A",
"Total","Total","1979-04","0.371990305","A",
"1","Total","1979-04","0.576319476","A",
"1","22","1979-04","0.375457728","A",
"1","23","1979-04","0.345776823","A",
"1","25","1979-04","0.989994301","A",
"2","Total","1979-04","0.372138066","A",
"2","2","1979-04","0.287468997","A",
"2","10","1979-04","0.381966107","A",
"2","11","1979-04","0.320867347","A",
"2","24","1979-04","0.652809997","A",
"2","26","1979-04","0.937920178","A",
"3","Total","1979-04","0.467066205","A",
"3","12","1979-04","0.892812938","A",
"3","13","1979-04","0.584981373","A",
"3","19","1979-04","0.163569274","A",
"4","Total","1979-04","0.238195094","A",
"4","1","1979-04","0.238195094","A",
"5","Total","1979-04","0.120697352","A",
"5","8","1979-04","0.063748406","A",
"5","14","1979-04","0.222412318","A",
"5","15","1979-04","0.140566659","A",
"5","16","1979-04","0.031210986","A",
"5","17","1979-04","0.14902036","A",
"5","18","1979-04","0.13093804","A",
"5","20","1979-04","0.026504719","A",
"6","Total","1979-04","0.17765812","A",
"6","3","1979-04","0.243572185","A",
"6","4","1979-04","0.035048367","A",
"6","5","1979-04","0.082558337","A",
"6","6","1979-04","0.103940282","A",
"6","7","1979-04","0.131567406","A",
"6","9","1979-04","0.138553246","A",
"7","Total","1979-04","1.136237668","A",
"7","21","1979-04","1.136237668","A",
"Total","Total","1979-03","0.40256668","A",
"1","Total","1979-03","0.647842201","A",
"1","22","1979-03","0.439579939","A",
"1","23","1979-03","0.59084195","A",
"1","25","1979-03","0.981181295","A",
"2","Total","1979-03","0.401789418","A",
"2","2","1979-03","0.276332183","A",
"2","10","1979-03","0.440534243","A",
"2","11","1979-03","0.316296587","A",
"2","24","1979-03","0.697107819","A",
"2","26","1979-03","1.55117568","A",
"3","Total","1979-03","0.45159112","A",
"3","12","1979-03","0.86723327","A",
"3","13","1979-03","0.518272971","A",
"3","19","1979-03","0.178001857","A",
"4","Total","1979-03","0.249665738","A",
"4","1","1979-03","0.249665738","A",
"5","Total","1979-03","0.131562476","A",
"5","8","1979-03","0.063748406","A",
"5","14","1979-03","0.273738238","A",
"5","15","1979-03","0.109817703","A",
"5","16","1979-03","0.046816479","A",
"5","17","1979-03","0.150713774","A",
"5","18","1979-03","0.153197507","A",
"5","20","1979-03","0.042638026","A",
"6","Total","1979-03","0.205931502","A",
"6","3","1979-03","0.289485152","A",
"6","4","1979-03","0.08411608","A",
"6","5","1979-03","0.08741471","A",
"6","6","1979-03","0.160634981","A",
"6","7","1979-03","0.140338567","A",
"6","9","1979-03","0.112775898","A",
"7","Total","1979-03","1.343162251","A",
"7","21","1979-03","1.343162251","A",
"Total","Total","1979-02","0.475302401","A",
"1","Total","1979-02","0.859060826","A",
"1","22","1979-02","0.499266022","A",
"1","23","1979-02","1.498366232","A",
"1","25","1979-02","1.047572604","A",
"2","Total","1979-02","0.509241565","A",
"2","2","1979-02","0.338744742","A",
"2","10","1979-02","0.954915267","A",
"2","11","1979-02","0.366574947","A",
"2","24","1979-02","0.768217479","A",
"2","26","1979-02","1.554455121","A",
"3","Total","1979-02","0.483713645","A",
"3","12","1979-02","0.927469263","A",
"3","13","1979-02","0.560350578","A",
"3","19","1979-02","0.189066837","A",
"4","Total","1979-02","0.268305535","A",
"4","1","1979-02","0.268305535","A",
"5","Total","1979-02","0.149985946","A",
"5","8","1979-02","0.069060773","A",
"5","14","1979-02","0.273738238","A",
"5","15","1979-02","0.131781243","A",
"5","16","1979-02","0.031210986","A",
"5","17","1979-02","0.174421558","A",
"5","18","1979-02","0.188550778","A",
"5","20","1979-02","0.047247543","A",
"6","Total","1979-02","0.217747244","A",
"6","3","1979-02","0.302714312","A",
"6","4","1979-02","0.070096733","A",
"6","5","1979-02","0.118981133","A",
"6","6","1979-02","0.141736748","A",
"6","7","1979-02","0.140338567","A",
"6","9","1979-02","0.119220235","A",
"7","Total","1979-02","1.315449137","A",
"7","21","1979-02","1.315449137","A",
"Total","Total","1979-01","0.572572658","A",
"1","Total","1979-01","1.2578542","A",
"1","22","1979-01","0.591618138","A",
"1","23","1979-01","3.540575623","A",
"1","25","1979-01","1.029946593","A",
"2","Total","1979-01","0.558071084","A",
"2","2","1979-01","0.38978847","A",
"2","10","1979-01","0.981652895","A",
"2","11","1979-01","0.371145707","A",
"2","24","1979-01","0.765886015","A",
"2","26","1979-01","1.931590857","A",
"3","Total","1979-01","0.510677809","A",
"3","12","1979-01","0.95139863","A",
"3","13","1979-01","0.603454469","A",
"3","19","1979-01","0.210234626","A",
"4","Total","1979-01","0.293756027","A",
"4","1","1979-01","0.293756027","A",
"5","Total","1979-01","0.16368545","A",
"5","8","1979-01","0.058436039","A",
"5","14","1979-01","0.313658397","A",
"5","15","1979-01","0.131781243","A",
"5","16","1979-01","0.140449438","A",
"5","17","1979-01","0.190226748","A",
"5","18","1979-01","0.187241397","A",
"5","20","1979-01","0.061076092","A",
"6","Total","1979-01","0.279357899","A",
"6","3","1979-01","0.37897653","A",
"6","4","1979-01","0.091125754","A",
"6","5","1979-01","0.14811937","A",
"6","6","1979-01","0.141736748","A",
"6","7","1979-01","0.184194369","A",
"6","9","1979-01","0.209440954","A",
"7","Total","1979-01","1.38011307","A",
"7","21","1979-01","1.38011307","A",
"Total","Total","1978-12","0.433844041","A",
"1","Total","1978-12","0.690204145","A",
"1","22","1978-12","0.479101805","A",
"1","23","1978-12","0.809050624","A",
"1","25","1978-12","0.935353666","A",
"2","Total","1978-12","0.446130431","A",
"2","2","1978-12","0.449648842","A",
"2","10","1978-12","0.450720006","A",
"2","11","1978-12","0.401312722","A",
"2","24","1978-12","0.639986944","A",
"2","26","1978-12",,"M",
"3","Total","1978-12","0.486292826","A",
"3","12","1978-12","0.925818962","A",
"3","13","1978-12","0.568560843","A",
"3","19","1978-12","0.191472268","A",
"4","Total","1978-12","0.277625433","A",
"4","1","1978-12","0.277625433","A",
"5","Total","1978-12","0.15093074","A",
"5","8","1978-12","0.063748406","A",
"5","14","1978-12","0.290846878","A",
"5","15","1978-12","0.153744784","A",
"5","16","1978-12","0.062421973","A",
"5","17","1978-12","0.186275451","A",
"5","18","1978-12","0.145341225","A",
"5","20","1978-12","0.051857059","A",
"6","Total","1978-12","0.266276185","A",
"6","3","1978-12","0.355630953","A",
"6","4","1978-12","0.12617412","A",
"6","5","1978-12","0.138406624","A",
"6","6","1978-12","0.094491165","A",
"6","7","1978-12","0.140338567","A",
"6","9","1978-12","0.235218302","A",
"7","Total","1978-12","1.22030078","A",
"7","21","1978-12","1.22030078","A",
"Total","Total","1978-11","0.378399327","A",
"1","Total","1978-11","0.5526756","A",
"1","22","1978-11","0.419415722","A",
"1","23","1978-11","0.307730182","A",
"1","25","1978-11","0.875425228","A",
"2","Total","1978-11","0.388867958","A",
"2","2","1978-11","0.396052928","A",
"2","10","1978-11","0.408703734","A",
"2","11","1978-11","0.320867347","A",
"2","24","1978-11","0.559551426","A",
"2","26","1978-11",,"M",
"3","Total","1978-11","0.438226274","A",
"3","12","1978-11","0.858156614","A",
"3","13","1978-11","0.502878724","A",
"3","19","1978-11","0.163088188","A",
"4","Total","1978-11","0.247694221","A",
"4","1","1978-11","0.247694221","A",
"5","Total","1978-11","0.138884624","A",
"5","8","1978-11","0.015937102","A",
"5","14","1978-11","0.230966638","A",
"5","15","1978-11","0.131781243","A",
"5","16","1978-11","0.078027466","A",
"5","17","1978-11","0.155229542","A",
"5","18","1978-11","0.206882103","A",
"5","20","1978-11","0.041485647","A",
"6","Total","1978-11","0.267964148","A",
"6","3","1978-11","0.369638299","A",
"6","4","1978-11","0.140193467","A",
"6","5","1978-11","0.106840201","A",
"6","6","1978-11","0.160634981","A",
"6","7","1978-11","0.166652048","A",
"6","9","1978-11","0.193330111","A",
"7","Total","1978-11","1.106677013","A",
"7","21","1978-11","1.106677013","A",
"Total","Total","1978-10","0.309268681","A",
"1","Total","1978-10","0.463617001","A",
"1","22","1978-10","0.329483312","A",
"1","23","1978-10","0.21261358","A",
"1","25","1978-10","0.790820373","A",
"2","Total","1978-10","0.297737656","A",
"2","2","1978-10","0.298141776","A",
"2","10","1978-10","0.309392547","A",
"2","11","1978-10","0.249563492","A",
"2","24","1978-10","0.45230407","A",
"2","26","1978-10",,"M",
"3","Total","1978-10","0.364367913","A",
"3","12","1978-10","0.708804357","A",
"3","13","1978-10","0.435144039","A",
"3","19","1978-10","0.130374333","A",
"4","Total","1978-10","0.214357662","A",
"4","1","1978-10","0.214357662","A",
"5","Total","1978-10","0.100384295","A",
"5","8","1978-10","0.026561836","A",
"5","14","1978-10","0.205303678","A",
"5","15","1978-10","0.122995827","A",
"5","16","1978-10","0.078027466","A",
"5","17","1978-10","0.110071857","A",
"5","18","1978-10","0.13093804","A",
"5","20","1978-10","0.023047582","A",
"6","Total","1978-10","0.213527337","A",
"6","3","1978-10","0.288706966","A",
"6","4","1978-10","0.140193467","A",
"6","5","1978-10","0.082558337","A",
"6","6","1978-10","0.151185864","A",
"6","7","1978-10","0.140338567","A",
"6","9","1978-10","0.157886257","A",
"7","Total","1978-10","0.962568821","A",
"7","21","1978-10","0.962568821","A",
"Total","Total","1978-09","0.270046803","A",
"1","Total","1978-09","0.397020084","A",
"1","22","1978-09","0.298430417","A",
"1","23","1978-09","0.16449577","A",
"1","25","1978-09","0.662738025","A",
"2","Total","1978-09","0.254484767","A",
"2","2","1978-09","0.252666455","A",
"2","10","1978-09","0.269922716","A",
"2","11","1978-09","0.223967237","A",
"2","24","1978-09","0.378862945","A",
"2","26","1978-09",,"M",
"3","Total","1978-09","0.337872692","A",
"3","12","1978-09","0.674973183","A",
"3","13","1978-09","0.397171564","A",
"3","19","1978-09","0.11353632","A",
"4","Total","1978-09","0.186397967","A",
"4","1","1978-09","0.186397967","A",
"5","Total","1978-09","0.085976196","A",
"5","8","1978-09","0.063748406","A",
"5","14","1978-09","0.171086399","A",
"5","15","1978-09","0.096639578","A",
"5","16","1978-09","0.015605493","A",
"5","17","1978-09","0.104991618","A",
"5","18","1978-09","0.081181585","A",
"5","20","1978-09","0.024199961","A",
"6","Total","1978-09","0.175970157","A",
"6","3","1978-09","0.242015813","A",
"6","4","1978-09","0.1051451","A",
"6","5","1978-09","0.072845592","A",
"6","6","1978-09","0.085042049","A",
"6","7","1978-09","0.096482765","A",
"6","9","1978-09","0.132108909","A",
"7","Total","1978-09","0.870191775","A",
"7","21","1978-09","0.870191775","A",
"Total","Total","1978-08","0.261701722","A",
"1","Total","1978-08","0.359583947","A",
"1","22","1978-08","0.281895759","A",
"1","23","1978-08","0.120854035","A",
"1","25","1978-08","0.598109317","A",
"2","Total","1978-08","0.258293197","A",
"2","2","1978-08","0.262411167","A",
"2","10","1978-08","0.230452884","A",
"2","11","1978-08","0.235851213","A",
"2","24","1978-08","0.383525873","A",
"2","26","1978-08",,"M",
"3","Total","1978-08","0.352878835","A",
"3","12","1978-08","0.68570014","A",
"3","13","1978-08","0.427960057","A",
"3","19","1978-08","0.123639128","A",
"4","Total","1978-08","0.195359408","A",
"4","1","1978-08","0.195359408","A",
"5","Total","1978-08","0.087393386","A",
"5","8","1978-08","0.03718657","A",
"5","14","1978-08","0.185343599","A",
"5","15","1978-08","0.083461454","A",
"5","16","1978-08","0.015605493","A",
"5","17","1978-08","0.107249502","A",
"5","18","1978-08","0.079872204","A",
"5","20","1978-08","0.031114235","A",
"6","Total","1978-08","0.164998396","A",
"6","3","1978-08","0.219448422","A",
"6","4","1978-08","0.091125754","A",
"6","5","1978-08","0.077701964","A",
"6","6","1978-08","0.085042049","A",
"6","7","1978-08","0.070169283","A",
"6","9","1978-08","0.15144192","A",
"7","Total","1978-08","0.702065551","A",
"7","21","1978-08","0.702065551","A",
"Total","Total","1978-07","0.254591714","A",
"1","Total","1978-07","0.327270649","A",
"1","22","1978-07","0.250842864","A",
"1","23","1978-07","0.121973054","A",
"1","25","1978-07","0.54640635","A",
"2","Total","1978-07","0.244419629","A",
"2","2","1978-07","0.252898472","A",
"2","10","1978-07","0.21390102","A",
"2","11","1978-07","0.225795541","A",
"2","24","1978-07","0.340393784","A",
"2","26","1978-07",,"M",
"3","Total","1978-07","0.345844705","A",
"3","12","1978-07","0.758313392","A",
"3","13","1978-07","0.343804842","A",
"3","19","1978-07","0.106320028","A",
"4","Total","1978-07","0.216329179","A",
"4","1","1978-07","0.216329179","A",
"5","Total","1978-07","0.089046774","A",
"5","8","1978-07","0.058436039","A",
"5","14","1978-07","0.159680639","A",
"5","15","1978-07","0.096639578","A",
"5","16","1978-07","0","A",
"5","17","1978-07","0.108942915","A",
"5","18","1978-07","0.081181585","A",
"5","20","1978-07","0.03802851","A",
"6","Total","1978-07","0.159512516","A",
"6","3","1978-07","0.209332005","A",
"6","4","1978-07","0.091125754","A",
"6","5","1978-07","0.094699269","A",
"6","6","1978-07","0.047245583","A",
"6","7","1978-07","0.105253925","A",
"6","9","1978-07","0.128886741","A",
"7","Total","1978-07","0.676199978","A",
"7","21","1978-07","0.676199978","A",
"Total","Total","1978-06","0.281663155","A",
"1","Total","1978-06","0.363130528","A",
"1","22","1978-06","0.283105612","A",
"1","23","1978-06","0.132044224","A",
"1","25","1978-06","0.601046985","A",
"2","Total","1978-06","0.283728073","A",
"2","2","1978-06","0.30695842","A",
"2","10","1978-06","0.231726105","A",
"2","11","1978-06","0.252305948","A",
"2","24","1978-06","0.355548302","A",
"2","26","1978-06",,"M",
"3","Total","1978-06","0.383594534","A",
"3","12","1978-06","0.883736282","A",
"3","13","1978-06","0.333542011","A",
"3","19","1978-06","0.115460664","A",
"4","Total","1978-06","0.254684145","A",
"4","1","1978-06","0.254684145","A",
"5","Total","1978-06","0.095187931","A",
"5","8","1978-06","0.079685508","A",
"5","14","1978-06","0.171086399","A",
"5","15","1978-06","0.101032286","A",
"5","16","1978-06","0","A",
"5","17","1978-06","0.11684551","A",
"5","18","1978-06","0.092966008","A",
"5","20","1978-06","0.031114235","A",
"6","Total","1978-06","0.159512516","A",
"6","3","1978-06","0.20077196","A",
"6","4","1978-06","0.1051451","A",
"6","5","1978-06","0.089842896","A",
"6","6","1978-06","0.085042049","A",
"6","7","1978-06","0.114025086","A",
"6","9","1978-06","0.148219752","A",
"7","Total","1978-06","0.61984998","A",
"7","21","1978-06","0.61984998","A",
"Total","Total","1978-05","0.312773614","A",
"1","Total","1978-05","0.404310279","A",
"1","22","1978-05","0.285122034","A",
"1","23","1978-05","0.233874938","A",
"1","25","1978-05","0.667438294","A",
"2","Total","1978-05","0.317459886","A",
"2","2","1978-05","0.354753911","A",
"2","10","1978-05","0.278835258","A",
"2","11","1978-05","0.251391796","A",
"2","24","1978-05","0.362542695","A",
"2","26","1978-05",,"M",
"3","Total","1978-05","0.419468595","A",
"3","12","1978-05","0.941496823","A",
"3","13","1978-05","0.393066431","A",
"3","19","1978-05","0.127487816","A",
"4","Total","1978-05","0.29178451","A",
"4","1","1978-05","0.29178451","A",
"5","Total","1978-05","0.115028592","A",
"5","8","1978-05","0.069060773","A",
"5","14","1978-05","0.253778158","A",
"5","15","1978-05","0.109817703","A",
"5","16","1978-05","0.015605493","A",
"5","17","1978-05","0.131521758","A",
"5","18","1978-05","0.112606715","A",
"5","20","1978-05","0.046095163","A",
"6","Total","1978-05","0.175548166","A",
"6","3","1978-05","0.226452095","A",
"6","4","1978-05","0.06308706","A",
"6","5","1978-05","0.08741471","A",
"6","6","1978-05","0.094491165","A",
"6","7","1978-05","0.122796246","A",
"6","9","1978-05","0.180441437","A",
"7","Total","1978-05","0.613383586","A",
"7","21","1978-05","0.613383586","A",
"Total","Total","1978-04","0.337708715","A",
"1","Total","1978-04","0.399187439","A",
"1","22","1978-04","0.322224194","A",
"1","23","1978-04","0.275278636","A",
"1","25","1978-04","0.576370569","A",
"2","Total","1978-04","0.354184037","A",
"2","2","1978-04","0.397445029","A",
"2","10","1978-04","0.28647458","A",
"2","11","1978-04","0.305326764","A",
"2","24","1978-04","0.38702307","A",
"2","26","1978-04",,"M",
"3","Total","1978-04","0.4396331","A",
"3","12","1978-04","0.952223781","A",
"3","13","1978-04","0.431038906","A",
"3","19","1978-04","0.144806916","A",
"4","Total","1978-04","0.314188111","A",
"4","1","1978-04","0.314188111","A",
"5","Total","1978-04","0.142663798","A",
"5","8","1978-04","0.111559711","A",
"5","14","1978-04","0.305104078","A",
"5","15","1978-04","0.105424995","A",
"5","16","1978-04","0.046816479","A",
"5","17","1978-04","0.152971658","A",
"5","18","1978-04","0.174147593","A",
"5","20","1978-04","0.051857059","A",
"6","Total","1978-04","0.194115761","A",
"6","3","1978-04","0.251354043","A",
"6","4","1978-04","0.06308706","A",
"6","5","1978-04","0.104412015","A",
"6","6","1978-04","0.132287631","A",
"6","7","1978-04","0.105253925","A",
"6","9","1978-04","0.190107943","A",
"7","Total","1978-04","0.734397517","A",
"7","21","1978-04","0.734397517","A",
"Total","Total","1978-03","0.373158616","A",
"1","Total","1978-03","0.580457154","A",
"1","22","1978-03","0.430707683","A",
"1","23","1978-03","1.019426167","A",
"1","25","1978-03","0.568145097","A",
"2","Total","1978-03","0.379618912","A",
"2","2","1978-03","0.421342775","A",
"2","10","1978-03","0.39469831","A",
"2","11","1978-03","0.273331444","A",
"2","24","1978-03","0.426657963","A",
"2","26","1978-03",,"M",
"3","Total","1978-03","0.40399351","A",
"3","12","1978-03","0.873834475","A",
"3","13","1978-03","0.39922413","A",
"3","19","1978-03","0.132298677","A",
"4","Total","1978-03","0.327271815","A",
"4","1","1978-03","0.327271815","A",
"5","Total","1978-03","0.138412228","A",
"5","8","1978-03","0.095622609","A",
"5","14","1978-03","0.313658397","A",
"5","15","1978-03","0.083461454","A",
"5","16","1978-03","0.031210986","A",
"5","17","1978-03","0.14902036","A",
"5","18","1978-03","0.161053789","A",
"5","20","1978-03","0.057618954","A",
"6","Total","1978-03","0.220279189","A",
"6","3","1978-03","0.280925107","A",
"6","4","1978-03","0.091125754","A",
"6","5","1978-03","0.123837506","A",
"6","6","1978-03","0.21732968","A",
"6","7","1978-03","0.184194369","A",
"6","9","1978-03","0.170774932","A",
"7","Total","1978-03","0.725159812","A",
"7","21","1978-03","0.725159812","A",
"Total","Total","1978-02","0.482078606","A",
"1","Total","1978-02","0.865365859","A",
"1","22","1978-02","0.507331709","A",
"1","23","1978-02","2.452889307","A",
"1","25","1978-02","0.553456755","A",
"2","Total","1978-02","0.551814377","A",
"2","2","1978-02","0.50602896","A",
"2","10","1978-02","1.46674985","A",
"2","11","1978-02","0.300756004","A",
"2","24","1978-02","0.460464195","A",
"2","26","1978-02",,"M",
"3","Total","1978-02","0.438226274","A",
"3","12","1978-02","0.95057348","A",
"3","13","1978-02","0.409486961","A",
"3","19","1978-02","0.15298538","A",
"4","Total","1978-02","0.350033874","A",
"4","1","1978-02","0.350033874","A",
"5","Total","1978-02","0.161087268","A",
"5","8","1978-02","0.090310242","A",
"5","14","1978-02","0.402053037","A",
"5","15","1978-02","0.131781243","A",
"5","16","1978-02","0.093632959","A",
"5","17","1978-02","0.168212377","A",
"5","18","1978-02","0.199025821","A",
"5","20","1978-02","0.043790405","A",
"6","Total","1978-02","0.251506507","A",
"6","3","1978-02","0.320612588","A",
"6","4","1978-02","0.077106407","A",
"6","5","1978-02","0.169973047","A",
"6","6","1978-02","0.236227913","A",
"6","7","1978-02","0.20173669","A",
"6","9","1978-02","0.177219269","A",
"7","Total","1978-02","0.824927022","A",
"7","21","1978-02","0.824927022","A",
"Total","Total","1978-01","0.503942717","A",
"1","Total","1978-01","0.971369237","A",
"1","22","1978-01","0.544030585","A",
"1","23","1978-01","2.916163108","A",
"1","25","1978-01","0.572845367","A",
"2","Total","1978-01","0.515226241","A",
"2","2","1978-01","0.535031079","A",
"2","10","1978-01","0.900166792","A",
"2","11","1978-01","0.331837171","A",
"2","24","1978-01","0.480281641","A",
"2","26","1978-01",,"M",
"3","Total","1978-01","0.456515011","A",
"3","12","1978-01","0.982754353","A",
"3","13","1978-01","0.440275454","A",
"3","19","1978-01","0.157315155","A",
"4","Total","1978-01","0.38086123","A",
"4","1","1978-01","0.38086123","A",
"5","Total","1978-01","0.183526111","A",
"5","8","1978-01","0.100934977","A",
"5","14","1978-01","0.384944397","A",
"5","15","1978-01","0.149352076","A",
"5","16","1978-01","0.140449438","A",
"5","17","1978-01","0.189662277","A",
"5","18","1978-01","0.247472896","A",
"5","20","1978-01","0.06338085","A",
"6","Total","1978-01","0.286953733","A",
"6","3","1978-01","0.357187325","A",
"6","4","1978-01","0.091125754","A",
"6","5","1978-01","0.150547556","A",
"6","6","1978-01","0.321269961","A",
"6","7","1978-01","0.219279011","A",
"6","9","1978-01","0.280328661","A",
"7","Total","1978-01","0.785204892","A",
"7","21","1978-01","0.785204892","A",
"Total","Total","1977-12","0.386076801","A",
"1","Total","1977-12","0.52351482","A",
"1","22","1977-12","0.465793422","A",
"1","23","1977-12","0.703862853","A",
"1","25","1977-12","0.512916929","A",
"2","Total","1977-12","0.412806664","A",
"2","2","1977-12","0.470298351","A",
"2","10","1977-12","0.425255599","A",
"2","11","1977-12","0.330008867","A",
"2","24","1977-12","0.364874159","A",
"2","26","1977-12",,"M",
"3","Total","1977-12","0.424626957","A",
"3","12","1977-12","0.872184174","A",
"3","13","1977-12","0.438222888","A",
"3","19","1977-12","0.157315155","A",
"4","Total","1977-12","0.356127654","A",
"4","1","1977-12","0.356127654","A",
"5","Total","1977-12","0.168173218","A",
"5","8","1977-12","0.116872078","A",
"5","14","1977-12","0.350727117","A",
"5","15","1977-12","0.136173951","A",
"5","16","1977-12","0.062421973","A",
"5","17","1977-12","0.190791219","A",
"5","18","1977-12","0.183313256","A",
"5","20","1977-12","0.062228471","A",
"6","Total","1977-12","0.259524332","A",
"6","3","1977-12","0.315943473","A",
"6","4","1977-12","0.056077387","A",
"6","5","1977-12","0.162688488","A",
"6","6","1977-12","0.330719078","A",
"6","7","1977-12","0.105253925","A",
"6","9","1977-12","0.280328661","A",
"7","Total","1977-12","0.691904076","A",
"7","21","1977-12","0.691904076","A",
"Total","Total","1977-11","0.352195774","A",
"1","Total","1977-11","0.415344087","A",
"1","22","1977-11","0.40812376","A",
"1","23","1977-11","0.275278636","A",
"1","25","1977-11","0.499403653","A",
"2","Total","1977-11","0.381931173","A",
"2","2","1977-11","0.451969012","A",
"2","10","1977-11","0.291567462","A",
"2","11","1977-11","0.306240916","A",
"2","24","1977-11","0.345056713","A",
"2","26","1977-11",,"M",
"3","Total","1977-11","0.417827298","A",
"3","12","1977-11","0.838352999","A",
"3","13","1977-11","0.460801117","A",
"3","19","1977-11","0.152504294","A",
"4","Total","1977-11","0.336591713","A",
"4","1","1977-11","0.336591713","A",
"5","Total","1977-11","0.149277351","A",
"5","8","1977-11","0.090310242","A",
"5","14","1977-11","0.310806958","A",
"5","15","1977-11","0.114210411","A",
"5","16","1977-11","0.156054931","A",
"5","17","1977-11","0.147891418","A",
"5","18","1977-11","0.205572723","A",
"5","20","1977-11","0.058771333","A",
"6","Total","1977-11","0.243488682","A",
"6","3","1977-11","0.285594223","A",
"6","4","1977-11","0.112154774","A",
"6","5","1977-11","0.133550251","A",
"6","6","1977-11","0.425210243","A",
"6","7","1977-11","0.096482765","A",
"6","9","1977-11","0.267439987","A",
"7","Total","1977-11","0.707608174","A",
"7","21","1977-11","0.707608174","A",
"Total","Total","1977-10","0.285134708","A",
"1","Total","1977-10","0.319783422","A",
"1","22","1977-10","0.304882967","A",
"1","23","1977-10","0.134282261","A",
"1","25","1977-10","0.438887681","A",
"2","Total","1977-10","0.322356439","A",
"2","2","1977-10","0.384916114","A",
"2","10","1977-10","0.199895596","A",
"2","11","1977-10","0.28064466","A",
"2","24","1977-10","0.287935838","A",
"2","26","1977-10",,"M",
"3","Total","1977-10","0.34936177","A",
"3","12","1977-10","0.751712187","A",
"3","13","1977-10","0.331489445","A",
"3","19","1977-10","0.123158042","A",
"4","Total","1977-10","0.29017145","A",
"4","1","1977-10","0.29017145","A",
"5","Total","1977-10","0.099203303","A",
"5","8","1977-10","0.058436039","A",
"5","14","1977-10","0.248075278","A",
"5","15","1977-10","0.07028333","A",
"5","16","1977-10","0","A",
"5","17","1977-10","0.110071857","A",
"5","18","1977-10","0.104750432","A",
"5","20","1977-10","0.035723752","A",
"6","Total","1977-10","0.179346083","A",
"6","3","1977-10","0.214779306","A",
"6","4","1977-10","0.056077387","A",
"6","5","1977-10","0.082558337","A",
"6","6","1977-10","0.292922612","A",
"6","7","1977-10","0.070169283","A",
"6","9","1977-10","0.219107459","A",
"7","Total","1977-10","0.549643425","A",
"7","21","1977-10","0.549643425","A",
"Total","Total","1977-09","0.258764254","A",
"1","Total","1977-09","0.29732174","A",
"1","22","1977-09","0.287945024","A",
"1","23","1977-09","0.101830715","A",
"1","25","1977-09","0.413623732","A",
"2","Total","1977-09","0.271214658","A",
"2","2","1977-09","0.291413285","A",
"2","10","1977-09","0.184616952","A",
"2","11","1977-09","0.286129572","A",
"2","24","1977-09","0.326404999","A",
"2","26","1977-09",,"M",
"3","Total","1977-09","0.343265524","A",
"3","12","1977-09","0.756663091","A",
"3","13","1977-09","0.308911216","A",
"3","19","1977-09","0.118347181","A",
"4","Total","1977-09","0.260240238","A",
"4","1","1977-09","0.260240238","A",
"5","Total","1977-09","0.081252229","A",
"5","8","1977-09","0.058436039","A",
"5","14","1977-09","0.196749358","A",
"5","15","1977-09","0.061497913","A",
"5","16","1977-09","0","A",
"5","17","1977-09","0.099911378","A",
"5","18","1977-09","0.062850259","A",
"5","20","1977-09","0.028809477","A",
"6","Total","1977-09","0.173438212","A",
"6","3","1977-09","0.192211916","A",
"6","4","1977-09","0.070096733","A",
"6","5","1977-09","0.077701964","A",
"6","6","1977-09","0.236227913","A",
"6","7","1977-09","0.070169283","A",
"6","9","1977-09","0.286772998","A",
"7","Total","1977-09","0.533939327","A",
"7","21","1977-09","0.533939327","A",
"Total","Total","1977-08","0.275754838","A",
"1","Total","1977-08","0.272889735","A",
"1","22","1977-08","0.278669484","A",
"1","23","1977-08","0.093997583","A",
"1","25","1977-08","0.358395563","A",
"2","Total","1977-08","0.309026932","A",
"2","2","1977-08","0.328303979","A",
"2","10","1977-08","0.216447461","A",
"2","11","1977-08","0.353776819","A",
"2","24","1977-08","0.349719641","A",
"2","26","1977-08",,"M",
"3","Total","1977-08","0.38031194","A",
"3","12","1977-08","0.793794868","A",
"3","13","1977-08","0.387935016","A",
"3","19","1977-08","0.13566628","A",
"4","Total","1977-08","0.296802916","A",
"4","1","1977-08","0.296802916","A",
"5","Total","1977-08","0.106053055","A",
"5","8","1977-08","0.058436039","A",
"5","14","1977-08","0.256629598","A",
"5","15","1977-08","0.065890622","A",
"5","16","1977-08","0.015605493","A",
"5","17","1977-08","0.133215171","A",
"5","18","1977-08","0.068087781","A",
"5","20","1977-08","0.05070468","A",
"6","Total","1977-08","0.157402562","A",
"6","3","1977-08","0.177426384","A",
"6","4","1977-08","0.02102902","A",
"6","5","1977-08","0.072845592","A",
"6","6","1977-08","0.245677029","A",
"6","7","1977-08","0.105253925","A",
"6","9","1977-08","0.23844047","A",
"7","Total","1977-08","0.465580313","A",
"7","21","1977-08","0.465580313","A",
"Total","Total","1977-07","0.291944294","A",
"1","Total","1977-07","0.270328315","A",
"1","22","1977-07","0.27181365","A",
"1","23","1977-07","0.102949734","A",
"1","25","1977-07","0.356045428","A",
"2","Total","1977-07","0.328069085","A",
"2","2","1977-07","0.341296928","A",
"2","10","1977-07","0.204988477","A",
"2","11","1977-07","0.436050498","A",
"2","24","1977-07","0.353216838","A",
"2","26","1977-07",,"M",
"3","Total","1977-07","0.404462452","A",
"3","12","1977-07","0.801221223","A",
"3","13","1977-07","0.435144039","A",
"3","19","1977-07","0.158758413","A",
"4","Total","1977-07","0.343940095","A",
"4","1","1977-07","0.343940095","A",
"5","Total","1977-07","0.111485617","A",
"5","8","1977-07","0.047811305","A",
"5","14","1977-07","0.268035358","A",
"5","15","1977-07","0.118603119","A",
"5","16","1977-07","0.015605493","A",
"5","17","1977-07","0.133215171","A",
"5","18","1977-07","0.070706542","A",
"5","20","1977-07","0.058771333","A",
"6","Total","1977-07","0.167530341","A",
"6","3","1977-07","0.199993775","A",
"6","4","1977-07","0.06308706","A",
"6","5","1977-07","0.082558337","A",
"6","6","1977-07","0.094491165","A",
"6","7","1977-07","0.096482765","A",
"6","9","1977-07","0.244884807","A",
"7","Total","1977-07","0.414772937","A",
"7","21","1977-07","0.414772937","A",
"Total","Total","1977-06","0.339878436","A",
"1","Total","1977-06","0.316827938","A",
"1","22","1977-06","0.310528948","A",
"1","23","1977-06","0.130925205","A",
"1","25","1977-06","0.423611805","A",
"2","Total","1977-06","0.396076773","A",
"2","2","1977-06","0.424823029","A",
"2","10","1977-06","0.208808138","A",
"2","11","1977-06","0.530208152","A",
"2","24","1977-06","0.392851731","A",
"2","26","1977-06",,"M",
"3","Total","1977-06","0.44432252","A",
"3","12","1977-06","0.90931595","A",
"3","13","1977-06","0.469011381","A",
"3","19","1977-06","0.16164493","A",
"4","Total","1977-06","0.401114086","A",
"4","1","1977-06","0.401114086","A",
"5","Total","1977-06","0.139593219","A",
"5","8","1977-06","0.095622609","A",
"5","14","1977-06","0.287995438","A",
"5","15","1977-06","0.118603119","A",
"5","16","1977-06","0.015605493","A",
"5","17","1977-06","0.171599203","A",
"5","18","1977-06","0.120462997","A",
"5","20","1977-06","0.055314196","A",
"6","Total","1977-06","0.195381733","A",
"6","3","1977-06","0.23501214","A",
"6","4","1977-06","0.056077387","A",
"6","5","1977-06","0.094699269","A",
"6","6","1977-06","0.179533214","A",
"6","7","1977-06","0.096482765","A",
"6","9","1977-06","0.270662156","A",
"7","Total","1977-06","0.438790969","A",
"7","21","1977-06","0.438790969","A",
"Total","Total","1977-05","0.409977111","A",
"1","Total","1977-05","0.359189882","A",
"1","22","1977-05","0.362955913","A",
"1","23","1977-05","0.172328902","A",
"1","25","1977-05","0.451813423","A",
"2","Total","1977-05","0.489655351","A",
"2","2","1977-05","0.536655197","A",
"2","10","1977-05","0.300480004","A",
"2","11","1977-05","0.624365807","A",
"2","24","1977-05","0.428989427","A",
"2","26","1977-05",,"M",
"3","Total","1977-05","0.545613986","A",
"3","12","1977-05","1.070220315","A",
"3","13","1977-05","0.586007656","A",
"3","19","1977-05","0.22081852","A",
"4","Total","1977-05","0.48069168","A",
"4","1","1977-05","0.48069168","A",
"5","Total","1977-05","0.160142475","A",
"5","8","1977-05","0.079685508","A",
"5","14","1977-05","0.356429997","A",
"5","15","1977-05","0.149352076","A",
"5","16","1977-05","0","A",
"5","17","1977-05","0.192484632","A",
"5","18","1977-05","0.144031844","A",
"5","20","1977-05","0.061076092","A",
"6","Total","1977-05","0.235048867","A",
"6","3","1977-05","0.258357716","A",
"6","4","1977-05","0.077106407","A",
"6","5","1977-05","0.133550251","A",
"6","6","1977-05","0.207880563","A",
"6","7","1977-05","0.157880888","A",
"6","9","1977-05","0.383438054","A",
"7","Total","1977-05","0.568118834","A",
"7","21","1977-05","0.568118834","A",
"Total","Total","1977-04","0.459980833","A",
"1","Total","1977-04","0.431894801","A",
"1","22","1977-04","0.44804891","A",
"1","23","1977-04","0.213732599","A",
"1","25","1977-04","0.522905002","A",
"2","Total","1977-04","0.56024733","A",
"2","2","1977-04","0.602315993","A",
"2","10","1977-04","0.387058988","A",
"2","11","1977-04","0.70846779","A",
"2","24","1977-04","0.517585069","A",
"2","26","1977-04",,"M",
"3","Total","1977-04","0.561792484","A",
"3","12","1977-04","1.067744863","A",
"3","13","1977-04","0.644505793","A",
"3","19","1977-04","0.228034811","A",
"4","Total","1977-04","0.517792044","A",
"4","1","1977-04","0.517792044","A",
"5","Total","1977-04","0.185888094","A",
"5","8","1977-04","0.122184445","A",
"5","14","1977-04","0.396350157","A",
"5","15","1977-04","0.144959367","A",
"5","16","1977-04","0.015605493","A",
"5","17","1977-04","0.219014772","A",
"5","18","1977-04","0.159744409","A",
"5","20","1977-04","0.093342706","A",
"6","Total","1977-04","0.270074102","A",
"6","3","1977-04","0.31827803","A",
"6","4","1977-04","0.056077387","A",
"6","5","1977-04","0.135978438","A",
"6","6","1977-04","0.340168194","A",
"6","7","1977-04","0.140338567","A",
"6","9","1977-04","0.37054938","A",
"7","Total","1977-04","0.699294239","A",
"7","21","1977-04","0.699294239","A",
"Total","Total","1977-03","0.469594366","A",
"1","Total","1977-03","0.506570042","A",
"1","22","1977-03","0.487167492","A",
"1","23","1977-03","0.499082405","A",
"1","25","1977-03","0.538768412","A",
"2","Total","1977-03","0.560791392","A",
"2","2","1977-03","0.558232773","A",
"2","10","1977-03","0.431621701","A",
"2","11","1977-03","0.688356446","A",
"2","24","1977-03","0.728582586","A",
"2","26","1977-03",,"M",
"3","Total","1977-03","0.555696238","A",
"3","12","1977-03","1.102401188","A",
"3","13","1977-03","0.58395509","A",
"3","19","1977-03","0.223705036","A",
"4","Total","1977-03","0.515820527","A",
"4","1","1977-03","0.515820527","A",
"5","Total","1977-03","0.178802144","A",
"5","8","1977-03","0.069060773","A",
"5","14","1977-03","0.433418877","A",
"5","15","1977-03","0.197671865","A",
"5","16","1977-03","0","A",
"5","17","1977-03","0.192484632","A",
"5","18","1977-03","0.172838213","A",
"5","20","1977-03","0.085276052","A",
"6","Total","1977-03","0.262478267","A",
"6","3","1977-03","0.296488825","A",
"6","4","1977-03","0.140193467","A",
"6","5","1977-03","0.133550251","A",
"6","6","1977-03","0.274024379","A",
"6","7","1977-03","0.219279011","A",
"6","9","1977-03","0.360882874","A",
"7","Total","1977-03","0.690056535","A",
"7","21","1977-03","0.690056535","A",
"Total","Total","1977-02","0.585424082","A",
"1","Total","1977-02","0.753057449","A",
"1","22","1977-02","0.623880886","A",
"1","23","1977-02","1.444653328","A",
"1","25","1977-02","0.57813317","A",
"2","Total","1977-02","0.702927459","A",
"2","2","1977-02","0.708115721","A",
"2","10","1977-02","0.639156619","A",
"2","11","1977-02","0.826393396","A",
"2","24","1977-02","0.827669818","A",
"2","26","1977-02",,"M",
"3","Total","1977-02","0.609624565","A",
"3","12","1977-02","1.184091097","A",
"3","13","1977-02","0.628085264","A",
"3","19","1977-02","0.266040613","A",
"4","Total","1977-02","0.581597502","A",
"4","1","1977-02","0.581597502","A",
"5","Total","1977-02","0.252023629","A",
"5","8","1977-02","0.138121547","A",
"5","14","1977-02","0.575990875","A",
"5","15","1977-02","0.250384362","A",
"5","16","1977-02","0.031210986","A",
"5","17","1977-02","0.265301399","A",
"5","18","1977-02","0.276279265","A",
"5","20","1977-02","0.11408553","A",
"6","Total","1977-02","0.335482673","A",
"6","3","1977-02","0.37897653","A",
"6","4","1977-02","0.140193467","A",
"6","5","1977-02","0.169973047","A",
"6","6","1977-02","0.302371728","A",
"6","7","1977-02","0.263134813","A",
"6","9","1977-02","0.502658289","A",
"7","Total","1977-02","0.776890958","A",
"7","21","1977-02","0.776890958","A",
"Total","Total","1977-01","0.700219008","A",
"1","Total","1977-01","1.032449249","A",
"1","22","1977-01","0.699295059","A",
"1","23","1977-01","2.722572848","A",
"1","25","1977-01","0.630423671","A",
"2","Total","1977-01","0.824253174","A",
"2","2","1977-01","0.836189075","A",
"2","10","1977-01","0.860696961","A",
"2","11","1977-01","0.879414211","A",
"2","24","1977-01","0.953568889","A",
"2","26","1977-01",,"M",
"3","Total","1977-01","0.661677124","A",
"3","12","1977-01","1.220397723","A",
"3","13","1977-01","0.704030214","A",
"3","19","1977-01","0.316073568","A",
"4","Total","1977-01","0.671928825","A",
"4","1","1977-01","0.671928825","A",
"5","Total","1977-01","0.316741975","A",
"5","8","1977-01","0.154058649","A",
"5","14","1977-01","0.844026233","A",
"5","15","1977-01","0.267955194","A",
"5","16","1977-01","0.062421973","A",
"5","17","1977-01","0.32400639","A",
"5","18","1977-01","0.324726339","A",
"5","20","1977-01","0.148656902","A",
"6","Total","1977-01","0.378525733","A",
"6","3","1977-01","0.438896844","A",
"6","4","1977-01","0.14720314","A",
"6","5","1977-01","0.211252216","A",
"6","6","1977-01","0.311820845","A",
"6","7","1977-01","0.324532936","A",
"6","9","1977-01","0.499436121","A",
"7","Total","1977-01","0.801832761","A",
"7","21","1977-01","0.801832761","A",
"Total","Total","1976-12","0.580850978","A",
"1","Total","1976-12","0.63148852","A",
"1","22","1976-12","0.627913729","A",
"1","23","1976-12","0.779956134","A",
"1","25","1976-12","0.558744558","A",
"2","Total","1976-12","0.71054432","A",
"2","2","1976-12","0.734565653","A",
"2","10","1976-12","0.533479329","A",
"2","11","1976-12","0.772458429","A",
"2","24","1976-12","0.925591318","A",
"2","26","1976-12",,"M",
"3","Total","1976-12","0.622051527","A",
"3","12","1976-12","1.14695932","A",
"3","13","1976-12","0.639374378","A",
"3","19","1976-12","0.307895104","A",
"4","Total","1976-12","0.58643668","A",
"4","1","1976-12","0.58643668","A",
"5","Total","1976-12","0.288161975","A",
"5","8","1976-12","0.164683383","A",
"5","14","1976-12","0.681494155","A",
"5","15","1976-12","0.25477707","A",
"5","16","1976-12","0.078027466","A",
"5","17","1976-12","0.318361679","A",
"5","18","1976-12","0.236997853","A",
"5","20","1976-12","0.16363783","A",
"6","Total","1976-12","0.388653512","A",
"6","3","1976-12","0.420220382","A",
"6","4","1976-12","0.273377261","A",
"6","5","1976-12","0.257387757","A",
"6","6","1976-12","0.444108476","A",
"6","7","1976-12","0.333304096","A",
"6","9","1976-12","0.486547446","A",
"7","Total","1976-12","0.836936038","A",
"7","21","1976-12","0.836936038","A",
"Total","Total","1976-11","0.510451879","A",
"1","Total","1976-11","0.510313656","A",
"1","22","1976-11","0.608152796","A",
"1","23","1976-11","0.224922788","A",
"1","25","1976-11","0.517617198","A",
"2","Total","1976-11","0.613565357","A",
"2","2","1976-11","0.625053654","A",
"2","10","1976-11","0.39215187","A",
"2","11","1976-11","0.710296094","A",
"2","24","1976-11","0.853315925","A",
"2","26","1976-11",,"M",
"3","Total","1976-11","0.56319931","A",
"3","12","1976-11","1.045465798","A",
"3","13","1976-11","0.602428186","A",
"3","19","1976-11","0.263635183","A",
"4","Total","1976-11","0.53356418","A",
"4","1","1976-11","0.53356418","A",
"5","Total","1976-11","0.248008257","A",
"5","8","1976-11","0.106247344","A",
"5","14","1976-11","0.661534075","A",
"5","15","1976-11","0.23281353","A",
"5","16","1976-11","0.015605493","A",
"5","17","1976-11","0.259092218","A",
"5","18","1976-11","0.191169539","A",
"5","20","1976-11","0.160180693","A",
"6","Total","1976-11","0.398781291","A",
"6","3","1976-11","0.428780427","A",
"6","4","1976-11","0.371512688","A",
"6","5","1976-11","0.237962266","A",
"6","6","1976-11","0.321269961","A",
"6","7","1976-11","0.236821331","A",
"6","9","1976-11","0.586434671","A",
"7","Total","1976-11","0.754720467","A",
"7","21","1976-11","0.754720467","A",
"Total","Total","1976-10","0.433476858","A",
"1","Total","1976-10","0.442534545","A",
"1","22","1976-10","0.52870578","A",
"1","23","1976-10","0.152186563","A",
"1","25","1976-10","0.469439434","A",
"2","Total","1976-10","0.549638131","A",
"2","2","1976-10","0.553824451","A",
"2","10","1976-10","0.325944411","A",
"2","11","1976-10","0.670987558","A",
"2","24","1976-10","0.77404614","A",
"2","26","1976-10",,"M",
"3","Total","1976-10","0.444791462","A",
"3","12","1976-10","0.798745771","A",
"3","13","1976-10","0.501852441","A",
"3","19","1976-10","0.211677884","A",
"4","Total","1976-10","0.453090442","A",
"4","1","1976-10","0.453090442","A",
"5","Total","1976-10","0.188722474","A",
"5","8","1976-10","0.079685508","A",
"5","14","1976-10","0.530367836","A",
"5","15","1976-10","0.193279157","A",
"5","16","1976-10","0.031210986","A",
"5","17","1976-10","0.189097806","A",
"5","18","1976-10","0.13093804","A",
"5","20","1976-10","0.134828353","A",
"6","Total","1976-10","0.298769475","A",
"6","3","1976-10","0.336176306","A",
"6","4","1976-10","0.12617412","A",
"6","5","1976-10","0.150547556","A",
"6","6","1976-10","0.321269961","A",
"6","7","1976-10","0.114025086","A",
"6","9","1976-10","0.480103109","A",
"7","Total","1976-10","0.708531944","A",
"7","21","1976-10","0.708531944","A",
"Total","Total","1976-09","0.433643759","A",
"1","Total","1976-09","0.426968993","A",
"1","22","1976-09","0.490797051","A",
"1","23","1976-09","0.137639318","A",
"1","25","1976-09","0.485890378","A",
"2","Total","1976-09","0.565823961","A",
"2","2","1976-09","0.5805064","A",
"2","10","1976-09","0.309392547","A",
"2","11","1976-09","0.69018475","A",
"2","24","1976-09","0.769383211","A",
"2","26","1976-09",,"M",
"3","Total","1976-09","0.44197781","A",
"3","12","1976-09","0.804521825","A",
"3","13","1976-09","0.465932532","A",
"3","19","1976-09","0.219375262","A",
"4","Total","1976-09","0.478720163","A",
"4","1","1976-09","0.478720163","A",
"5","Total","1976-09","0.180219334","A",
"5","8","1976-09","0.084997875","A",
"5","14","1976-09","0.496150556","A",
"5","15","1976-09","0.180101032","A",
"5","16","1976-09","0.031210986","A",
"5","17","1976-09","0.190226748","A",
"5","18","1976-09","0.119153617","A",
"5","20","1976-09","0.117542667","A",
"6","Total","1976-09","0.273028037","A",
"6","3","1976-09","0.301936127","A",
"6","4","1976-09","0.14720314","A",
"6","5","1976-09","0.128693879","A",
"6","6","1976-09","0.245677029","A",
"6","7","1976-09","0.131567406","A",
"6","9","1976-09","0.463992267","A",
"7","Total","1976-09","0.644791782","A",
"7","21","1976-09","0.644791782","A",
"Total","Total","1976-08","0.470362113","A",
"1","Total","1976-08","0.422831315","A",
"1","22","1976-08","0.513784259","A",
"1","23","1976-08","0.128687167","A",
"1","25","1976-08","0.444763018","A",
"2","Total","1976-08","0.652737785","A",
"2","2","1976-08","0.684449992","A",
"2","10","1976-08","0.295387123","A",
"2","11","1976-08","0.795312229","A",
"2","24","1976-08","0.870801907","A",
"2","26","1976-08",,"M",
"3","Total","1976-08","0.475976103","A",
"3","12","1976-08","0.78389306","A",
"3","13","1976-08","0.518272971","A",
"3","19","1976-08","0.276624507","A",
"4","Total","1976-08","0.535177239","A",
"4","1","1976-08","0.535177239","A",
"5","Total","1976-08","0.198170408","A",
"5","8","1976-08","0.127496813","A",
"5","14","1976-08","0.635871115","A",
"5","15","1976-08","0.224028113","A",
"5","16","1976-08","0.031210986","A",
"5","17","1976-08","0.186275451","A",
"5","18","1976-08","0.095584769","A",
"5","20","1976-08","0.156723556","A",
"6","Total","1976-08","0.273872019","A",
"6","3","1976-08","0.291041524","A",
"6","4","1976-08","0.06308706","A",
"6","5","1976-08","0.123837506","A",
"6","6","1976-08","0.321269961","A",
"6","7","1976-08","0.096482765","A",
"6","9","1976-08","0.547768648","A",
"7","Total","1976-08","0.593060636","A",
"7","21","1976-08","0.593060636","A",
"Total","Total","1976-07","0.514791321","A",
"1","Total","1976-07","0.454553515","A",
"1","22","1976-07","0.546450291","A",
"1","23","1976-07","0.140996374","A",
"1","25","1976-07","0.485302844","A",
"2","Total","1976-07","0.699391059","A",
"2","2","1976-07","0.740598093","A",
"2","10","1976-07","0.295387123","A",
"2","11","1976-07","0.880328363","A",
"2","24","1976-07","0.880127764","A",
"2","26","1976-07",,"M",
"3","Total","1976-07","0.543503747","A",
"3","12","1976-07","0.819374536","A",
"3","13","1976-07","0.648610926","A",
"3","19","1976-07","0.333392667","A",
"4","Total","1976-07","0.608123367","A",
"4","1","1976-07","0.608123367","A",
"5","Total","1976-07","0.255094208","A",
"5","8","1976-07","0.122184445","A",
"5","14","1976-07","0.761334474","A",
"5","15","1976-07","0.263562486","A",
"5","16","1976-07","0.062421973","A",
"5","17","1976-07","0.268123755","A",
"5","18","1976-07","0.116534856","A",
"5","20","1976-07","0.186685412","A",
"6","Total","1976-07","0.280623871","A",
"6","3","1976-07","0.291041524","A",
"6","4","1976-07","0.070096733","A",
"6","5","1976-07","0.167544861","A",
"6","6","1976-07","0.274024379","A",
"6","7","1976-07","0.087711604","A",
"6","9","1976-07","0.557435154","A",
"7","Total","1976-07","0.477589329","A",
"7","21","1976-07","0.477589329","A",
"Total","Total","1976-06","0.656991492","A",
"1","Total","1976-06","0.567453023","A",
"1","22","1976-06","0.696472069","A",
"1","23","1976-06","0.165614789","A",
"1","25","1976-06","0.590471378","A",
"2","Total","1976-06","0.922728305","A",
"2","2","1976-06","0.936652413","A",
"2","10","1976-06","0.378146446","A",
"2","11","1976-06","1.203938167","A",
"2","24","1976-06","1.320774512","A",
"2","26","1976-06",,"M",
"3","Total","1976-06","0.702006134","A",
"3","12","1976-06","1.071045466","A",
"3","13","1976-06","0.783054013","A",
"3","19","1976-06","0.448853331","A",
"4","Total","1976-06","0.763693978","A",
"4","1","1976-06","0.763693978","A",
"5","Total","1976-06","0.338944619","A",
"5","8","1976-06","0.239056524","A",
"5","14","1976-06","1.003706872","A",
"5","15","1976-06","0.351416648","A",
"5","16","1976-06","0.062421973","A",
"5","17","1976-06","0.336424753","A",
"5","18","1976-06","0.172838213","A",
"5","20","1976-06","0.260437674","A",
"6","Total","1976-06","0.357848185","A",
"6","3","1976-06","0.357965511","A",
"6","4","1976-06","0.098135427","A",
"6","5","1976-06","0.264672316","A",
"6","6","1976-06","0.274024379","A",
"6","7","1976-06","0.078940444","A",
"6","9","1976-06","0.731432254","A",
"7","Total","1976-06","0.443409822","A",
"7","21","1976-06","0.443409822","A",
"Total","Total","1976-05","0.763074154","A",
"1","Total","1976-05","0.661437429","A",
"1","22","1976-05","0.808585117","A",
"1","23","1976-05","0.239470033","A",
"1","25","1976-05","0.668613362","A",
"2","Total","1976-05","1.004201515","A",
"2","2","1976-05","1.021338599","A",
"2","10","1976-05","0.360321361","A",
"2","11","1976-05","1.296267517","A",
"2","24","1976-05","1.492137137","A",
"2","26","1976-05",,"M",
"3","Total","1976-05","0.833309886","A",
"3","12","1976-05","1.255054047","A",
"3","13","1976-05","0.929812498","A",
"3","19","1976-05","0.542184035","A",
"4","Total","1976-05","0.880192707","A",
"4","1","1976-05","0.880192707","A",
"5","Total","1976-05","0.445706268","A",
"5","8","1976-05","0.260305992","A",
"5","14","1976-05","1.180496151","A",
"5","15","1976-05","0.34702394","A",
"5","16","1976-05","0.046816479","A",
"5","17","1976-05","0.484316172","A",
"5","18","1976-05","0.235688472","A",
"5","20","1976-05","0.350323242","A",
"6","Total","1976-05","0.427054673","A",
"6","3","1976-05","0.437340472","A",
"6","4","1976-05","0.16823216","A",
"6","5","1976-05","0.354515213","A",
"6","6","1976-05","0.359066427","A",
"6","7","1976-05","0.087711604","A",
"6","9","1976-05","0.747543097","A",
"7","Total","1976-05","0.698370469","A",
"7","21","1976-05","0.698370469","A",
"Total","Total","1976-04","0.865752024","A",
"1","Total","1976-04","0.758574353","A",
"1","22","1976-04","0.935216402","A",
"1","23","1976-04","0.297659013","A",
"1","25","1976-04","0.743230143","A",
"2","Total","1976-04","1.091659401","A",
"2","2","1976-04","1.069366107","A",
"2","10","1976-04","0.425255599","A",
"2","11","1976-04","1.417849732","A",
"2","24","1976-04","1.785901636","A",
"2","26","1976-04",,"M",
"3","Total","1976-04","1.019010908","A",
"3","12","1976-04","1.302087631","A",
"3","13","1976-04","1.084781248","A",
"3","19","1976-04","0.823138317","A",
"4","Total","1976-04","0.970524029","A",
"4","1","1976-04","0.970524029","A",
"5","Total","1976-04","0.532391059","A",
"5","8","1976-04","0.371865703","A",
"5","14","1976-04","1.30595951","A",
"5","15","1976-04","0.329453108","A",
"5","16","1976-04","0.046816479","A",
"5","17","1976-04","0.593259087","A",
"5","18","1976-04","0.290682449","A",
"5","20","1976-04","0.432142157","A",
"6","Total","1976-04","0.500481069","A",
"6","3","1976-04","0.536948266","A",
"6","4","1976-04","0.245338567","A",
"6","5","1976-04","0.332661535","A",
"6","6","1976-04","0.444108476","A",
"6","7","1976-04","0.157880888","A",
"6","9","1976-04","0.834541647","A",
"7","Total","1976-04","0.793518826","A",
"7","21","1976-04","0.793518826","A",
"Total","Total","1976-03","0.933781119","A",
"1","Total","1976-03","0.865562892","A",
"1","22","1976-03","1.015066703","A",
"1","23","1976-03","0.559509422","A",
"1","25","1976-03","0.808446385","A",
"2","Total","1976-03","1.153002335","A",
"2","2","1976-03","1.09187175","A",
"2","10","1976-03","0.480004074","A",
"2","11","1976-03","1.530290426","A",
"2","24","1976-03","2.005059277","A",
"2","26","1976-03",,"M",
"3","Total","1976-03","1.062153569","A",
"3","12","1976-03","1.279808565","A",
"3","13","1976-03","1.078623549","A",
"3","19","1976-03","0.927534001","A",
"4","Total","1976-03","1.025188818","A",
"4","1","1976-03","1.025188818","A",
"5","Total","1976-03","0.608210727","A",
"5","8","1976-03","0.419677008","A",
"5","14","1976-03","1.343028229","A",
"5","15","1976-03","0.373380189","A",
"5","16","1976-03","0.062421973","A",
"5","17","1976-03","0.692605994","A",
"5","18","1976-03","0.343057665","A",
"5","20","1976-03","0.515113452","A",
"6","Total","1976-03","0.576861401","A",
"6","3","1976-03","0.599203138","A",
"6","4","1976-03","0.350483667","A",
"6","5","1976-03","0.359371585","A",
"6","6","1976-03","0.425210243","A",
"6","7","1976-03","0.192965529","A",
"6","9","1976-03","1.069759948","A",
"7","Total","1976-03","0.842478661","A",
"7","21","1976-03","0.842478661","A",
"Total","Total","1976-02","1.075380444","A",
"1","Total","1976-02","1.182784894","A",
"1","22","1976-02","1.121130487","A",
"1","23","1976-02","1.986258449","A",
"1","25","1976-02","0.850748812","A",
"2","Total","1976-02","1.261814636","A",
"2","2","1976-02","1.184214495","A",
"2","10","1976-02","0.645522721","A",
"2","11","1976-02","1.609821649","A",
"2","24","1976-02","2.220719723","A",
"2","26","1976-02",,"M",
"3","Total","1976-02","1.180092475","A",
"3","12","1976-02","1.375526034","A",
"3","13","1976-02","1.155594782","A",
"3","19","1976-02","1.077632864","A",
"4","Total","1976-02","1.11552014","A",
"4","1","1976-02","1.11552014","A",
"5","Total","1976-02","0.72016874","A",
"5","8","1976-02","0.573735657","A",
"5","14","1976-02","1.556886228","A",
"5","15","1976-02","0.443663519","A",
"5","16","1976-02","0.109238452","A",
"5","17","1976-02","0.811144917","A",
"5","18","1976-02","0.400670403","A",
"5","20","1976-02","0.626894223","A",
"6","Total","1976-02","0.687844977","A",
"6","3","1976-02","0.734607483","A",
"6","4","1976-02","0.378522361","A",
"6","5","1976-02","0.475924532","A",
"6","6","1976-02","0.481904942","A",
"6","7","1976-02","0.236821331","A",
"6","9","1976-02","1.15353633","A",
"7","Total","1976-02","0.923770462","A",
"7","21","1976-02","0.923770462","A",
"Total","Total","1976-01","1.054117179","A",
"1","Total","1976-01","1.150668629","A",
"1","22","1976-01","1.07596264","A",
"1","23","1976-01","1.757978604","A",
"1","25","1976-01","0.940641469","A",
"2","Total","1976-01","1.220329946","A",
"2","2","1976-01","1.121801936","A",
"2","10","1976-01","0.584408144","A",
"2","11","1976-01","1.540346098","A",
"2","24","1976-01","2.323304151","A",
"2","26","1976-01",,"M",
"3","Total","1976-01","1.113268244","A",
"3","12","1976-01","1.372225431","A",
"3","13","1976-01","1.137121686","A",
"3","19","1976-01","0.95110722","A",
"4","Total","1976-01","1.088456589","A",
"4","1","1976-01","1.088456589","A",
"5","Total","1976-01","0.75583469","A",
"5","8","1976-01","0.568423289","A",
"5","14","1976-01","1.534074708","A",
"5","15","1976-01","0.518339556","A",
"5","16","1976-01","0.078027466","A",
"5","17","1976-01","0.875494618","A",
"5","18","1976-01","0.382339077","A",
"5","20","1976-01","0.678751282","A",
"6","Total","1976-01","0.735107945","A",
"6","3","1976-01","0.764178547","A",
"6","4","1976-01","0.427590074","A",
"6","5","1976-01","0.514775514","A",
"6","6","1976-01","0.481904942","A",
"6","7","1976-01","0.245592492","A",
"6","9","1976-01","1.314644756","A",
"7","Total","1976-01","0.927465543","A",
"7","21","1976-01","0.927465543","A",
"Total","Total","1975-12","0.876500487","A",
"1","Total","1975-12","0.818078108","A",
"1","22","1975-12","0.914245616","A",
"1","23","1975-12","0.684839533","A",
"1","25","1975-12","0.747930413","A",
"2","Total","1975-12","1.059559773","A",
"2","2","1975-12","0.979343531","A",
"2","10","1975-12","0.509288142","A",
"2","11","1975-12","1.402309148","A",
"2","24","1975-12","1.905972046","A",
"2","26","1975-12",,"M",
"3","Total","1975-12","0.864260056","A",
"3","12","1975-12","1.075996369","A",
"3","13","1975-12","0.992415768","A",
"3","19","1975-12","0.680736831","A",
"4","Total","1975-12","0.928226029","A",
"4","1","1975-12","0.928226029","A",
"5","Total","1975-12","0.647419651","A",
"5","8","1975-12","0.440926477","A",
"5","14","1975-12","1.382948389","A",
"5","15","1975-12","0.461234351","A",
"5","16","1975-12","0.078027466","A",
"5","17","1975-12","0.766551703","A",
"5","18","1975-12","0.233069711","A",
"5","20","1975-12","0.607303779","A",
"6","Total","1975-12","0.74818966","A",
"6","3","1975-12","0.766513105","A",
"6","4","1975-12","0.252348241","A",
"6","5","1975-12","0.444358109","A",
"6","6","1975-12","0.453557592","A",
"6","7","1975-12","0.850802561","A",
"6","9","1975-12","1.366199452","A",
"7","Total","1975-12","0.865572922","A",
"7","21","1975-12","0.865572922","A",
"Total","Total","1975-11","0.678154616","A",
"1","Total","1975-11","0.623016131","A",
"1","22","1975-11","0.699698343","A",
"1","23","1975-11","0.293182937","A",
"1","25","1975-11","0.684476772","A",
"2","Total","1975-11","0.814732097","A",
"2","2","1975-11","0.731317415","A",
"2","10","1975-11","0.379419666","A",
"2","11","1975-11","1.12257864","A",
"2","24","1975-11","1.529440565","A",
"2","26","1975-11",,"M",
"3","Total","1975-11","0.700599308","A",
"3","12","1975-11","0.843303903","A",
"3","13","1975-11","0.815895073","A",
"3","19","1975-11","0.563351823","A",
"4","Total","1975-11","0.693973969","A",
"4","1","1975-11","0.693973969","A",
"5","Total","1975-11","0.513967589","A",
"5","8","1975-11","0.377178071","A",
"5","14","1975-11","1.28314799","A",
"5","15","1975-11","0.320667692","A",
"5","16","1975-11","0.078027466","A",
"5","17","1975-11","0.592130144","A",
"5","18","1975-11","0.164981931","A",
"5","20","1975-11","0.463256393","A",
"6","Total","1975-11","0.55998177","A",
"6","3","1975-11","0.647450663","A",
"6","4","1975-11","0.182251507","A",
"6","5","1975-11","0.286525994","A",
"6","6","1975-11","0.330719078","A",
"6","7","1975-11","0.157880888","A",
"6","9","1975-11","0.960206219","A",
"7","Total","1975-11","0.73994014","A",
"7","21","1975-11","0.73994014","A",
"Total","Total","1975-10","0.525940349","A",
"1","Total","1975-10","0.47208939","A",
"1","22","1975-10","0.507734994","A",
"1","23","1975-10","0.179043015","A",
"1","25","1975-10","0.574020434","A",
"2","Total","1975-10","0.657498324","A",
"2","2","1975-10","0.596051536","A",
"2","10","1975-10","0.269922716","A",
"2","11","1975-10","0.883070819","A",
"2","24","1975-10","1.267150834","A",
"2","26","1975-10",,"M",
"3","Total","1975-10","0.524980539","A",
"3","12","1975-10","0.617212641","A",
"3","13","1975-10","0.534693501","A",
"3","19","1975-10","0.466653517","A",
"4","Total","1975-10","0.535535697","A",
"4","1","1975-10","0.535535697","A",
"5","Total","1975-10","0.364217841","A",
"5","8","1975-10","0.16999575","A",
"5","14","1975-10","1.000855432","A",
"5","15","1975-10","0.241598946","A",
"5","16","1975-10","0","A",
"5","17","1975-10","0.426740123","A",
"5","18","1975-10","0.06546902","A",
"5","20","1975-10","0.343408968","A",
"6","Total","1975-10","0.3983593","A",
"6","3","1975-10","0.441231401","A",
"6","4","1975-10","0.077106407","A",
"6","5","1975-10","0.17482942","A",
"6","6","1975-10","0.255126146","A",
"6","7","1975-10","0.070169283","A",
"6","9","1975-10","0.834541647","A",
"7","Total","1975-10","0.751025385","A",
"7","21","1975-10","0.751025385","A",
"Total","Total","1975-09","0.415551625","A",
"1","Total","1975-09","0.388744727","A",
"1","22","1975-09","0.412559888","A",
"1","23","1975-09","0.114139922","A",
"1","25","1975-09","0.498228586","A",
"2","Total","1975-09","0.526923563","A",
"2","2","1975-09","0.431087487","A",
"2","10","1975-09","0.211354579","A",
"2","11","1975-09","0.764231061","A",
"2","24","1975-09","1.182052388","A",
"2","26","1975-09",,"M",
"3","Total","1975-09","0.436116035","A",
"3","12","1975-09","0.412575295","A",
"3","13","1975-09","0.447459436","A",
"3","19","1975-09","0.444523556","A",
"4","Total","1975-09","0.424951519","A",
"4","1","1975-09","0.424951519","A",
"5","Total","1975-09","0.288634372","A",
"5","8","1975-09","0.164683383","A",
"5","14","1975-09","0.804106074","A",
"5","15","1975-09","0.188886448","A",
"5","16","1975-09","0","A",
"5","17","1975-09","0.330215571","A",
"5","18","1975-09","0.037972032","A",
"5","20","1975-09","0.29039953","A",
"6","Total","1975-09","0.308053272","A",
"6","3","1975-09","0.311274357","A",
"6","4","1975-09","0.06308706","A",
"6","5","1975-09","0.11412476","A",
"6","6","1975-09","0.160634981","A",
"6","7","1975-09","0.017542321","A",
"6","9","1975-09","0.821652972","A",
"7","Total","1975-09","0.387059823","A",
"7","21","1975-09","0.387059823","A",
"Total","Total","1975-08","0.337608574","A",
"1","Total","1975-08","0.314266518","A",
"1","22","1975-08","0.341985127","A",
"1","23","1975-08","0.083926413","A",
"1","25","1975-08","0.394822653","A",
"2","Total","1975-08","0.415935017","A",
"2","2","1975-08","0.327839945","A",
"2","10","1975-08","0.196075935","A",
"2","11","1975-08","0.585971424","A",
"2","24","1975-08","0.990872317","A",
"2","26","1975-08",,"M",
"3","Total","1975-08","0.37796723","A",
"3","12","1975-08","0.327584784","A",
"3","13","1975-08","0.395118998","A",
"3","19","1975-08","0.399301463","A",
"4","Total","1975-08","0.360608374","A",
"4","1","1975-08","0.360608374","A",
"5","Total","1975-08","0.228639994","A",
"5","8","1975-08","0.154058649","A",
"5","14","1975-08","0.650128315","A",
"5","15","1975-08","0.175708324","A",
"5","16","1975-08","0","A",
"5","17","1975-08","0.252318565","A",
"5","18","1975-08","0.023568847","A",
"5","20","1975-08","0.237390092","A",
"6","Total","1975-08","0.257836369","A",
"6","3","1975-08","0.245128556","A",
"6","4","1975-08","0.035048367","A",
"6","5","1975-08","0.097127456","A",
"6","6","1975-08","0.141736748","A",
"6","7","1975-08","0.026313481","A",
"6","9","1975-08","0.750765265","A",
"7","Total","1975-08","0.238332779","A",
"7","21","1975-08","0.238332779","A",
"Total","Total","1975-07","0.284634003","A",
"1","Total","1975-07","0.295154385","A",
"1","22","1975-07","0.311335516","A",
"1","23","1975-07","0.073855244","A",
"1","25","1975-07","0.387772248","A",
"2","Total","1975-07","0.306034594","A",
"2","2","1975-07","0.247330065","A",
"2","10","1975-07","0.152786443","A",
"2","11","1975-07","0.433308042","A",
"2","24","1975-07","0.687781961","A",
"2","26","1975-07",,"M",
"3","Total","1975-07","0.353816719","A",
"3","12","1975-07","0.328409935","A",
"3","13","1975-07","0.340725993","A",
"3","19","1975-07","0.374766072","A",
"4","Total","1975-07","0.307735874","A",
"4","1","1975-07","0.307735874","A",
"5","Total","1975-07","0.198642804","A",
"5","8","1975-07","0.122184445","A",
"5","14","1975-07","0.695751354","A",
"5","15","1975-07","0.101032286","A",
"5","16","1975-07","0","A",
"5","17","1975-07","0.194742517","A",
"5","18","1975-07","0.014403184","A",
"5","20","1975-07","0.224713922","A",
"6","Total","1975-07","0.226609051","A",
"6","3","1975-07","0.192990101","A",
"6","4","1975-07","0","A",
"6","5","1975-07","0.077701964","A",
"6","6","1975-07","0.198431447","A",
"6","7","1975-07","0.017542321","A",
"6","9","1975-07","0.753987434","A",
"7","Total","1975-07","0.161659831","A",
"7","21","1975-07","0.161659831","A",
"Total","Total","1975-06","0.251387203","A",
"1","Total","1975-06","0.257324183","A",
"1","22","1975-06","0.262134826","A",
"1","23","1975-06","0.061546036","A",
"1","25","1975-06","0.35310776","A",
"2","Total","1975-06","0.265910058","A",
"2","2","1975-06","0.241993675","A",
"2","10","1975-06","0.122229154","A",
"2","11","1975-06","0.302584308","A",
"2","24","1975-06","0.565380087","A",
"2","26","1975-06",,"M",
"3","Total","1975-06","0.331541975","A",
"3","12","1975-06","0.318508128","A",
"3","13","1975-06","0.345857408","A",
"3","19","1975-06","0.332430495","A",
"4","Total","1975-06","0.267409391","A",
"4","1","1975-06","0.267409391","A",
"5","Total","1975-06","0.181636524","A",
"5","8","1975-06","0.095622609","A",
"5","14","1975-06","0.615911035","A",
"5","15","1975-06","0.057105205","A",
"5","16","1975-06","0","A",
"5","17","1975-06","0.177808385","A",
"5","18","1975-06","0.020950086","A",
"5","20","1975-06","0.220104406","A",
"6","Total","1975-06","0.184831963","A",
"6","3","1975-06","0.154858993","A",
"6","4","1975-06","0","A",
"6","5","1975-06","0.053420101","A",
"6","6","1975-06","0.056694699","A",
"6","7","1975-06","0","A",
"6","9","1975-06","0.679877558","A",
"7","Total","1975-06","0.145031962","A",
"7","21","1975-06","0.145031962","A",
"Total","Total","1975-05","0.21787336","A",
"1","Total","1975-05","0.250822117","A",
"1","22","1975-05","0.240357471","A",
"1","23","1975-05","0.078331319","A",
"1","25","1975-05","0.356632962","A",
"2","Total","1975-05","0.238842999","A",
"2","2","1975-05","0.217167862","A",
"2","10","1975-05","0.129868476","A",
"2","11","1975-05","0.28978618","A",
"2","24","1975-05","0.467458587","A",
"2","26","1975-05",,"M",
"3","Total","1975-05","0.276441293","A",
"3","12","1975-05","0.254146382","A",
"3","13","1975-05","0.309937499","A",
"3","19","1975-05","0.273737991","A",
"4","Total","1975-05","0.206113136","A",
"4","1","1975-05","0.206113136","A",
"5","Total","1975-05","0.143844789","A",
"5","8","1975-05","0.111559711","A",
"5","14","1975-05","0.464784716","A",
"5","15","1975-05","0.109817703","A",
"5","16","1975-05","0","A",
"5","17","1975-05","0.137166468","A",
"5","18","1975-05","0.023568847","A",
"5","20","1975-05","0.160180693","A",
"6","Total","1975-05","0.156558581","A",
"6","3","1975-05","0.129178858","A",
"6","4","1975-05","0","A",
"6","5","1975-05","0.046135541","A",
"6","6","1975-05","0.085042049","A",
"6","7","1975-05","0","A",
"6","9","1975-05","0.570323828","A",
"7","Total","1975-05","0.174592617","A",
"7","21","1975-05","0.174592617","A",
"Total","Total","1975-04","0.188966001","A",
"1","Total","1975-04","0.229542629","A",
"1","22","1975-04","0.217370263","A",
"1","23","1975-04","0.052593886","A",
"1","25","1975-04","0.340182018","A",
"2","Total","1975-04","0.204567124","A",
"2","2","1975-04","0.208583235","A",
"2","10","1975-04","0.114589832","A",
"2","11","1975-04","0.228537997","A",
"2","24","1975-04","0.308919017","A",
"2","26","1975-04",,"M",
"3","Total","1975-04","0.247835833","A",
"3","12","1975-04","0.291278158","A",
"3","13","1975-04","0.315068915","A",
"3","19","1975-04","0.190991182","A",
"4","Total","1975-04","0.155032924","A",
"4","1","1975-04","0.155032924","A",
"5","Total","1975-04","0.140774211","A",
"5","8","1975-04","0.127496813","A",
"5","14","1975-04","0.436270317","A",
"5","15","1975-04","0.166922908","A",
"5","16","1975-04","0","A",
"5","17","1975-04","0.123619163","A",
"5","18","1975-04","0.03142513","A",
"5","20","1975-04","0.159028314","A",
"6","Total","1975-04","0.122799318","A",
"6","3","1975-04","0.10427691","A",
"6","4","1975-04","0","A",
"6","5","1975-04","0.036422796","A",
"6","6","1975-04","0.056694699","A",
"6","7","1975-04","0","A",
"6","9","1975-04","0.438214919","A",
"7","Total","1975-04","0.169049994","A",
"7","21","1975-04","0.169049994","A",
"Total","Total","1975-03","0.133788329","A",
"1","Total","1975-03","0.187574749","A",
"1","22","1975-03","0.195189624","A",
"1","23","1975-03","0.027975471","A",
"1","25","1975-03","0.260277433","A",
"2","Total","1975-03","0.163082435","A",
"2","2","1975-03","0.161251778","A",
"2","10","1975-03","0.115863052","A",
"2","11","1975-03","0.152663382","A",
"2","24","1975-03","0.286770106","A",
"2","26","1975-03",,"M",
"3","Total","1975-03","0.123800681","A",
"3","12","1975-03","0.185658883","A",
"3","13","1975-03","0.111864859","A",
"3","19","1975-03","0.093330703","A",
"4","Total","1975-03","0.104848856","A",
"4","1","1975-03","0.104848856","A",
"5","Total","1975-03","0.085267601","A",
"5","8","1975-03","0.063748406","A",
"5","14","1975-03","0.245223838","A",
"5","15","1975-03","0.035141665","A",
"5","16","1975-03","0","A",
"5","17","1975-03","0.094831138","A",
"5","18","1975-03","0.024878228","A",
"5","20","1975-03","0.078361778","A",
"6","Total","1975-03","0.073426396","A",
"6","3","1975-03","0.084044076","A",
"6","4","1975-03","0","A",
"6","5","1975-03","0.02671005","A",
"6","6","1975-03","0.018898233","A",
"6","7","1975-03","0","A",
"6","9","1975-03","0.170774932","A",
"7","Total","1975-03","0.193068026","A",
"7","21","1975-03","0.193068026","A",
"Total","Total","1975-02","0.092163068","A",
"1","Total","1975-02","0.158216937","A",
"1","22","1975-02","0.158087464","A",
"1","23","1975-02","0.02909449","A",
"1","25","1975-02","0.226200478","A",
"2","Total","1975-02","0.097114978","A",
"2","2","1975-02","0.100231321","A",
"2","10","1975-02","0.066207459","A",
"2","11","1975-02","0.064904791","A",
"2","24","1975-02","0.18535141","A",
"2","26","1975-02",,"M",
"3","Total","1975-02","0.056273037","A",
"3","12","1975-02","0.109745028","A",
"3","13","1975-02","0.054393005","A",
"3","19","1975-02","0.025978649","A",
"4","Total","1975-02","0.07097461","A",
"4","1","1975-02","0.07097461","A",
"5","Total","1975-02","0.067552725","A",
"5","8","1975-02","0.053123672","A",
"5","14","1975-02","0.236669518","A",
"5","15","1975-02","0.052712497","A",
"5","16","1975-02","0","A",
"5","17","1975-02","0.067172056","A",
"5","18","1975-02","0.017021945","A",
"5","20","1975-02","0.056466575","A",
"6","Total","1975-02","0.06456459","A",
"6","3","1975-02","0.072371288","A",
"6","4","1975-02","0","A",
"6","5","1975-02","0.007284559","A",
"6","6","1975-02","0.056694699","A",
"6","7","1975-02","0","A",
"6","9","1975-02","0.164330594","A",
"7","Total","1975-02","0.156117208","A",
"7","21","1975-02","0.156117208","A",
"Total","Total","1975-01","0.071066705","A",
"1","Total","1975-01","0.122751123","A",
"1","22","1975-01","0.12058202","A",
"1","23","1975-01","0.043641735","A",
"1","25","1975-01","0.167447107","A",
"2","Total","1975-01","0.067735657","A",
"2","2","1975-01","0.070301135","A",
"2","10","1975-01","0.080212882","A",
"2","11","1975-01","0.035651927","A",
"2","24","1975-01","0.108413089","A",
"2","26","1975-01",,"M",
"3","Total","1975-01","0.022509215","A",
"3","12","1975-01","0.066837198","A",
"3","13","1975-01","0.014367964","A",
"3","19","1975-01","0.000481086","A",
"4","Total","1975-01","0.050004839","A",
"4","1","1975-01","0.050004839","A",
"5","Total","1975-01","0.06117537","A",
"5","8","1975-01","0.005312367","A",
"5","14","1975-01","0.259481038","A",
"5","15","1975-01","0.048319789","A",
"5","16","1975-01","0","A",
"5","17","1975-01","0.071687825","A",
"5","18","1975-01","0.014403184","A",
"5","20","1975-01","0.020742824","A",
"6","Total","1975-01","0.067518525","A",
"6","3","1975-01","0.083265891","A",
"6","4","1975-01","0","A",
"6","5","1975-01","0.009712746","A",
"6","6","1975-01","0.047245583","A",
"6","7","1975-01","0","A",
"6","9","1975-01","0.141775415","A",
"7","Total","1975-01","0.197686879","A",
"7","21","1975-01","0.197686879","A",